# OBJ file
v 0.000000 -25.800001 -122.364670
v 0.000000 0.000000 -122.364670
v 0.000923 -0.000000 -122.407639
f -3 -2 -1
v 0.000000 -25.800001 -122.364670
v 0.000923 -0.000000 -122.407639
v 0.000923 -25.800001 -122.407639
f -3 -2 -1
v 0.000923 -0.000000 -122.407639
v 0.003692 -0.000000 -122.450523
v 0.000923 -25.800001 -122.407639
f -3 -2 -1
v 0.000923 -25.800001 -122.407639
v 0.003692 -0.000000 -122.450523
v 0.003692 -25.800001 -122.450523
f -3 -2 -1
v 0.003692 -0.000000 -122.450523
v 0.008300 -0.000000 -122.493248
v 0.003692 -25.800001 -122.450523
f -3 -2 -1
v 0.003692 -25.800001 -122.450523
v 0.008300 -0.000000 -122.493248
v 0.008300 -25.800001 -122.493248
f -3 -2 -1
v 0.008300 -0.000000 -122.493248
v 0.014741 -0.000000 -122.535736
v 0.008300 -25.800001 -122.493248
f -3 -2 -1
v 0.008300 -25.800001 -122.493248
v 0.014741 -0.000000 -122.535736
v 0.014741 -25.800001 -122.535736
f -3 -2 -1
v 0.014741 -0.000000 -122.535736
v 0.023000 -0.000000 -122.577911
v 0.014741 -25.800001 -122.535736
f -3 -2 -1
v 0.014741 -25.800001 -122.535736
v 0.023000 -0.000000 -122.577911
v 0.023000 -25.800001 -122.577911
f -3 -2 -1
v 0.023000 -0.000000 -122.577911
v 0.033064 -0.000000 -122.619690
v 0.023000 -25.800001 -122.577911
f -3 -2 -1
v 0.023000 -25.800001 -122.577911
v 0.033064 -0.000000 -122.619690
v 0.033064 -25.800001 -122.619690
f -3 -2 -1
v 0.033064 -0.000000 -122.619690
v 0.044914 -0.000000 -122.661003
v 0.033064 -25.800001 -122.619690
f -3 -2 -1
v 0.033064 -25.800001 -122.619690
v 0.044914 -0.000000 -122.661003
v 0.044914 -25.800001 -122.661003
f -3 -2 -1
v 0.044914 -0.000000 -122.661003
v 0.058528 -0.000000 -122.701767
v 0.044914 -25.800001 -122.661003
f -3 -2 -1
v 0.044914 -25.800001 -122.661003
v 0.058528 -0.000000 -122.701767
v 0.058528 -25.800001 -122.701767
f -3 -2 -1
v 0.058528 -0.000000 -122.701767
v 0.073880 -0.000000 -122.741898
v 0.058528 -25.800001 -122.701767
f -3 -2 -1
v 0.058528 -25.800001 -122.701767
v 0.073880 -0.000000 -122.741898
v 0.073880 -25.800001 -122.741898
f -3 -2 -1
v 0.073880 -0.000000 -122.741898
v 0.090943 -0.000000 -122.781342
v 0.073880 -25.800001 -122.741898
f -3 -2 -1
v 0.073880 -25.800001 -122.741898
v 0.090943 -0.000000 -122.781342
v 0.090943 -25.800001 -122.781342
f -3 -2 -1
v 0.090943 -0.000000 -122.781342
v 0.109684 -0.000000 -122.820015
v 0.090943 -25.800001 -122.781342
f -3 -2 -1
v 0.090943 -25.800001 -122.781342
v 0.109684 -0.000000 -122.820015
v 0.109684 -25.800001 -122.820015
f -3 -2 -1
v 0.109684 -0.000000 -122.820015
v 0.130070 -0.000000 -122.857849
v 0.109684 -25.800001 -122.820015
f -3 -2 -1
v 0.109684 -25.800001 -122.820015
v 0.130070 -0.000000 -122.857849
v 0.130070 -25.800001 -122.857849
f -3 -2 -1
v 0.130070 -0.000000 -122.857849
v 0.152063 -0.000000 -122.894760
v 0.130070 -25.800001 -122.857849
f -3 -2 -1
v 0.130070 -25.800001 -122.857849
v 0.152063 -0.000000 -122.894760
v 0.152063 -25.800001 -122.894760
f -3 -2 -1
v 0.152063 -0.000000 -122.894760
v 0.175621 -0.000000 -122.930702
v 0.152063 -25.800001 -122.894760
f -3 -2 -1
v 0.152063 -25.800001 -122.894760
v 0.175621 -0.000000 -122.930702
v 0.175621 -25.800001 -122.930702
f -3 -2 -1
v 0.175621 -0.000000 -122.930702
v 0.200702 -0.000000 -122.965607
v 0.175621 -25.800001 -122.930702
f -3 -2 -1
v 0.175621 -25.800001 -122.930702
v 0.200702 -0.000000 -122.965607
v 0.200702 -25.800001 -122.965607
f -3 -2 -1
v 0.200702 -0.000000 -122.965607
v 0.227259 -0.000000 -122.999390
v 0.200702 -25.800001 -122.965607
f -3 -2 -1
v 0.200702 -25.800001 -122.965607
v 0.227259 -0.000000 -122.999390
v 0.227259 -25.800001 -122.999390
f -3 -2 -1
v 0.227259 -0.000000 -122.999390
v 0.255244 -0.000000 -123.032005
v 0.227259 -25.800001 -122.999390
f -3 -2 -1
v 0.227259 -25.800001 -122.999390
v 0.255244 -0.000000 -123.032005
v 0.255244 -25.800001 -123.032005
f -3 -2 -1
v 0.255244 -0.000000 -123.032005
v 0.284603 -0.000000 -123.063385
v 0.255244 -25.800001 -123.032005
f -3 -2 -1
v 0.255244 -25.800001 -123.032005
v 0.284603 -0.000000 -123.063385
v 0.284603 -25.800001 -123.063385
f -3 -2 -1
v 0.284603 -0.000000 -123.063385
v 0.315284 -0.000000 -123.093475
v 0.284603 -25.800001 -123.063385
f -3 -2 -1
v 0.284603 -25.800001 -123.063385
v 0.315284 -0.000000 -123.093475
v 0.315284 -25.800001 -123.093475
f -3 -2 -1
v 0.315284 -0.000000 -123.093475
v 0.347230 -0.000000 -123.122223
v 0.315284 -25.800001 -123.093475
f -3 -2 -1
v 0.315284 -25.800001 -123.093475
v 0.347230 -0.000000 -123.122223
v 0.347230 -25.800001 -123.122223
f -3 -2 -1
v 0.347230 -0.000000 -123.122223
v 0.380381 -0.000000 -123.149574
v 0.347230 -25.800001 -123.122223
f -3 -2 -1
v 0.347230 -25.800001 -123.122223
v 0.380381 -0.000000 -123.149574
v 0.380381 -25.800001 -123.149574
f -3 -2 -1
v 0.380381 -0.000000 -123.149574
v 0.414676 -0.000000 -123.175468
v 0.380381 -25.800001 -123.149574
f -3 -2 -1
v 0.380381 -25.800001 -123.149574
v 0.414676 -0.000000 -123.175468
v 0.414676 -25.800001 -123.175468
f -3 -2 -1
v 0.414676 -0.000000 -123.175468
v 0.450053 -0.000000 -123.199875
v 0.414676 -25.800001 -123.175468
f -3 -2 -1
v 0.414676 -25.800001 -123.175468
v 0.450053 -0.000000 -123.199875
v 0.450053 -25.800001 -123.199875
f -3 -2 -1
v 0.450053 -0.000000 -123.199875
v 0.486445 -0.000000 -123.222725
v 0.450053 -25.800001 -123.199875
f -3 -2 -1
v 0.450053 -25.800001 -123.199875
v 0.486445 -0.000000 -123.222725
v 0.486445 -25.800001 -123.222725
f -3 -2 -1
v 0.486445 -0.000000 -123.222725
v 0.523785 -0.000000 -123.244003
v 0.486445 -25.800001 -123.222725
f -3 -2 -1
v 0.486445 -25.800001 -123.222725
v 0.523785 -0.000000 -123.244003
v 0.523785 -25.800001 -123.244003
f -3 -2 -1
v 0.523785 -0.000000 -123.244003
v 0.562005 -0.000000 -123.263649
v 0.523785 -25.800001 -123.244003
f -3 -2 -1
v 0.523785 -25.800001 -123.244003
v 0.562005 -0.000000 -123.263649
v 0.562005 -25.800001 -123.263649
f -3 -2 -1
v 0.562005 -0.000000 -123.263649
v 0.601034 -0.000000 -123.281639
v 0.562005 -25.800001 -123.263649
f -3 -2 -1
v 0.562005 -25.800001 -123.263649
v 0.601034 -0.000000 -123.281639
v 0.601034 -25.800001 -123.281639
f -3 -2 -1
v 0.601034 -0.000000 -123.281639
v 0.640800 -0.000000 -123.297928
v 0.601034 -25.800001 -123.281639
f -3 -2 -1
v 0.601034 -25.800001 -123.281639
v 0.640800 -0.000000 -123.297928
v 0.640800 -25.800001 -123.297928
f -3 -2 -1
v 0.640800 -0.000000 -123.297928
v 0.681229 -0.000000 -123.312500
v 0.640800 -25.800001 -123.297928
f -3 -2 -1
v 0.640800 -25.800001 -123.297928
v 0.681229 -0.000000 -123.312500
v 0.681229 -25.800001 -123.312500
f -3 -2 -1
v 0.681229 -0.000000 -123.312500
v 0.722246 -0.000000 -123.325325
v 0.681229 -25.800001 -123.312500
f -3 -2 -1
v 0.681229 -25.800001 -123.312500
v 0.722246 -0.000000 -123.325325
v 0.722246 -25.800001 -123.325325
f -3 -2 -1
v 0.722246 -0.000000 -123.325325
v 0.763777 -0.000000 -123.336365
v 0.722246 -25.800001 -123.325325
f -3 -2 -1
v 0.722246 -25.800001 -123.325325
v 0.763777 -0.000000 -123.336365
v 0.763777 -25.800001 -123.336365
f -3 -2 -1
v 0.763777 -0.000000 -123.336365
v 0.805744 -0.000000 -123.345619
v 0.763777 -25.800001 -123.336365
f -3 -2 -1
v 0.763777 -25.800001 -123.336365
v 0.805744 -0.000000 -123.345619
v 0.805744 -25.800001 -123.345619
f -3 -2 -1
v 0.805744 -0.000000 -123.345619
v 0.848070 -0.000000 -123.353065
v 0.805744 -25.800001 -123.345619
f -3 -2 -1
v 0.805744 -25.800001 -123.345619
v 0.848070 -0.000000 -123.353065
v 0.848070 -25.800001 -123.353065
f -3 -2 -1
v 0.848070 -0.000000 -123.353065
v 0.890676 -0.000000 -123.358673
v 0.848070 -25.800001 -123.353065
f -3 -2 -1
v 0.848070 -25.800001 -123.353065
v 0.890676 -0.000000 -123.358673
v 0.890676 -25.800001 -123.358673
f -3 -2 -1
v 0.890676 -0.000000 -123.358673
v 0.933484 -0.000000 -123.362457
v 0.890676 -25.800001 -123.358673
f -3 -2 -1
v 0.890676 -25.800001 -123.358673
v 0.933484 -0.000000 -123.362457
v 0.933484 -25.800001 -123.362457
f -3 -2 -1
v 0.933484 -0.000000 -123.362457
v 0.976415 -0.000000 -123.364388
v 0.933484 -25.800001 -123.362457
f -3 -2 -1
v 0.933484 -25.800001 -123.362457
v 0.976415 -0.000000 -123.364388
v 0.976415 -25.800001 -123.364388
f -3 -2 -1
v 0.976415 -0.000000 -123.364388
v 1.019390 -0.000000 -123.364487
v 0.976415 -25.800001 -123.364388
f -3 -2 -1
v 0.976415 -25.800001 -123.364388
v 1.019390 -0.000000 -123.364487
v 1.019390 -25.800001 -123.364487
f -3 -2 -1
v 1.019390 -0.000000 -123.364487
v 1.062329 -0.000000 -123.362724
v 1.019390 -25.800001 -123.364487
f -3 -2 -1
v 1.019390 -25.800001 -123.364487
v 1.062329 -0.000000 -123.362724
v 1.062329 -25.800001 -123.362724
f -3 -2 -1
v 1.062329 -0.000000 -123.362724
v 1.105153 -0.000000 -123.359131
v 1.062329 -25.800001 -123.362724
f -3 -2 -1
v 1.062329 -25.800001 -123.362724
v 1.105153 -0.000000 -123.359131
v 1.105153 -25.800001 -123.359131
f -3 -2 -1
v 1.105153 -0.000000 -123.359131
v 1.147782 -0.000000 -123.353691
v 1.105153 -25.800001 -123.359131
f -3 -2 -1
v 1.105153 -25.800001 -123.359131
v 1.147782 -0.000000 -123.353691
v 1.147782 -25.800001 -123.353691
f -3 -2 -1
v 1.147782 -0.000000 -123.353691
v 1.190139 -0.000000 -123.346428
v 1.147782 -25.800001 -123.353691
f -3 -2 -1
v 1.147782 -25.800001 -123.353691
v 1.190139 -0.000000 -123.346428
v 1.190139 -25.800001 -123.346428
f -3 -2 -1
v 1.190139 -0.000000 -123.346428
v 1.232144 -0.000000 -123.337349
v 1.190139 -25.800001 -123.346428
f -3 -2 -1
v 1.190139 -25.800001 -123.346428
v 1.232144 -0.000000 -123.337349
v 1.232144 -25.800001 -123.337349
f -3 -2 -1
v 1.232144 -0.000000 -123.337349
v 1.273721 -0.000000 -123.326477
v 1.232144 -25.800001 -123.337349
f -3 -2 -1
v 1.232144 -25.800001 -123.337349
v 1.273721 -0.000000 -123.326477
v 1.273721 -25.800001 -123.326477
f -3 -2 -1
v 1.273721 -0.000000 -123.326477
v 1.314792 -0.000000 -123.313828
v 1.273721 -25.800001 -123.326477
f -3 -2 -1
v 1.273721 -25.800001 -123.326477
v 1.314792 -0.000000 -123.313828
v 1.314792 -25.800001 -123.313828
f -3 -2 -1
v 1.314792 -0.000000 -123.313828
v 1.355282 -0.000000 -123.299431
v 1.314792 -25.800001 -123.313828
f -3 -2 -1
v 1.314792 -25.800001 -123.313828
v 1.355282 -0.000000 -123.299431
v 1.355282 -25.800001 -123.299431
f -3 -2 -1
v 1.355282 -0.000000 -123.299431
v 1.395116 -0.000000 -123.283302
v 1.355282 -25.800001 -123.299431
f -3 -2 -1
v 1.355282 -25.800001 -123.299431
v 1.395116 -0.000000 -123.283302
v 1.395116 -25.800001 -123.283302
f -3 -2 -1
v 1.395116 -0.000000 -123.283302
v 1.434220 -0.000000 -123.265472
v 1.395116 -25.800001 -123.283302
f -3 -2 -1
v 1.395116 -25.800001 -123.283302
v 1.434220 -0.000000 -123.265472
v 1.434220 -25.800001 -123.265472
f -3 -2 -1
v 1.434220 -0.000000 -123.265472
v 1.472522 -0.000000 -123.245995
v 1.434220 -25.800001 -123.265472
f -3 -2 -1
v 1.434220 -25.800001 -123.265472
v 1.472522 -0.000000 -123.245995
v 1.472522 -25.800001 -123.245995
f -3 -2 -1
v 1.472522 -0.000000 -123.245995
v 1.509951 -0.000000 -123.224876
v 1.472522 -25.800001 -123.245995
f -3 -2 -1
v 1.472522 -25.800001 -123.245995
v 1.509951 -0.000000 -123.224876
v 1.509951 -25.800001 -123.224876
f -3 -2 -1
v 1.509951 -0.000000 -123.224876
v 1.546439 -0.000000 -123.202164
v 1.509951 -25.800001 -123.224876
f -3 -2 -1
v 1.509951 -25.800001 -123.224876
v 1.546439 -0.000000 -123.202164
v 1.546439 -25.800001 -123.202164
f -3 -2 -1
v 1.546439 -0.000000 -123.202164
v 1.581917 -0.000000 -123.177917
v 1.546439 -25.800001 -123.202164
f -3 -2 -1
v 1.546439 -25.800001 -123.202164
v 1.581917 -0.000000 -123.177917
v 1.581917 -25.800001 -123.177917
f -3 -2 -1
v 1.581917 -0.000000 -123.177917
v 1.616321 -0.000000 -123.152168
v 1.581917 -25.800001 -123.177917
f -3 -2 -1
v 1.581917 -25.800001 -123.177917
v 1.616321 -0.000000 -123.152168
v 1.616321 -25.800001 -123.152168
f -3 -2 -1
v 1.616321 -0.000000 -123.152168
v 1.649586 -0.000000 -123.124954
v 1.616321 -25.800001 -123.152168
f -3 -2 -1
v 1.616321 -25.800001 -123.152168
v 1.649586 -0.000000 -123.124954
v 1.649586 -25.800001 -123.124954
f -3 -2 -1
v 1.649586 -0.000000 -123.124954
v 1.681652 -0.000000 -123.096344
v 1.649586 -25.800001 -123.124954
f -3 -2 -1
v 1.649586 -25.800001 -123.124954
v 1.681652 -0.000000 -123.096344
v 1.681652 -25.800001 -123.096344
f -3 -2 -1
v 1.681652 -0.000000 -123.096344
v 1.712459 -0.000000 -123.066383
v 1.681652 -25.800001 -123.096344
f -3 -2 -1
v 1.681652 -25.800001 -123.096344
v 1.712459 -0.000000 -123.066383
v 1.712459 -25.800001 -123.066383
f -3 -2 -1
v 1.712459 -0.000000 -123.066383
v 1.741950 -0.000000 -123.035126
v 1.712459 -25.800001 -123.066383
f -3 -2 -1
v 1.712459 -25.800001 -123.066383
v 1.741950 -0.000000 -123.035126
v 1.741950 -25.800001 -123.035126
f -3 -2 -1
v 1.741950 -0.000000 -123.035126
v 1.770071 -0.000000 -123.002625
v 1.741950 -25.800001 -123.035126
f -3 -2 -1
v 1.741950 -25.800001 -123.035126
v 1.770071 -0.000000 -123.002625
v 1.770071 -25.800001 -123.002625
f -3 -2 -1
v 1.770071 -0.000000 -123.002625
v 1.796770 -0.000000 -122.968956
v 1.770071 -25.800001 -123.002625
f -3 -2 -1
v 1.770071 -25.800001 -123.002625
v 1.796770 -0.000000 -122.968956
v 1.796770 -25.800001 -122.968956
f -3 -2 -1
v 1.796770 -0.000000 -122.968956
v 1.821997 -0.000000 -122.934166
v 1.796770 -25.800001 -122.968956
f -3 -2 -1
v 1.796770 -25.800001 -122.968956
v 1.821997 -0.000000 -122.934166
v 1.821997 -25.800001 -122.934166
f -3 -2 -1
v 1.821997 -0.000000 -122.934166
v 1.845706 0.000000 -122.898315
v 1.821997 -25.800001 -122.934166
f -3 -2 -1
v 1.821997 -25.800001 -122.934166
v 1.845706 0.000000 -122.898315
v 1.845706 -25.800001 -122.898315
f -3 -2 -1
v 0.000000 0.000000 -3.000000
v 0.000000 -25.800001 -3.000000
v 0.002855 -25.800001 -2.869142
f -3 -2 -1
v 0.000000 0.000000 -3.000000
v 0.002855 -25.800001 -2.869142
v 0.002855 0.000000 -2.869142
f -3 -2 -1
v 0.002855 -25.800001 -2.869142
v 0.011416 -25.800001 -2.738533
v 0.002855 0.000000 -2.869142
f -3 -2 -1
v 0.002855 0.000000 -2.869142
v 0.011416 -25.800001 -2.738533
v 0.011416 0.000000 -2.738533
f -3 -2 -1
v 0.011416 -25.800001 -2.738533
v 0.025665 -25.800001 -2.608422
v 0.011416 0.000000 -2.738533
f -3 -2 -1
v 0.011416 0.000000 -2.738533
v 0.025665 -25.800001 -2.608422
v 0.025665 0.000000 -2.608422
f -3 -2 -1
v 0.025665 -25.800001 -2.608422
v 0.045577 -25.800001 -2.479055
v 0.025665 0.000000 -2.608422
f -3 -2 -1
v 0.025665 0.000000 -2.608422
v 0.045577 -25.800001 -2.479055
v 0.045577 0.000000 -2.479055
f -3 -2 -1
v 0.045577 -25.800001 -2.479055
v 0.071112 -25.800001 -2.350681
v 0.045577 0.000000 -2.479055
f -3 -2 -1
v 0.045577 0.000000 -2.479055
v 0.071112 -25.800001 -2.350681
v 0.071112 0.000000 -2.350681
f -3 -2 -1
v 0.071112 -25.800001 -2.350681
v 0.102223 -25.800001 -2.223543
v 0.071112 0.000000 -2.350681
f -3 -2 -1
v 0.071112 0.000000 -2.350681
v 0.102223 -25.800001 -2.223543
v 0.102223 0.000000 -2.223543
f -3 -2 -1
v 0.102223 -25.800001 -2.223543
v 0.138849 -25.800001 -2.097883
v 0.102223 0.000000 -2.223543
f -3 -2 -1
v 0.102223 0.000000 -2.223543
v 0.138849 -25.800001 -2.097883
v 0.138849 0.000000 -2.097883
f -3 -2 -1
v 0.138849 -25.800001 -2.097883
v 0.180922 -25.800001 -1.973940
v 0.138849 0.000000 -2.097883
f -3 -2 -1
v 0.138849 0.000000 -2.097883
v 0.180922 -25.800001 -1.973940
v 0.180922 0.000000 -1.973940
f -3 -2 -1
v 0.180922 -25.800001 -1.973940
v 0.228361 -25.800001 -1.851950
v 0.180922 0.000000 -1.973940
f -3 -2 -1
v 0.180922 0.000000 -1.973940
v 0.228361 -25.800001 -1.851950
v 0.228361 0.000000 -1.851950
f -3 -2 -1
v 0.228361 -25.800001 -1.851950
v 0.281077 -25.800001 -1.732145
v 0.228361 0.000000 -1.851950
f -3 -2 -1
v 0.228361 0.000000 -1.851950
v 0.281077 -25.800001 -1.732145
v 0.281077 0.000000 -1.732145
f -3 -2 -1
v 0.281077 -25.800001 -1.732145
v 0.338968 -25.800001 -1.614754
v 0.281077 0.000000 -1.732145
f -3 -2 -1
v 0.281077 0.000000 -1.732145
v 0.338968 -25.800001 -1.614754
v 0.338968 0.000000 -1.614754
f -3 -2 -1
v 0.338968 -25.800001 -1.614754
v 0.401924 -25.800001 -1.500000
v 0.338968 0.000000 -1.614754
f -3 -2 -1
v 0.338968 0.000000 -1.614754
v 0.401924 -25.800001 -1.500000
v 0.401924 0.000000 -1.500000
f -3 -2 -1
v 0.401924 -25.800001 -1.500000
v 0.469826 -25.800001 -1.388101
v 0.401924 0.000000 -1.500000
f -3 -2 -1
v 0.401924 0.000000 -1.500000
v 0.469826 -25.800001 -1.388101
v 0.469826 0.000000 -1.388101
f -3 -2 -1
v 0.469826 -25.800001 -1.388101
v 0.542544 -25.800001 -1.279271
v 0.469826 0.000000 -1.388101
f -3 -2 -1
v 0.469826 0.000000 -1.388101
v 0.542544 -25.800001 -1.279271
v 0.542544 0.000000 -1.279271
f -3 -2 -1
v 0.542544 -25.800001 -1.279271
v 0.619940 -25.800001 -1.173716
v 0.542544 0.000000 -1.279271
f -3 -2 -1
v 0.542544 0.000000 -1.279271
v 0.619940 -25.800001 -1.173716
v 0.619940 0.000000 -1.173716
f -3 -2 -1
v 0.619940 -25.800001 -1.173716
v 0.701867 -25.800001 -1.071637
v 0.619940 0.000000 -1.173716
f -3 -2 -1
v 0.619940 0.000000 -1.173716
v 0.701867 -25.800001 -1.071637
v 0.701867 0.000000 -1.071637
f -3 -2 -1
v 0.701867 -25.800001 -1.071637
v 0.788168 -25.800001 -0.973229
v 0.701867 0.000000 -1.071637
f -3 -2 -1
v 0.701867 0.000000 -1.071637
v 0.788168 -25.800001 -0.973229
v 0.788168 0.000000 -0.973229
f -3 -2 -1
v 0.788168 -25.800001 -0.973229
v 0.878680 -25.800001 -0.878680
v 0.788168 0.000000 -0.973229
f -3 -2 -1
v 0.788168 0.000000 -0.973229
v 0.878680 -25.800001 -0.878680
v 0.878680 0.000000 -0.878680
f -3 -2 -1
v 0.878680 -25.800001 -0.878680
v 0.973229 -25.800001 -0.788168
v 0.878680 0.000000 -0.878680
f -3 -2 -1
v 0.878680 0.000000 -0.878680
v 0.973229 -25.800001 -0.788168
v 0.973229 0.000000 -0.788168
f -3 -2 -1
v 0.973229 -25.800001 -0.788168
v 1.071637 -25.800001 -0.701867
v 0.973229 0.000000 -0.788168
f -3 -2 -1
v 0.973229 0.000000 -0.788168
v 1.071637 -25.800001 -0.701867
v 1.071637 0.000000 -0.701867
f -3 -2 -1
v 1.071637 -25.800001 -0.701867
v 1.173716 -25.800001 -0.619940
v 1.071637 0.000000 -0.701867
f -3 -2 -1
v 1.071637 0.000000 -0.701867
v 1.173716 -25.800001 -0.619940
v 1.173716 0.000000 -0.619940
f -3 -2 -1
v 1.173716 -25.800001 -0.619940
v 1.279271 -25.800001 -0.542544
v 1.173716 0.000000 -0.619940
f -3 -2 -1
v 1.173716 0.000000 -0.619940
v 1.279271 -25.800001 -0.542544
v 1.279271 0.000000 -0.542544
f -3 -2 -1
v 1.279271 -25.800001 -0.542544
v 1.388101 -25.800001 -0.469826
v 1.279271 0.000000 -0.542544
f -3 -2 -1
v 1.279271 0.000000 -0.542544
v 1.388101 -25.800001 -0.469826
v 1.388101 0.000000 -0.469826
f -3 -2 -1
v 1.388101 -25.800001 -0.469826
v 1.500000 -25.800001 -0.401924
v 1.388101 0.000000 -0.469826
f -3 -2 -1
v 1.388101 0.000000 -0.469826
v 1.500000 -25.800001 -0.401924
v 1.500000 0.000000 -0.401924
f -3 -2 -1
v 1.500000 -25.800001 -0.401924
v 1.614754 -25.800001 -0.338968
v 1.500000 0.000000 -0.401924
f -3 -2 -1
v 1.500000 0.000000 -0.401924
v 1.614754 -25.800001 -0.338968
v 1.614754 0.000000 -0.338968
f -3 -2 -1
v 1.614754 -25.800001 -0.338968
v 1.732145 -25.800001 -0.281077
v 1.614754 0.000000 -0.338968
f -3 -2 -1
v 1.614754 0.000000 -0.338968
v 1.732145 -25.800001 -0.281077
v 1.732145 0.000000 -0.281077
f -3 -2 -1
v 1.732145 -25.800001 -0.281077
v 1.851950 -25.800001 -0.228361
v 1.732145 0.000000 -0.281077
f -3 -2 -1
v 1.732145 0.000000 -0.281077
v 1.851950 -25.800001 -0.228361
v 1.851950 0.000000 -0.228361
f -3 -2 -1
v 1.851950 -25.800001 -0.228361
v 1.973940 -25.800001 -0.180922
v 1.851950 0.000000 -0.228361
f -3 -2 -1
v 1.851950 0.000000 -0.228361
v 1.973940 -25.800001 -0.180922
v 1.973940 0.000000 -0.180922
f -3 -2 -1
v 1.973940 -25.800001 -0.180922
v 2.097883 -25.800001 -0.138849
v 1.973940 0.000000 -0.180922
f -3 -2 -1
v 1.973940 0.000000 -0.180922
v 2.097883 -25.800001 -0.138849
v 2.097883 0.000000 -0.138849
f -3 -2 -1
v 2.097883 -25.800001 -0.138849
v 2.223543 -25.800001 -0.102223
v 2.097883 0.000000 -0.138849
f -3 -2 -1
v 2.097883 0.000000 -0.138849
v 2.223543 -25.800001 -0.102223
v 2.223543 0.000000 -0.102223
f -3 -2 -1
v 2.223543 -25.800001 -0.102223
v 2.350681 -25.800001 -0.071112
v 2.223543 0.000000 -0.102223
f -3 -2 -1
v 2.223543 0.000000 -0.102223
v 2.350681 -25.800001 -0.071112
v 2.350681 0.000000 -0.071112
f -3 -2 -1
v 2.350681 -25.800001 -0.071112
v 2.479055 -25.800001 -0.045577
v 2.350681 0.000000 -0.071112
f -3 -2 -1
v 2.350681 0.000000 -0.071112
v 2.479055 -25.800001 -0.045577
v 2.479055 0.000000 -0.045577
f -3 -2 -1
v 2.479055 -25.800001 -0.045577
v 2.608422 -25.800001 -0.025665
v 2.479055 0.000000 -0.045577
f -3 -2 -1
v 2.479055 0.000000 -0.045577
v 2.608422 -25.800001 -0.025665
v 2.608422 0.000000 -0.025665
f -3 -2 -1
v 2.608422 -25.800001 -0.025665
v 2.738533 -25.800001 -0.011416
v 2.608422 0.000000 -0.025665
f -3 -2 -1
v 2.608422 0.000000 -0.025665
v 2.738533 -25.800001 -0.011416
v 2.738533 0.000000 -0.011416
f -3 -2 -1
v 2.738533 -25.800001 -0.011416
v 2.869142 -25.800001 -0.002855
v 2.738533 0.000000 -0.011416
f -3 -2 -1
v 2.738533 0.000000 -0.011416
v 2.869142 -25.800001 -0.002855
v 2.869142 0.000000 -0.002855
f -3 -2 -1
v 2.869142 -25.800001 -0.002855
v 3.000000 -25.800001 0.000000
v 2.869142 0.000000 -0.002855
f -3 -2 -1
v 2.869142 0.000000 -0.002855
v 3.000000 -25.800001 0.000000
v 3.000000 0.000000 0.000000
f -3 -2 -1
v 39.720314 -25.800001 -3.149174
v 39.720314 0.000000 -3.149174
v 39.723953 -0.000000 -3.021297
f -3 -2 -1
v 39.720314 -25.800001 -3.149174
v 39.723953 -0.000000 -3.021297
v 39.723953 -25.800001 -3.021297
f -3 -2 -1
v 39.723953 -0.000000 -3.021297
v 39.722134 -0.000000 -2.893383
v 39.723953 -25.800001 -3.021297
f -3 -2 -1
v 39.723953 -25.800001 -3.021297
v 39.722134 -0.000000 -2.893383
v 39.722134 -25.800001 -2.893383
f -3 -2 -1
v 39.722134 -0.000000 -2.893383
v 39.714863 -0.000000 -2.765662
v 39.722134 -25.800001 -2.893383
f -3 -2 -1
v 39.722134 -25.800001 -2.893383
v 39.714863 -0.000000 -2.765662
v 39.714863 -25.800001 -2.765662
f -3 -2 -1
v 39.714863 -0.000000 -2.765662
v 39.702152 -0.000000 -2.638367
v 39.714863 -25.800001 -2.765662
f -3 -2 -1
v 39.714863 -25.800001 -2.765662
v 39.702152 -0.000000 -2.638367
v 39.702152 -25.800001 -2.638367
f -3 -2 -1
v 39.702152 -0.000000 -2.638367
v 39.684029 -0.000000 -2.511730
v 39.702152 -25.800001 -2.638367
f -3 -2 -1
v 39.702152 -25.800001 -2.638367
v 39.684029 -0.000000 -2.511730
v 39.684029 -25.800001 -2.511730
f -3 -2 -1
v 39.684029 -0.000000 -2.511730
v 39.660519 -0.000000 -2.385980
v 39.684029 -25.800001 -2.511730
f -3 -2 -1
v 39.684029 -25.800001 -2.511730
v 39.660519 -0.000000 -2.385980
v 39.660519 -25.800001 -2.385980
f -3 -2 -1
v 39.660519 -0.000000 -2.385980
v 39.631672 -0.000000 -2.261347
v 39.660519 -25.800001 -2.385980
f -3 -2 -1
v 39.660519 -25.800001 -2.385980
v 39.631672 -0.000000 -2.261347
v 39.631672 -25.800001 -2.261347
f -3 -2 -1
v 39.631672 -0.000000 -2.261347
v 39.597538 -0.000000 -2.138058
v 39.631672 -25.800001 -2.261347
f -3 -2 -1
v 39.631672 -25.800001 -2.261347
v 39.597538 -0.000000 -2.138058
v 39.597538 -25.800001 -2.138058
f -3 -2 -1
v 39.597538 -0.000000 -2.138058
v 39.558174 -0.000000 -2.016335
v 39.597538 -25.800001 -2.138058
f -3 -2 -1
v 39.597538 -25.800001 -2.138058
v 39.558174 -0.000000 -2.016335
v 39.558174 -25.800001 -2.016335
f -3 -2 -1
v 39.558174 -0.000000 -2.016335
v 39.513664 -0.000000 -1.896402
v 39.558174 -25.800001 -2.016335
f -3 -2 -1
v 39.558174 -25.800001 -2.016335
v 39.513664 -0.000000 -1.896402
v 39.513664 -25.800001 -1.896402
f -3 -2 -1
v 39.513664 -0.000000 -1.896402
v 39.464077 -0.000000 -1.778475
v 39.513664 -25.800001 -1.896402
f -3 -2 -1
v 39.513664 -25.800001 -1.896402
v 39.464077 -0.000000 -1.778475
v 39.464077 -25.800001 -1.778475
f -3 -2 -1
v 39.464077 -0.000000 -1.778475
v 39.409512 -0.000000 -1.662769
v 39.464077 -25.800001 -1.778475
f -3 -2 -1
v 39.464077 -25.800001 -1.778475
v 39.409512 -0.000000 -1.662769
v 39.409512 -25.800001 -1.662769
f -3 -2 -1
v 39.409512 -0.000000 -1.662769
v 39.350060 -0.000000 -1.549495
v 39.409512 -25.800001 -1.662769
f -3 -2 -1
v 39.409512 -25.800001 -1.662769
v 39.350060 -0.000000 -1.549495
v 39.350060 -25.800001 -1.549495
f -3 -2 -1
v 39.350060 -0.000000 -1.549495
v 39.285831 -0.000000 -1.438859
v 39.350060 -25.800001 -1.549495
f -3 -2 -1
v 39.350060 -25.800001 -1.549495
v 39.285831 -0.000000 -1.438859
v 39.285831 -25.800001 -1.438859
f -3 -2 -1
v 39.285831 -0.000000 -1.438859
v 39.216946 -0.000000 -1.331061
v 39.285831 -25.800001 -1.438859
f -3 -2 -1
v 39.285831 -25.800001 -1.438859
v 39.216946 -0.000000 -1.331061
v 39.216946 -25.800001 -1.331061
f -3 -2 -1
v 39.216946 -0.000000 -1.331061
v 39.143528 -0.000000 -1.226298
v 39.216946 -25.800001 -1.331061
f -3 -2 -1
v 39.216946 -25.800001 -1.331061
v 39.143528 -0.000000 -1.226298
v 39.143528 -25.800001 -1.226298
f -3 -2 -1
v 39.143528 -0.000000 -1.226298
v 39.065708 -0.000000 -1.124760
v 39.143528 -25.800001 -1.226298
f -3 -2 -1
v 39.143528 -25.800001 -1.226298
v 39.065708 -0.000000 -1.124760
v 39.065708 -25.800001 -1.124760
f -3 -2 -1
v 39.065708 -0.000000 -1.124760
v 38.983631 -0.000000 -1.026632
v 39.065708 -25.800001 -1.124760
f -3 -2 -1
v 39.065708 -25.800001 -1.124760
v 38.983631 -0.000000 -1.026632
v 38.983631 -25.800001 -1.026632
f -3 -2 -1
v 38.983631 -0.000000 -1.026632
v 38.897446 -0.000000 -0.932093
v 38.983631 -25.800001 -1.026632
f -3 -2 -1
v 38.983631 -25.800001 -1.026632
v 38.897446 -0.000000 -0.932093
v 38.897446 -25.800001 -0.932093
f -3 -2 -1
v 38.897446 -0.000000 -0.932093
v 38.807312 -0.000000 -0.841314
v 38.897446 -25.800001 -0.932093
f -3 -2 -1
v 38.897446 -25.800001 -0.932093
v 38.807312 -0.000000 -0.841314
v 38.807312 -25.800001 -0.841314
f -3 -2 -1
v 38.807312 -0.000000 -0.841314
v 38.713387 -0.000000 -0.754460
v 38.807312 -25.800001 -0.841314
f -3 -2 -1
v 38.807312 -25.800001 -0.841314
v 38.713387 -0.000000 -0.754460
v 38.713387 -25.800001 -0.754460
f -3 -2 -1
v 38.713387 -0.000000 -0.754460
v 38.615845 -0.000000 -0.671690
v 38.713387 -25.800001 -0.754460
f -3 -2 -1
v 38.713387 -25.800001 -0.754460
v 38.615845 -0.000000 -0.671690
v 38.615845 -25.800001 -0.671690
f -3 -2 -1
v 38.615845 -0.000000 -0.671690
v 38.514858 -0.000000 -0.593153
v 38.615845 -25.800001 -0.671690
f -3 -2 -1
v 38.615845 -25.800001 -0.671690
v 38.514858 -0.000000 -0.593153
v 38.514858 -25.800001 -0.593153
f -3 -2 -1
v 38.514858 -0.000000 -0.593153
v 38.410622 -0.000000 -0.518993
v 38.514858 -25.800001 -0.593153
f -3 -2 -1
v 38.514858 -25.800001 -0.593153
v 38.410622 -0.000000 -0.518993
v 38.410622 -25.800001 -0.518993
f -3 -2 -1
v 38.410622 -0.000000 -0.518993
v 38.303314 -0.000000 -0.449344
v 38.410622 -25.800001 -0.518993
f -3 -2 -1
v 38.410622 -25.800001 -0.518993
v 38.303314 -0.000000 -0.449344
v 38.303314 -25.800001 -0.449344
f -3 -2 -1
v 38.303314 -0.000000 -0.449344
v 38.193142 -0.000000 -0.384333
v 38.303314 -25.800001 -0.449344
f -3 -2 -1
v 38.303314 -25.800001 -0.449344
v 38.193142 -0.000000 -0.384333
v 38.193142 -25.800001 -0.384333
f -3 -2 -1
v 38.193142 -0.000000 -0.384333
v 38.080292 -0.000000 -0.324079
v 38.193142 -25.800001 -0.384333
f -3 -2 -1
v 38.193142 -25.800001 -0.384333
v 38.080292 -0.000000 -0.324079
v 38.080292 -25.800001 -0.324079
f -3 -2 -1
v 38.080292 -0.000000 -0.324079
v 37.964973 -0.000000 -0.268691
v 38.080292 -25.800001 -0.324079
f -3 -2 -1
v 38.080292 -25.800001 -0.324079
v 37.964973 -0.000000 -0.268691
v 37.964973 -25.800001 -0.268691
f -3 -2 -1
v 37.964973 -0.000000 -0.268691
v 37.847404 -0.000000 -0.218269
v 37.964973 -25.800001 -0.268691
f -3 -2 -1
v 37.964973 -25.800001 -0.268691
v 37.847404 -0.000000 -0.218269
v 37.847404 -25.800001 -0.218269
f -3 -2 -1
v 37.847404 -0.000000 -0.218269
v 37.727787 -0.000000 -0.172905
v 37.847404 -25.800001 -0.218269
f -3 -2 -1
v 37.847404 -25.800001 -0.218269
v 37.727787 -0.000000 -0.172905
v 37.727787 -25.800001 -0.172905
f -3 -2 -1
v 37.727787 -0.000000 -0.172905
v 37.606346 -0.000000 -0.132682
v 37.727787 -25.800001 -0.172905
f -3 -2 -1
v 37.727787 -25.800001 -0.172905
v 37.606346 -0.000000 -0.132682
v 37.606346 -25.800001 -0.132682
f -3 -2 -1
v 37.606346 -0.000000 -0.132682
v 37.483303 -0.000000 -0.097673
v 37.606346 -25.800001 -0.132682
f -3 -2 -1
v 37.606346 -25.800001 -0.132682
v 37.483303 -0.000000 -0.097673
v 37.483303 -25.800001 -0.097673
f -3 -2 -1
v 37.483303 -0.000000 -0.097673
v 37.358875 -0.000000 -0.067942
v 37.483303 -25.800001 -0.097673
f -3 -2 -1
v 37.483303 -25.800001 -0.097673
v 37.358875 -0.000000 -0.067942
v 37.358875 -25.800001 -0.067942
f -3 -2 -1
v 37.358875 -0.000000 -0.067942
v 37.233299 -0.000000 -0.043542
v 37.358875 -25.800001 -0.067942
f -3 -2 -1
v 37.358875 -25.800001 -0.067942
v 37.233299 -0.000000 -0.043542
v 37.233299 -25.800001 -0.043542
f -3 -2 -1
v 37.233299 -0.000000 -0.043542
v 37.106792 -0.000000 -0.024519
v 37.233299 -25.800001 -0.043542
f -3 -2 -1
v 37.233299 -25.800001 -0.043542
v 37.106792 -0.000000 -0.024519
v 37.106792 -25.800001 -0.024519
f -3 -2 -1
v 37.106792 -0.000000 -0.024519
v 36.979595 -0.000000 -0.010905
v 37.106792 -25.800001 -0.024519
f -3 -2 -1
v 37.106792 -25.800001 -0.024519
v 36.979595 -0.000000 -0.010905
v 36.979595 -25.800001 -0.010905
f -3 -2 -1
v 36.979595 -0.000000 -0.010905
v 36.851929 -0.000000 -0.002728
v 36.979595 -25.800001 -0.010905
f -3 -2 -1
v 36.979595 -25.800001 -0.010905
v 36.851929 -0.000000 -0.002728
v 36.851929 -25.800001 -0.002728
f -3 -2 -1
v 36.851929 -0.000000 -0.002728
v 36.724026 0.000000 0.000000
v 36.851929 -25.800001 -0.002728
f -3 -2 -1
v 36.851929 -25.800001 -0.002728
v 36.724026 0.000000 0.000000
v 36.724026 -25.800001 0.000000
f -3 -2 -1
v 36.442200 0.000000 -32.809101
v 36.442200 -25.800001 -32.809101
v 36.423088 -0.000000 -32.936447
f -3 -2 -1
v 36.442200 -25.800001 -32.809101
v 36.423088 -25.800001 -32.936447
v 36.423088 -0.000000 -32.936447
f -3 -2 -1
v 36.423088 -0.000000 -32.936447
v 36.423088 -25.800001 -32.936447
v 36.409458 -0.000000 -33.064491
f -3 -2 -1
v 36.423088 -25.800001 -32.936447
v 36.409458 -25.800001 -33.064491
v 36.409458 -0.000000 -33.064491
f -3 -2 -1
v 36.409458 -0.000000 -33.064491
v 36.409458 -25.800001 -33.064491
v 36.401344 -0.000000 -33.193008
f -3 -2 -1
v 36.409458 -25.800001 -33.064491
v 36.401344 -25.800001 -33.193008
v 36.401344 -0.000000 -33.193008
f -3 -2 -1
v 36.401344 -0.000000 -33.193008
v 36.401344 -25.800001 -33.193008
v 36.398746 -0.000000 -33.321754
f -3 -2 -1
v 36.401344 -25.800001 -33.193008
v 36.398746 -25.800001 -33.321754
v 36.398746 -0.000000 -33.321754
f -3 -2 -1
v 36.398746 -0.000000 -33.321754
v 36.398746 -25.800001 -33.321754
v 36.401676 -0.000000 -33.450493
f -3 -2 -1
v 36.398746 -25.800001 -33.321754
v 36.401676 -25.800001 -33.450493
v 36.401676 -0.000000 -33.450493
f -3 -2 -1
v 36.401676 -0.000000 -33.450493
v 36.401676 -25.800001 -33.450493
v 36.410130 -0.000000 -33.578983
f -3 -2 -1
v 36.401676 -25.800001 -33.450493
v 36.410130 -25.800001 -33.578983
v 36.410130 -0.000000 -33.578983
f -3 -2 -1
v 36.410130 -0.000000 -33.578983
v 36.410130 -25.800001 -33.578983
v 36.424088 -0.000000 -33.706997
f -3 -2 -1
v 36.410130 -25.800001 -33.578983
v 36.424088 -25.800001 -33.706997
v 36.424088 -0.000000 -33.706997
f -3 -2 -1
v 36.424088 -0.000000 -33.706997
v 36.424088 -25.800001 -33.706997
v 36.443527 -0.000000 -33.834293
f -3 -2 -1
v 36.424088 -25.800001 -33.706997
v 36.443527 -25.800001 -33.834293
v 36.443527 -0.000000 -33.834293
f -3 -2 -1
v 36.443527 -0.000000 -33.834293
v 36.443527 -25.800001 -33.834293
v 36.468414 -0.000000 -33.960636
f -3 -2 -1
v 36.443527 -25.800001 -33.834293
v 36.468414 -25.800001 -33.960636
v 36.468414 -0.000000 -33.960636
f -3 -2 -1
v 36.468414 -0.000000 -33.960636
v 36.468414 -25.800001 -33.960636
v 36.498695 -0.000000 -34.085796
f -3 -2 -1
v 36.468414 -25.800001 -33.960636
v 36.498695 -25.800001 -34.085796
v 36.498695 -0.000000 -34.085796
f -3 -2 -1
v 36.498695 -0.000000 -34.085796
v 36.498695 -25.800001 -34.085796
v 36.534325 -0.000000 -34.209538
f -3 -2 -1
v 36.498695 -25.800001 -34.085796
v 36.534325 -25.800001 -34.209538
v 36.534325 -0.000000 -34.209538
f -3 -2 -1
v 36.534325 -0.000000 -34.209538
v 36.534325 -25.800001 -34.209538
v 36.575230 -0.000000 -34.331642
f -3 -2 -1
v 36.534325 -25.800001 -34.209538
v 36.575230 -25.800001 -34.331642
v 36.575230 -0.000000 -34.331642
f -3 -2 -1
v 36.575230 -0.000000 -34.331642
v 36.575230 -25.800001 -34.331642
v 36.621334 -0.000000 -34.451878
f -3 -2 -1
v 36.575230 -25.800001 -34.331642
v 36.621334 -25.800001 -34.451878
v 36.621334 -0.000000 -34.451878
f -3 -2 -1
v 36.621334 -0.000000 -34.451878
v 36.621334 -25.800001 -34.451878
v 36.672558 -0.000000 -34.570019
f -3 -2 -1
v 36.621334 -25.800001 -34.451878
v 36.672558 -25.800001 -34.570019
v 36.672558 -0.000000 -34.570019
f -3 -2 -1
v 36.672558 -0.000000 -34.570019
v 36.672558 -25.800001 -34.570019
v 36.728802 -0.000000 -34.685856
f -3 -2 -1
v 36.672558 -25.800001 -34.570019
v 36.728802 -25.800001 -34.685856
v 36.728802 -0.000000 -34.685856
f -3 -2 -1
v 36.728802 -0.000000 -34.685856
v 36.728802 -25.800001 -34.685856
v 36.789974 -0.000000 -34.799175
f -3 -2 -1
v 36.728802 -25.800001 -34.685856
v 36.789974 -25.800001 -34.799175
v 36.789974 -0.000000 -34.799175
f -3 -2 -1
v 36.789974 -0.000000 -34.799175
v 36.789974 -25.800001 -34.799175
v 36.855942 -0.000000 -34.909763
f -3 -2 -1
v 36.789974 -25.800001 -34.799175
v 36.855942 -25.800001 -34.909763
v 36.855942 -0.000000 -34.909763
f -3 -2 -1
v 36.855942 -0.000000 -34.909763
v 36.855942 -25.800001 -34.909763
v 36.926601 -0.000000 -35.017414
f -3 -2 -1
v 36.855942 -25.800001 -34.909763
v 36.926601 -25.800001 -35.017414
v 36.926601 -0.000000 -35.017414
f -3 -2 -1
v 36.926601 -0.000000 -35.017414
v 36.926601 -25.800001 -35.017414
v 37.001812 -0.000000 -35.121941
f -3 -2 -1
v 36.926601 -25.800001 -35.017414
v 37.001812 -25.800001 -35.121941
v 37.001812 -0.000000 -35.121941
f -3 -2 -1
v 37.001812 -0.000000 -35.121941
v 37.001812 -25.800001 -35.121941
v 37.081440 -0.000000 -35.223141
f -3 -2 -1
v 37.001812 -25.800001 -35.121941
v 37.081440 -25.800001 -35.223141
v 37.081440 -0.000000 -35.223141
f -3 -2 -1
v 37.081440 -0.000000 -35.223141
v 37.081440 -25.800001 -35.223141
v 37.165340 -0.000000 -35.320831
f -3 -2 -1
v 37.081440 -25.800001 -35.223141
v 37.165340 -25.800001 -35.320831
v 37.165340 -0.000000 -35.320831
f -3 -2 -1
v 37.165340 -0.000000 -35.320831
v 37.165340 -25.800001 -35.320831
v 37.253349 -0.000000 -35.414825
f -3 -2 -1
v 37.165340 -25.800001 -35.320831
v 37.253349 -25.800001 -35.414825
v 37.253349 -0.000000 -35.414825
f -3 -2 -1
v 37.253349 -0.000000 -35.414825
v 37.253349 -25.800001 -35.414825
v 37.345318 -0.000000 -35.504963
f -3 -2 -1
v 37.253349 -25.800001 -35.414825
v 37.345318 -25.800001 -35.504963
v 37.345318 -0.000000 -35.504963
f -3 -2 -1
v 37.345318 -0.000000 -35.504963
v 37.345318 -25.800001 -35.504963
v 37.441063 -0.000000 -35.591068
f -3 -2 -1
v 37.345318 -25.800001 -35.504963
v 37.441063 -25.800001 -35.591068
v 37.441063 -0.000000 -35.591068
f -3 -2 -1
v 37.441063 -0.000000 -35.591068
v 37.441063 -25.800001 -35.591068
v 37.540421 -0.000000 -35.672985
f -3 -2 -1
v 37.441063 -25.800001 -35.591068
v 37.540421 -25.800001 -35.672985
v 37.540421 -0.000000 -35.672985
f -3 -2 -1
v 37.540421 -0.000000 -35.672985
v 37.540421 -25.800001 -35.672985
v 37.643200 -0.000000 -35.750565
f -3 -2 -1
v 37.540421 -25.800001 -35.672985
v 37.643200 -25.800001 -35.750565
v 37.643200 -0.000000 -35.750565
f -3 -2 -1
v 37.643200 -0.000000 -35.750565
v 37.643200 -25.800001 -35.750565
v 37.749214 0.000000 -35.823658
f -3 -2 -1
v 37.643200 -25.800001 -35.750565
v 37.749214 -25.800001 -35.823658
v 37.749214 0.000000 -35.823658
f -3 -2 -1
v 35.905350 0.000000 -44.917351
v 35.905350 -25.800001 -44.917351
v 35.779236 -0.000000 -44.943382
f -3 -2 -1
v 35.905350 -25.800001 -44.917351
v 35.779236 -25.800001 -44.943382
v 35.779236 -0.000000 -44.943382
f -3 -2 -1
v 35.779236 -0.000000 -44.943382
v 35.779236 -25.800001 -44.943382
v 35.654354 -0.000000 -44.974796
f -3 -2 -1
v 35.779236 -25.800001 -44.943382
v 35.654354 -25.800001 -44.974796
v 35.654354 -0.000000 -44.974796
f -3 -2 -1
v 35.654354 -0.000000 -44.974796
v 35.654354 -25.800001 -44.974796
v 35.530941 -0.000000 -45.011547
f -3 -2 -1
v 35.654354 -25.800001 -44.974796
v 35.530941 -25.800001 -45.011547
v 35.530941 -0.000000 -45.011547
f -3 -2 -1
v 35.530941 -0.000000 -45.011547
v 35.530941 -25.800001 -45.011547
v 35.409214 -0.000000 -45.053555
f -3 -2 -1
v 35.530941 -25.800001 -45.011547
v 35.409214 -25.800001 -45.053555
v 35.409214 -0.000000 -45.053555
f -3 -2 -1
v 35.409214 -0.000000 -45.053555
v 35.409214 -25.800001 -45.053555
v 35.289402 -0.000000 -45.100750
f -3 -2 -1
v 35.409214 -25.800001 -45.053555
v 35.289402 -25.800001 -45.100750
v 35.289402 -0.000000 -45.100750
f -3 -2 -1
v 35.289402 -0.000000 -45.100750
v 35.289402 -25.800001 -45.100750
v 35.171730 -0.000000 -45.153042
f -3 -2 -1
v 35.289402 -25.800001 -45.100750
v 35.171730 -25.800001 -45.153042
v 35.171730 -0.000000 -45.153042
f -3 -2 -1
v 35.171730 -0.000000 -45.153042
v 35.171730 -25.800001 -45.153042
v 35.056404 -0.000000 -45.210335
f -3 -2 -1
v 35.171730 -25.800001 -45.153042
v 35.056404 -25.800001 -45.210335
v 35.056404 -0.000000 -45.210335
f -3 -2 -1
v 35.056404 -0.000000 -45.210335
v 35.056404 -25.800001 -45.210335
v 34.943649 -0.000000 -45.272530
f -3 -2 -1
v 35.056404 -25.800001 -45.210335
v 34.943649 -25.800001 -45.272530
v 34.943649 -0.000000 -45.272530
f -3 -2 -1
v 34.943649 -0.000000 -45.272530
v 34.943649 -25.800001 -45.272530
v 34.833664 -0.000000 -45.339500
f -3 -2 -1
v 34.943649 -25.800001 -45.272530
v 34.833664 -25.800001 -45.339500
v 34.833664 -0.000000 -45.339500
f -3 -2 -1
v 34.833664 -0.000000 -45.339500
v 34.833664 -25.800001 -45.339500
v 34.726654 -0.000000 -45.411129
f -3 -2 -1
v 34.833664 -25.800001 -45.339500
v 34.726654 -25.800001 -45.411129
v 34.726654 -0.000000 -45.411129
f -3 -2 -1
v 34.726654 -0.000000 -45.411129
v 34.726654 -25.800001 -45.411129
v 34.622814 -0.000000 -45.487289
f -3 -2 -1
v 34.726654 -25.800001 -45.411129
v 34.622814 -25.800001 -45.487289
v 34.622814 -0.000000 -45.487289
f -3 -2 -1
v 34.622814 -0.000000 -45.487289
v 34.622814 -25.800001 -45.487289
v 34.522343 -0.000000 -45.567829
f -3 -2 -1
v 34.622814 -25.800001 -45.487289
v 34.522343 -25.800001 -45.567829
v 34.522343 -0.000000 -45.567829
f -3 -2 -1
v 34.522343 -0.000000 -45.567829
v 34.522343 -25.800001 -45.567829
v 34.425419 -0.000000 -45.652611
f -3 -2 -1
v 34.522343 -25.800001 -45.567829
v 34.425419 -25.800001 -45.652611
v 34.425419 -0.000000 -45.652611
f -3 -2 -1
v 34.425419 -0.000000 -45.652611
v 34.425419 -25.800001 -45.652611
v 34.332218 -0.000000 -45.741470
f -3 -2 -1
v 34.425419 -25.800001 -45.652611
v 34.332218 -25.800001 -45.741470
v 34.332218 -0.000000 -45.741470
f -3 -2 -1
v 34.332218 -0.000000 -45.741470
v 34.332218 -25.800001 -45.741470
v 34.242924 -0.000000 -45.834251
f -3 -2 -1
v 34.332218 -25.800001 -45.741470
v 34.242924 -25.800001 -45.834251
v 34.242924 -0.000000 -45.834251
f -3 -2 -1
v 34.242924 -0.000000 -45.834251
v 34.242924 -25.800001 -45.834251
v 34.157688 -0.000000 -45.930775
f -3 -2 -1
v 34.242924 -25.800001 -45.834251
v 34.157688 -25.800001 -45.930775
v 34.157688 -0.000000 -45.930775
f -3 -2 -1
v 34.157688 -0.000000 -45.930775
v 34.157688 -25.800001 -45.930775
v 34.076675 -0.000000 -46.030869
f -3 -2 -1
v 34.157688 -25.800001 -45.930775
v 34.076675 -25.800001 -46.030869
v 34.076675 -0.000000 -46.030869
f -3 -2 -1
v 34.076675 -0.000000 -46.030869
v 34.076675 -25.800001 -46.030869
v 34.000034 -0.000000 -46.134350
f -3 -2 -1
v 34.076675 -25.800001 -46.030869
v 34.000034 -25.800001 -46.134350
v 34.000034 -0.000000 -46.134350
f -3 -2 -1
v 34.000034 -0.000000 -46.134350
v 34.000034 -25.800001 -46.134350
v 33.927902 -0.000000 -46.241020
f -3 -2 -1
v 34.000034 -25.800001 -46.134350
v 33.927902 -25.800001 -46.241020
v 33.927902 -0.000000 -46.241020
f -3 -2 -1
v 33.927902 -0.000000 -46.241020
v 33.927902 -25.800001 -46.241020
v 33.860416 -0.000000 -46.350693
f -3 -2 -1
v 33.927902 -25.800001 -46.241020
v 33.860416 -25.800001 -46.350693
v 33.860416 -0.000000 -46.350693
f -3 -2 -1
v 33.860416 -0.000000 -46.350693
v 33.860416 -25.800001 -46.350693
v 33.797695 -0.000000 -46.463154
f -3 -2 -1
v 33.860416 -25.800001 -46.350693
v 33.797695 -25.800001 -46.463154
v 33.797695 -0.000000 -46.463154
f -3 -2 -1
v 33.797695 -0.000000 -46.463154
v 33.797695 -25.800001 -46.463154
v 33.739861 -0.000000 -46.578205
f -3 -2 -1
v 33.797695 -25.800001 -46.463154
v 33.739861 -25.800001 -46.578205
v 33.739861 -0.000000 -46.578205
f -3 -2 -1
v 33.739861 -0.000000 -46.578205
v 33.739861 -25.800001 -46.578205
v 33.687016 -0.000000 -46.695633
f -3 -2 -1
v 33.739861 -25.800001 -46.578205
v 33.687016 -25.800001 -46.695633
v 33.687016 -0.000000 -46.695633
f -3 -2 -1
v 33.687016 -0.000000 -46.695633
v 33.687016 -25.800001 -46.695633
v 33.639259 -0.000000 -46.815224
f -3 -2 -1
v 33.687016 -25.800001 -46.695633
v 33.639259 -25.800001 -46.815224
v 33.639259 -0.000000 -46.815224
f -3 -2 -1
v 33.639259 -0.000000 -46.815224
v 33.639259 -25.800001 -46.815224
v 33.596680 -0.000000 -46.936752
f -3 -2 -1
v 33.639259 -25.800001 -46.815224
v 33.596680 -25.800001 -46.936752
v 33.596680 -0.000000 -46.936752
f -3 -2 -1
v 33.596680 -0.000000 -46.936752
v 33.596680 -25.800001 -46.936752
v 33.559353 -0.000000 -47.059994
f -3 -2 -1
v 33.596680 -25.800001 -46.936752
v 33.559353 -25.800001 -47.059994
v 33.559353 -0.000000 -47.059994
f -3 -2 -1
v 33.559353 -0.000000 -47.059994
v 33.559353 -25.800001 -47.059994
v 33.527351 0.000000 -47.184723
f -3 -2 -1
v 33.559353 -25.800001 -47.059994
v 33.527351 -25.800001 -47.184723
v 33.527351 0.000000 -47.184723
f -3 -2 -1
v 1.800000 0.000000 -13.000000
v 1.800000 0.000000 -10.000000
v 1.800000 -25.800001 -13.000000
f -3 -2 -1
v 1.800000 0.000000 -10.000000
v 1.800000 -25.800001 -10.000000
v 1.800000 -25.800001 -13.000000
f -3 -2 -1
v 35.905350 -25.800001 -44.917351
v 35.905350 0.000000 -44.917351
v 36.116989 -0.000000 -44.873634
f -3 -2 -1
v 35.905350 -25.800001 -44.917351
v 36.116989 -0.000000 -44.873634
v 36.116989 -25.800001 -44.873634
f -3 -2 -1
v 36.116989 -0.000000 -44.873634
v 36.326538 -0.000000 -44.820820
v 36.116989 -25.800001 -44.873634
f -3 -2 -1
v 36.116989 -25.800001 -44.873634
v 36.326538 -0.000000 -44.820820
v 36.326538 -25.800001 -44.820820
f -3 -2 -1
v 36.326538 -0.000000 -44.820820
v 36.533611 -0.000000 -44.758995
v 36.326538 -25.800001 -44.820820
f -3 -2 -1
v 36.326538 -25.800001 -44.820820
v 36.533611 -0.000000 -44.758995
v 36.533611 -25.800001 -44.758995
f -3 -2 -1
v 36.533611 -0.000000 -44.758995
v 36.737820 -0.000000 -44.688282
v 36.533611 -25.800001 -44.758995
f -3 -2 -1
v 36.533611 -25.800001 -44.758995
v 36.737820 -0.000000 -44.688282
v 36.737820 -25.800001 -44.688282
f -3 -2 -1
v 36.737820 -0.000000 -44.688282
v 36.938782 -0.000000 -44.608810
v 36.737820 -25.800001 -44.688282
f -3 -2 -1
v 36.737820 -25.800001 -44.688282
v 36.938782 -0.000000 -44.608810
v 36.938782 -25.800001 -44.608810
f -3 -2 -1
v 36.938782 -0.000000 -44.608810
v 37.136124 -0.000000 -44.520729
v 36.938782 -25.800001 -44.608810
f -3 -2 -1
v 36.938782 -25.800001 -44.608810
v 37.136124 -0.000000 -44.520729
v 37.136124 -25.800001 -44.520729
f -3 -2 -1
v 37.136124 -0.000000 -44.520729
v 37.329472 -0.000000 -44.424202
v 37.136124 -25.800001 -44.520729
f -3 -2 -1
v 37.136124 -25.800001 -44.520729
v 37.329472 -0.000000 -44.424202
v 37.329472 -25.800001 -44.424202
f -3 -2 -1
v 37.329472 -0.000000 -44.424202
v 37.518471 -0.000000 -44.319408
v 37.329472 -25.800001 -44.424202
f -3 -2 -1
v 37.329472 -25.800001 -44.424202
v 37.518471 -0.000000 -44.319408
v 37.518471 -25.800001 -44.319408
f -3 -2 -1
v 37.518471 -0.000000 -44.319408
v 37.702763 -0.000000 -44.206551
v 37.518471 -25.800001 -44.319408
f -3 -2 -1
v 37.518471 -25.800001 -44.319408
v 37.702763 -0.000000 -44.206551
v 37.702763 -25.800001 -44.206551
f -3 -2 -1
v 37.702763 -0.000000 -44.206551
v 37.882008 -0.000000 -44.085835
v 37.702763 -25.800001 -44.206551
f -3 -2 -1
v 37.702763 -25.800001 -44.206551
v 37.882008 -0.000000 -44.085835
v 37.882008 -25.800001 -44.085835
f -3 -2 -1
v 37.882008 -0.000000 -44.085835
v 38.055866 -0.000000 -43.957481
v 37.882008 -25.800001 -44.085835
f -3 -2 -1
v 37.882008 -25.800001 -44.085835
v 38.055866 -0.000000 -43.957481
v 38.055866 -25.800001 -43.957481
f -3 -2 -1
v 38.055866 -0.000000 -43.957481
v 38.224018 -0.000000 -43.821735
v 38.055866 -25.800001 -43.957481
f -3 -2 -1
v 38.055866 -25.800001 -43.957481
v 38.224018 -0.000000 -43.821735
v 38.224018 -25.800001 -43.821735
f -3 -2 -1
v 38.224018 -0.000000 -43.821735
v 38.386150 -0.000000 -43.678856
v 38.224018 -25.800001 -43.821735
f -3 -2 -1
v 38.224018 -25.800001 -43.821735
v 38.386150 -0.000000 -43.678856
v 38.386150 -25.800001 -43.678856
f -3 -2 -1
v 38.386150 -0.000000 -43.678856
v 38.541954 -0.000000 -43.529102
v 38.386150 -25.800001 -43.678856
f -3 -2 -1
v 38.386150 -25.800001 -43.678856
v 38.541954 -0.000000 -43.529102
v 38.541954 -25.800001 -43.529102
f -3 -2 -1
v 38.541954 -0.000000 -43.529102
v 38.691139 -0.000000 -43.372753
v 38.541954 -25.800001 -43.529102
f -3 -2 -1
v 38.541954 -25.800001 -43.529102
v 38.691139 -0.000000 -43.372753
v 38.691139 -25.800001 -43.372753
f -3 -2 -1
v 38.691139 -0.000000 -43.372753
v 38.833435 -0.000000 -43.210106
v 38.691139 -25.800001 -43.372753
f -3 -2 -1
v 38.691139 -25.800001 -43.372753
v 38.833435 -0.000000 -43.210106
v 38.833435 -25.800001 -43.210106
f -3 -2 -1
v 38.833435 -0.000000 -43.210106
v 38.968567 -0.000000 -43.041462
v 38.833435 -25.800001 -43.210106
f -3 -2 -1
v 38.833435 -25.800001 -43.210106
v 38.968567 -0.000000 -43.041462
v 38.968567 -25.800001 -43.041462
f -3 -2 -1
v 38.968567 -0.000000 -43.041462
v 39.096283 -0.000000 -42.867134
v 38.968567 -25.800001 -43.041462
f -3 -2 -1
v 38.968567 -25.800001 -43.041462
v 39.096283 -0.000000 -42.867134
v 39.096283 -25.800001 -42.867134
f -3 -2 -1
v 39.096283 -0.000000 -42.867134
v 39.216347 -0.000000 -42.687454
v 39.096283 -25.800001 -42.867134
f -3 -2 -1
v 39.096283 -25.800001 -42.867134
v 39.216347 -0.000000 -42.687454
v 39.216347 -25.800001 -42.687454
f -3 -2 -1
v 39.216347 -0.000000 -42.687454
v 39.328537 -0.000000 -42.502750
v 39.216347 -25.800001 -42.687454
f -3 -2 -1
v 39.216347 -25.800001 -42.687454
v 39.328537 -0.000000 -42.502750
v 39.328537 -25.800001 -42.502750
f -3 -2 -1
v 39.328537 -0.000000 -42.502750
v 39.432640 -0.000000 -42.313370
v 39.328537 -25.800001 -42.502750
f -3 -2 -1
v 39.328537 -25.800001 -42.502750
v 39.432640 -0.000000 -42.313370
v 39.432640 -25.800001 -42.313370
f -3 -2 -1
v 39.432640 -0.000000 -42.313370
v 39.528461 -0.000000 -42.119675
v 39.432640 -25.800001 -42.313370
f -3 -2 -1
v 39.432640 -25.800001 -42.313370
v 39.528461 -0.000000 -42.119675
v 39.528461 -25.800001 -42.119675
f -3 -2 -1
v 39.528461 -0.000000 -42.119675
v 39.615829 -0.000000 -41.922012
v 39.528461 -25.800001 -42.119675
f -3 -2 -1
v 39.528461 -25.800001 -42.119675
v 39.615829 -0.000000 -41.922012
v 39.615829 -25.800001 -41.922012
f -3 -2 -1
v 39.615829 -0.000000 -41.922012
v 39.694569 -0.000000 -41.720764
v 39.615829 -25.800001 -41.922012
f -3 -2 -1
v 39.615829 -25.800001 -41.922012
v 39.694569 -0.000000 -41.720764
v 39.694569 -25.800001 -41.720764
f -3 -2 -1
v 39.694569 -0.000000 -41.720764
v 39.764538 -0.000000 -41.516300
v 39.694569 -25.800001 -41.720764
f -3 -2 -1
v 39.694569 -25.800001 -41.720764
v 39.764538 -0.000000 -41.516300
v 39.764538 -25.800001 -41.516300
f -3 -2 -1
v 39.764538 -0.000000 -41.516300
v 39.825611 -0.000000 -41.309002
v 39.764538 -25.800001 -41.516300
f -3 -2 -1
v 39.764538 -25.800001 -41.516300
v 39.825611 -0.000000 -41.309002
v 39.825611 -25.800001 -41.309002
f -3 -2 -1
v 39.825611 -0.000000 -41.309002
v 39.877663 -0.000000 -41.099262
v 39.825611 -25.800001 -41.309002
f -3 -2 -1
v 39.825611 -25.800001 -41.309002
v 39.877663 -0.000000 -41.099262
v 39.877663 -25.800001 -41.099262
f -3 -2 -1
v 39.877663 -0.000000 -41.099262
v 39.920609 -0.000000 -40.887466
v 39.877663 -25.800001 -41.099262
f -3 -2 -1
v 39.877663 -25.800001 -41.099262
v 39.920609 -0.000000 -40.887466
v 39.920609 -25.800001 -40.887466
f -3 -2 -1
v 39.920609 -0.000000 -40.887466
v 39.954361 -0.000000 -40.674011
v 39.920609 -25.800001 -40.887466
f -3 -2 -1
v 39.920609 -25.800001 -40.887466
v 39.954361 -0.000000 -40.674011
v 39.954361 -25.800001 -40.674011
f -3 -2 -1
v 39.954361 -0.000000 -40.674011
v 39.978859 -0.000000 -40.459301
v 39.954361 -25.800001 -40.674011
f -3 -2 -1
v 39.954361 -25.800001 -40.674011
v 39.978859 -0.000000 -40.459301
v 39.978859 -25.800001 -40.459301
f -3 -2 -1
v 39.978859 -0.000000 -40.459301
v 39.994057 -0.000000 -40.243729
v 39.978859 -25.800001 -40.459301
f -3 -2 -1
v 39.978859 -25.800001 -40.459301
v 39.994057 -0.000000 -40.243729
v 39.994057 -25.800001 -40.243729
f -3 -2 -1
v 39.994057 -0.000000 -40.243729
v 39.999924 -0.000000 -40.027702
v 39.994057 -25.800001 -40.243729
f -3 -2 -1
v 39.994057 -25.800001 -40.243729
v 39.999924 -0.000000 -40.027702
v 39.999924 -25.800001 -40.027702
f -3 -2 -1
v 39.999924 -0.000000 -40.027702
v 39.996449 -0.000000 -39.811630
v 39.999924 -25.800001 -40.027702
f -3 -2 -1
v 39.999924 -25.800001 -40.027702
v 39.996449 -0.000000 -39.811630
v 39.996449 -25.800001 -39.811630
f -3 -2 -1
v 39.996449 -0.000000 -39.811630
v 39.983646 -0.000000 -39.595901
v 39.996449 -25.800001 -39.811630
f -3 -2 -1
v 39.996449 -25.800001 -39.811630
v 39.983646 -0.000000 -39.595901
v 39.983646 -25.800001 -39.595901
f -3 -2 -1
v 39.983646 -0.000000 -39.595901
v 39.961529 -0.000000 -39.380936
v 39.983646 -25.800001 -39.595901
f -3 -2 -1
v 39.983646 -25.800001 -39.595901
v 39.961529 -0.000000 -39.380936
v 39.961529 -25.800001 -39.380936
f -3 -2 -1
v 39.961529 -0.000000 -39.380936
v 39.930141 -0.000000 -39.167118
v 39.961529 -25.800001 -39.380936
f -3 -2 -1
v 39.961529 -25.800001 -39.380936
v 39.930141 -0.000000 -39.167118
v 39.930141 -25.800001 -39.167118
f -3 -2 -1
v 39.930141 -0.000000 -39.167118
v 39.889549 -0.000000 -38.954861
v 39.930141 -25.800001 -39.167118
f -3 -2 -1
v 39.930141 -25.800001 -39.167118
v 39.889549 -0.000000 -38.954861
v 39.889549 -25.800001 -38.954861
f -3 -2 -1
v 39.889549 -0.000000 -38.954861
v 39.839821 -0.000000 -38.744553
v 39.889549 -25.800001 -38.954861
f -3 -2 -1
v 39.889549 -25.800001 -38.954861
v 39.839821 -0.000000 -38.744553
v 39.839821 -25.800001 -38.744553
f -3 -2 -1
v 39.839821 -0.000000 -38.744553
v 39.781048 -0.000000 -38.536594
v 39.839821 -25.800001 -38.744553
f -3 -2 -1
v 39.839821 -25.800001 -38.744553
v 39.781048 -0.000000 -38.536594
v 39.781048 -25.800001 -38.536594
f -3 -2 -1
v 39.781048 -0.000000 -38.536594
v 39.713348 -0.000000 -38.331367
v 39.781048 -25.800001 -38.536594
f -3 -2 -1
v 39.781048 -25.800001 -38.536594
v 39.713348 -0.000000 -38.331367
v 39.713348 -25.800001 -38.331367
f -3 -2 -1
v 39.713348 -0.000000 -38.331367
v 39.636845 -0.000000 -38.129253
v 39.713348 -25.800001 -38.331367
f -3 -2 -1
v 39.713348 -25.800001 -38.331367
v 39.636845 -0.000000 -38.129253
v 39.636845 -25.800001 -38.129253
f -3 -2 -1
v 39.636845 -0.000000 -38.129253
v 39.551674 -0.000000 -37.930641
v 39.636845 -25.800001 -38.129253
f -3 -2 -1
v 39.636845 -25.800001 -38.129253
v 39.551674 -0.000000 -37.930641
v 39.551674 -25.800001 -37.930641
f -3 -2 -1
v 39.551674 -0.000000 -37.930641
v 39.458008 -0.000000 -37.735893
v 39.551674 -25.800001 -37.930641
f -3 -2 -1
v 39.551674 -25.800001 -37.930641
v 39.458008 -0.000000 -37.735893
v 39.458008 -25.800001 -37.735893
f -3 -2 -1
v 39.458008 -0.000000 -37.735893
v 39.356007 -0.000000 -37.545372
v 39.458008 -25.800001 -37.735893
f -3 -2 -1
v 39.458008 -25.800001 -37.735893
v 39.356007 -0.000000 -37.545372
v 39.356007 -25.800001 -37.545372
f -3 -2 -1
v 39.356007 -0.000000 -37.545372
v 39.245872 -0.000000 -37.359440
v 39.356007 -25.800001 -37.545372
f -3 -2 -1
v 39.356007 -25.800001 -37.545372
v 39.245872 -0.000000 -37.359440
v 39.245872 -25.800001 -37.359440
f -3 -2 -1
v 39.245872 -0.000000 -37.359440
v 39.127804 -0.000000 -37.178436
v 39.245872 -25.800001 -37.359440
f -3 -2 -1
v 39.245872 -25.800001 -37.359440
v 39.127804 -0.000000 -37.178436
v 39.127804 -25.800001 -37.178436
f -3 -2 -1
v 39.127804 -0.000000 -37.178436
v 39.002026 -0.000000 -37.002705
v 39.127804 -25.800001 -37.178436
f -3 -2 -1
v 39.127804 -25.800001 -37.178436
v 39.002026 -0.000000 -37.002705
v 39.002026 -25.800001 -37.002705
f -3 -2 -1
v 39.002026 -0.000000 -37.002705
v 38.868774 -0.000000 -36.832573
v 39.002026 -25.800001 -37.002705
f -3 -2 -1
v 39.002026 -25.800001 -37.002705
v 38.868774 -0.000000 -36.832573
v 38.868774 -25.800001 -36.832573
f -3 -2 -1
v 38.868774 -0.000000 -36.832573
v 38.728294 -0.000000 -36.668362
v 38.868774 -25.800001 -36.832573
f -3 -2 -1
v 38.868774 -25.800001 -36.832573
v 38.728294 -0.000000 -36.668362
v 38.728294 -25.800001 -36.668362
f -3 -2 -1
v 38.728294 -0.000000 -36.668362
v 38.580845 -0.000000 -36.510368
v 38.728294 -25.800001 -36.668362
f -3 -2 -1
v 38.728294 -25.800001 -36.668362
v 38.580845 -0.000000 -36.510368
v 38.580845 -25.800001 -36.510368
f -3 -2 -1
v 38.580845 -0.000000 -36.510368
v 38.426712 -0.000000 -36.358898
v 38.580845 -25.800001 -36.510368
f -3 -2 -1
v 38.580845 -25.800001 -36.510368
v 38.426712 -0.000000 -36.358898
v 38.426712 -25.800001 -36.358898
f -3 -2 -1
v 38.426712 -0.000000 -36.358898
v 38.266174 -0.000000 -36.214226
v 38.426712 -25.800001 -36.358898
f -3 -2 -1
v 38.426712 -25.800001 -36.358898
v 38.266174 -0.000000 -36.214226
v 38.266174 -25.800001 -36.214226
f -3 -2 -1
v 38.266174 -0.000000 -36.214226
v 38.099537 -0.000000 -36.076626
v 38.266174 -25.800001 -36.214226
f -3 -2 -1
v 38.266174 -25.800001 -36.214226
v 38.099537 -0.000000 -36.076626
v 38.099537 -25.800001 -36.076626
f -3 -2 -1
v 38.099537 -0.000000 -36.076626
v 37.927109 -0.000000 -35.946358
v 38.099537 -25.800001 -36.076626
f -3 -2 -1
v 38.099537 -25.800001 -36.076626
v 37.927109 -0.000000 -35.946358
v 37.927109 -25.800001 -35.946358
f -3 -2 -1
v 37.927109 -0.000000 -35.946358
v 37.749214 0.000000 -35.823658
v 37.927109 -25.800001 -35.946358
f -3 -2 -1
v 37.927109 -25.800001 -35.946358
v 37.749214 0.000000 -35.823658
v 37.749214 -25.800001 -35.823658
f -3 -2 -1
v 1.845706 -25.800001 -122.898315
v 1.845706 0.000000 -122.898315
v 7.162917 -0.000000 -114.069641
f -3 -2 -1
v 1.845706 -25.800001 -122.898315
v 7.162917 -0.000000 -114.069641
v 7.162917 -25.800001 -114.069641
f -3 -2 -1
v 7.162917 -0.000000 -114.069641
v 12.107889 -0.000000 -105.027214
v 7.162917 -25.800001 -114.069641
f -3 -2 -1
v 7.162917 -25.800001 -114.069641
v 12.107889 -0.000000 -105.027214
v 12.107889 -25.800001 -105.027214
f -3 -2 -1
v 12.107889 -0.000000 -105.027214
v 16.672047 -0.000000 -95.786720
v 12.107889 -25.800001 -105.027214
f -3 -2 -1
v 12.107889 -25.800001 -105.027214
v 16.672047 -0.000000 -95.786720
v 16.672047 -25.800001 -95.786720
f -3 -2 -1
v 16.672047 -0.000000 -95.786720
v 20.847471 -0.000000 -86.364189
v 16.672047 -25.800001 -95.786720
f -3 -2 -1
v 16.672047 -25.800001 -95.786720
v 20.847471 -0.000000 -86.364189
v 20.847471 -25.800001 -86.364189
f -3 -2 -1
v 20.847471 -25.800001 -86.364189
v 20.847471 -0.000000 -86.364189
v 23.807467 -25.800001 -78.957275
f -3 -2 -1
v 20.847471 -0.000000 -86.364189
v 23.807467 0.000000 -78.957275
v 23.807467 -25.800001 -78.957275
f -3 -2 -1
v 23.807467 -25.800001 -78.957275
v 23.807467 0.000000 -78.957275
v 24.626919 -25.800001 -76.775970
f -3 -2 -1
v 23.807467 0.000000 -78.957275
v 24.626919 -0.000000 -76.775970
v 24.626919 -25.800001 -76.775970
f -3 -2 -1
v 24.626919 -25.800001 -76.775970
v 24.626919 -0.000000 -76.775970
v 25.687456 -25.800001 -73.855865
f -3 -2 -1
v 24.626919 -0.000000 -76.775970
v 25.687456 0.000000 -73.855865
v 25.687456 -25.800001 -73.855865
f -3 -2 -1
v 25.687456 -25.800001 -73.855865
v 25.687456 0.000000 -73.855865
v 26.700487 -25.800001 -70.954140
f -3 -2 -1
v 25.687456 0.000000 -73.855865
v 26.700487 0.000000 -70.954140
v 26.700487 -25.800001 -70.954140
f -3 -2 -1
v 26.700487 -25.800001 -70.954140
v 26.700487 0.000000 -70.954140
v 27.220219 -25.800001 -69.418762
f -3 -2 -1
v 26.700487 0.000000 -70.954140
v 27.220219 0.000000 -69.418762
v 27.220219 -25.800001 -69.418762
f -3 -2 -1
v 27.220219 -25.800001 -69.418762
v 27.220219 0.000000 -69.418762
v 27.932993 -25.800001 -67.257233
f -3 -2 -1
v 27.220219 0.000000 -69.418762
v 27.932993 0.000000 -67.257233
v 27.932993 -25.800001 -67.257233
f -3 -2 -1
v 27.932993 -25.800001 -67.257233
v 27.932993 0.000000 -67.257233
v 28.003836 -25.800001 -67.038681
f -3 -2 -1
v 27.932993 0.000000 -67.257233
v 28.003836 -0.000000 -67.038681
v 28.003836 -25.800001 -67.038681
f -3 -2 -1
v 28.003836 -25.800001 -67.038681
v 28.003836 -0.000000 -67.038681
v 30.972363 -0.000000 -57.169228
f -3 -2 -1
v 33.527351 0.000000 -47.184723
v 33.527351 -25.800001 -47.184723
v 32.949188 0.000000 -49.602558
f -3 -2 -1
v 33.527351 -25.800001 -47.184723
v 32.949188 -25.800001 -49.602558
v 32.949188 0.000000 -49.602558
f -3 -2 -1
v 32.949188 0.000000 -49.602558
v 32.949188 -25.800001 -49.602558
v 32.620037 0.000000 -50.933117
f -3 -2 -1
v 32.949188 -25.800001 -49.602558
v 32.620037 -25.800001 -50.933117
v 32.620037 0.000000 -50.933117
f -3 -2 -1
v 32.620037 0.000000 -50.933117
v 32.620037 -25.800001 -50.933117
v 32.516083 0.000000 -51.346886
f -3 -2 -1
v 32.620037 -25.800001 -50.933117
v 32.516083 -25.800001 -51.346886
v 32.516083 0.000000 -51.346886
f -3 -2 -1
v 32.516083 0.000000 -51.346886
v 32.516083 -25.800001 -51.346886
v 31.729963 0.000000 -54.383240
f -3 -2 -1
v 32.516083 -25.800001 -51.346886
v 31.729963 -25.800001 -54.383240
v 31.729963 0.000000 -54.383240
f -3 -2 -1
v 31.729963 0.000000 -54.383240
v 31.729963 -25.800001 -54.383240
v 30.972363 -0.000000 -57.169228
f -3 -2 -1
v 31.729963 -25.800001 -54.383240
v 30.972363 -25.800001 -57.169228
v 30.972363 -0.000000 -57.169228
f -3 -2 -1
v 30.972363 -0.000000 -57.169228
v 30.972363 -25.800001 -57.169228
v 28.003836 -25.800001 -67.038681
f -3 -2 -1
v 0.000000 -25.800001 -3.000000
v 0.000000 0.000000 -3.000000
v 0.000000 -25.800001 -8.500000
f -3 -2 -1
v 0.000000 0.000000 -3.000000
v 0.000000 0.000000 -8.500000
v 0.000000 -25.800001 -8.500000
f -3 -2 -1
v 0.000000 -25.800001 -8.500000
v 0.000000 0.000000 -8.500000
v 0.000000 -25.800001 -14.000000
f -3 -2 -1
v 0.000000 0.000000 -8.500000
v 0.000000 0.000000 -14.000000
v 0.000000 -25.800001 -14.000000
f -3 -2 -1
v 0.000000 -25.800001 -14.000000
v 0.000000 0.000000 -14.000000
v 0.000000 -25.800001 -21.103415
f -3 -2 -1
v 0.000000 0.000000 -14.000000
v 0.000000 0.000000 -21.103415
v 0.000000 -25.800001 -21.103415
f -3 -2 -1
v 0.000000 -25.800001 -21.103415
v 0.000000 0.000000 -21.103415
v 0.000000 -25.800001 -26.255507
f -3 -2 -1
v 0.000000 0.000000 -21.103415
v 0.000000 0.000000 -26.255507
v 0.000000 -25.800001 -26.255507
f -3 -2 -1
v 0.000000 -25.800001 -26.255507
v 0.000000 0.000000 -26.255507
v 0.000000 -25.800001 -33.721882
f -3 -2 -1
v 0.000000 0.000000 -26.255507
v 0.000000 0.000000 -33.721882
v 0.000000 -25.800001 -33.721882
f -3 -2 -1
v 0.000000 -25.800001 -33.721882
v 0.000000 0.000000 -33.721882
v 0.000000 -25.800001 -37.908504
f -3 -2 -1
v 0.000000 0.000000 -33.721882
v 0.000000 0.000000 -37.908504
v 0.000000 -25.800001 -37.908504
f -3 -2 -1
v 0.000000 -25.800001 -37.908504
v 0.000000 0.000000 -37.908504
v 0.000000 -25.800001 -43.047668
f -3 -2 -1
v 0.000000 0.000000 -37.908504
v 0.000000 0.000000 -43.047668
v 0.000000 -25.800001 -43.047668
f -3 -2 -1
v 0.000000 -25.800001 -43.047668
v 0.000000 0.000000 -43.047668
v 0.000000 -25.800001 -44.918316
f -3 -2 -1
v 0.000000 0.000000 -43.047668
v 0.000000 0.000000 -44.918316
v 0.000000 -25.800001 -44.918316
f -3 -2 -1
v 0.000000 -25.800001 -44.918316
v 0.000000 0.000000 -44.918316
v 0.000000 -25.800001 -50.920654
f -3 -2 -1
v 0.000000 0.000000 -44.918316
v 0.000000 0.000000 -50.920654
v 0.000000 -25.800001 -50.920654
f -3 -2 -1
v 0.000000 -25.800001 -50.920654
v 0.000000 0.000000 -50.920654
v 0.000000 -25.800001 -67.255699
f -3 -2 -1
v 0.000000 0.000000 -50.920654
v 0.000000 0.000000 -67.255699
v 0.000000 -25.800001 -67.255699
f -3 -2 -1
v 0.000000 -25.800001 -67.255699
v 0.000000 0.000000 -67.255699
v 0.000000 -25.800001 -70.937248
f -3 -2 -1
v 0.000000 0.000000 -67.255699
v 0.000000 0.000000 -70.937248
v 0.000000 -25.800001 -70.937248
f -3 -2 -1
v 0.000000 -25.800001 -70.937248
v 0.000000 0.000000 -70.937248
v 0.000000 -25.800001 -78.943504
f -3 -2 -1
v 0.000000 0.000000 -70.937248
v 0.000000 0.000000 -78.943504
v 0.000000 -25.800001 -78.943504
f -3 -2 -1
v 0.000000 -25.800001 -78.943504
v 0.000000 0.000000 -78.943504
v 0.000000 -25.800001 -87.635147
f -3 -2 -1
v 0.000000 0.000000 -78.943504
v 0.000000 0.000000 -87.635147
v 0.000000 -25.800001 -87.635147
f -3 -2 -1
v 0.000000 -25.800001 -87.635147
v 0.000000 0.000000 -87.635147
v 0.000000 -25.800001 -101.423584
f -3 -2 -1
v 0.000000 0.000000 -87.635147
v 0.000000 0.000000 -101.423584
v 0.000000 -25.800001 -101.423584
f -3 -2 -1
v 0.000000 -25.800001 -101.423584
v 0.000000 0.000000 -101.423584
v 0.000000 -25.800001 -113.875107
f -3 -2 -1
v 0.000000 0.000000 -101.423584
v 0.000000 0.000000 -113.875107
v 0.000000 -25.800001 -113.875107
f -3 -2 -1
v 0.000000 -25.800001 -113.875107
v 0.000000 0.000000 -113.875107
v 0.000000 -25.800001 -122.364670
f -3 -2 -1
v 0.000000 0.000000 -113.875107
v 0.000000 0.000000 -122.364670
v 0.000000 -25.800001 -122.364670
f -3 -2 -1
v 36.724026 -25.800001 0.000000
v 36.724026 0.000000 0.000000
v 32.911129 -25.800001 0.000000
f -3 -2 -1
v 36.724026 0.000000 0.000000
v 32.911129 0.000000 0.000000
v 32.911129 -25.800001 0.000000
f -3 -2 -1
v 32.911129 -25.800001 0.000000
v 32.911129 0.000000 0.000000
v 32.465580 -25.800001 0.000000
f -3 -2 -1
v 32.911129 0.000000 0.000000
v 32.465580 0.000000 0.000000
v 32.465580 -25.800001 0.000000
f -3 -2 -1
v 32.465580 -25.800001 0.000000
v 32.465580 0.000000 0.000000
v 31.688030 -25.800001 0.000000
f -3 -2 -1
v 32.465580 0.000000 0.000000
v 31.688030 0.000000 0.000000
v 31.688030 -25.800001 0.000000
f -3 -2 -1
v 31.688030 -25.800001 0.000000
v 31.688030 0.000000 0.000000
v 27.182903 -25.800001 0.000000
f -3 -2 -1
v 31.688030 0.000000 0.000000
v 27.182903 0.000000 0.000000
v 27.182903 -25.800001 0.000000
f -3 -2 -1
v 27.182903 -25.800001 0.000000
v 27.182903 0.000000 0.000000
v 25.644754 -25.800001 0.000000
f -3 -2 -1
v 27.182903 0.000000 0.000000
v 25.644754 0.000000 0.000000
v 25.644754 -25.800001 0.000000
f -3 -2 -1
v 25.644754 -25.800001 0.000000
v 25.644754 0.000000 0.000000
v 3.000000 -25.800001 0.000000
f -3 -2 -1
v 25.644754 0.000000 0.000000
v 3.000000 0.000000 0.000000
v 3.000000 -25.800001 0.000000
f -3 -2 -1
v 1.800000 -25.800001 -119.197716
v 1.800000 0.000000 -119.197716
v 1.800000 -25.800001 -113.875107
f -3 -2 -1
v 1.800000 0.000000 -119.197716
v 1.800000 0.000000 -113.875107
v 1.800000 -25.800001 -113.875107
f -3 -2 -1
v 1.800000 -25.800001 -113.875107
v 1.800000 0.000000 -113.875107
v 1.800000 -25.800001 -102.477142
f -3 -2 -1
v 1.800000 0.000000 -113.875107
v 1.800000 0.000000 -102.477142
v 1.800000 -25.800001 -102.477142
f -3 -2 -1
v 6.404593 -25.800001 -109.847748
v 6.404593 0.000000 -109.847748
v 1.800000 -25.800001 -119.197716
f -3 -2 -1
v 6.404593 0.000000 -109.847748
v 1.800000 0.000000 -119.197716
v 1.800000 -25.800001 -119.197716
f -3 -2 -1
v 7.010340 -25.800001 -108.552490
v 7.010340 0.000000 -108.552490
v 1.800000 -25.800001 -100.212257
f -3 -2 -1
v 7.010340 0.000000 -108.552490
v 1.800000 0.000000 -100.212257
v 1.800000 -25.800001 -100.212257
f -3 -2 -1
v 6.404593 0.000000 -109.847748
v 6.404593 -25.800001 -109.847748
v 1.800000 0.000000 -102.477142
f -3 -2 -1
v 6.404593 -25.800001 -109.847748
v 1.800000 -25.800001 -102.477142
v 1.800000 0.000000 -102.477142
f -3 -2 -1
v 1.800000 -25.800001 -90.126244
v 1.800000 -25.800001 -100.212257
v 1.800000 0.000000 -90.126244
f -3 -2 -1
v 1.800000 -25.800001 -100.212257
v 1.800000 0.000000 -100.212257
v 1.800000 0.000000 -90.126244
f -3 -2 -1
v 10.108701 -25.800001 -101.654388
v 10.108701 0.000000 -101.654388
v 7.010340 -25.800001 -108.552490
f -3 -2 -1
v 10.108701 0.000000 -101.654388
v 7.010340 0.000000 -108.552490
v 7.010340 -25.800001 -108.552490
f -3 -2 -1
v 10.662220 -25.800001 -100.370033
v 10.662220 0.000000 -100.370033
v 1.800000 -25.800001 -88.073891
f -3 -2 -1
v 10.662220 0.000000 -100.370033
v 1.800000 0.000000 -88.073891
v 1.800000 -25.800001 -88.073891
f -3 -2 -1
v 10.108701 0.000000 -101.654388
v 10.108701 -25.800001 -101.654388
v 1.800000 0.000000 -90.126244
f -3 -2 -1
v 10.108701 -25.800001 -101.654388
v 1.800000 -25.800001 -90.126244
v 1.800000 0.000000 -90.126244
f -3 -2 -1
v 1.800000 0.000000 -79.861618
v 1.800000 -25.800001 -79.861618
v 1.800000 0.000000 -87.635147
f -3 -2 -1
v 1.800000 -25.800001 -79.861618
v 1.800000 -25.800001 -87.635147
v 1.800000 0.000000 -87.635147
f -3 -2 -1
v 1.800000 0.000000 -87.635147
v 1.800000 -25.800001 -87.635147
v 1.800000 0.000000 -88.073891
f -3 -2 -1
v 1.800000 -25.800001 -87.635147
v 1.800000 -25.800001 -88.073891
v 1.800000 0.000000 -88.073891
f -3 -2 -1
v 13.360944 -25.800001 -93.851807
v 13.360944 0.000000 -93.851807
v 10.662220 -25.800001 -100.370033
f -3 -2 -1
v 13.360944 0.000000 -93.851807
v 10.662220 0.000000 -100.370033
v 10.662220 -25.800001 -100.370033
f -3 -2 -1
v 13.866414 -25.800001 -92.579681
v 13.866414 0.000000 -92.579681
v 1.800000 -25.800001 -77.977806
f -3 -2 -1
v 13.866414 0.000000 -92.579681
v 1.800000 0.000000 -77.977806
v 1.800000 -25.800001 -77.977806
f -3 -2 -1
v 13.360944 0.000000 -93.851807
v 13.360944 -25.800001 -93.851807
v 1.800000 0.000000 -79.861618
f -3 -2 -1
v 13.360944 -25.800001 -93.851807
v 1.800000 -25.800001 -79.861618
v 1.800000 0.000000 -79.861618
f -3 -2 -1
v 1.800000 -25.800001 -71.127274
v 1.800000 -25.800001 -77.977806
v 1.800000 0.000000 -71.127274
f -3 -2 -1
v 1.800000 -25.800001 -77.977806
v 1.800000 0.000000 -77.977806
v 1.800000 0.000000 -71.127274
f -3 -2 -1
v 16.223970 -25.800001 -86.403404
v 16.223970 0.000000 -86.403404
v 13.866414 -25.800001 -92.579681
f -3 -2 -1
v 16.223970 0.000000 -86.403404
v 13.866414 0.000000 -92.579681
v 13.866414 -25.800001 -92.579681
f -3 -2 -1
v 16.685268 -25.800001 -85.144051
v 16.685268 0.000000 -85.144051
v 1.800000 -25.800001 -69.379364
f -3 -2 -1
v 16.685268 0.000000 -85.144051
v 1.800000 0.000000 -69.379364
v 1.800000 -25.800001 -69.379364
f -3 -2 -1
v 16.223970 0.000000 -86.403404
v 16.223970 -25.800001 -86.403404
v 1.800000 0.000000 -71.127274
f -3 -2 -1
v 16.223970 -25.800001 -86.403404
v 1.800000 -25.800001 -71.127274
v 1.800000 0.000000 -71.127274
f -3 -2 -1
v 18.750858 -25.800001 -79.272064
v 18.750858 0.000000 -79.272064
v 16.685268 -25.800001 -85.144051
f -3 -2 -1
v 18.750858 0.000000 -79.272064
v 16.685268 0.000000 -85.144051
v 16.685268 -25.800001 -85.144051
f -3 -2 -1
v 19.171513 -25.800001 -78.025391
v 19.171513 0.000000 -78.025391
v 7.564079 -25.800001 -67.255699
f -3 -2 -1
v 19.171513 0.000000 -78.025391
v 7.564079 0.000000 -67.255699
v 7.564079 -25.800001 -67.255699
f -3 -2 -1
v 7.564079 -25.800001 -67.255699
v 7.564079 0.000000 -67.255699
v 1.800000 -25.800001 -61.907631
f -3 -2 -1
v 7.564079 0.000000 -67.255699
v 1.800000 0.000000 -61.907631
v 1.800000 -25.800001 -61.907631
f -3 -2 -1
v 1.800000 -25.800001 -63.544594
v 1.800000 0.000000 -63.544594
v 5.799783 -25.800001 -67.255699
f -3 -2 -1
v 1.800000 0.000000 -63.544594
v 5.799783 0.000000 -67.255699
v 5.799783 -25.800001 -67.255699
f -3 -2 -1
v 5.799783 -25.800001 -67.255699
v 5.799783 0.000000 -67.255699
v 9.767707 -25.800001 -70.937248
f -3 -2 -1
v 5.799783 0.000000 -67.255699
v 9.767707 0.000000 -70.937248
v 9.767707 -25.800001 -70.937248
f -3 -2 -1
v 9.767707 -25.800001 -70.937248
v 9.767707 0.000000 -70.937248
v 18.396744 -25.800001 -78.943504
f -3 -2 -1
v 9.767707 0.000000 -70.937248
v 18.396744 0.000000 -78.943504
v 18.396744 -25.800001 -78.943504
f -3 -2 -1
v 18.396744 -25.800001 -78.943504
v 18.396744 0.000000 -78.943504
v 18.750858 -25.800001 -79.272064
f -3 -2 -1
v 18.396744 0.000000 -78.943504
v 18.750858 0.000000 -79.272064
v 18.750858 -25.800001 -79.272064
f -3 -2 -1
v 20.868191 -25.800001 -72.797913
v 20.868191 0.000000 -72.797913
v 19.171513 -25.800001 -78.025391
f -3 -2 -1
v 20.868191 0.000000 -72.797913
v 19.171513 0.000000 -78.025391
v 19.171513 -25.800001 -78.025391
f -3 -2 -1
v 21.504438 -25.800001 -70.747223
v 21.504438 0.000000 -70.747223
v 1.800000 -25.800001 -55.034267
f -3 -2 -1
v 21.504438 0.000000 -70.747223
v 1.800000 0.000000 -55.034267
v 1.800000 -25.800001 -55.034267
f -3 -2 -1
v 20.868191 0.000000 -72.797913
v 20.868191 -25.800001 -72.797913
v 1.800000 0.000000 -57.592312
f -3 -2 -1
v 20.868191 -25.800001 -72.797913
v 1.800000 -25.800001 -57.592312
v 1.800000 0.000000 -57.592312
f -3 -2 -1
v 35.000000 0.000000 -42.000000
v 35.000000 -25.800001 -42.000000
v 35.087238 0.000000 -41.998096
f -3 -2 -1
v 35.000000 -25.800001 -42.000000
v 35.087238 -25.800001 -41.998096
v 35.087238 0.000000 -41.998096
f -3 -2 -1
v 35.087238 0.000000 -41.998096
v 35.087238 -25.800001 -41.998096
v 35.174309 0.000000 -41.992390
f -3 -2 -1
v 35.087238 -25.800001 -41.998096
v 35.174309 -25.800001 -41.992390
v 35.174309 0.000000 -41.992390
f -3 -2 -1
v 35.174309 0.000000 -41.992390
v 35.174309 -25.800001 -41.992390
v 35.261055 0.000000 -41.982887
f -3 -2 -1
v 35.174309 -25.800001 -41.992390
v 35.261055 -25.800001 -41.982887
v 35.261055 0.000000 -41.982887
f -3 -2 -1
v 35.261055 0.000000 -41.982887
v 35.261055 -25.800001 -41.982887
v 35.347298 0.000000 -41.969616
f -3 -2 -1
v 35.261055 -25.800001 -41.982887
v 35.347298 -25.800001 -41.969616
v 35.347298 0.000000 -41.969616
f -3 -2 -1
v 35.347298 0.000000 -41.969616
v 35.347298 -25.800001 -41.969616
v 35.432880 0.000000 -41.952591
f -3 -2 -1
v 35.347298 -25.800001 -41.969616
v 35.432880 -25.800001 -41.952591
v 35.432880 0.000000 -41.952591
f -3 -2 -1
v 35.432880 0.000000 -41.952591
v 35.432880 -25.800001 -41.952591
v 35.517635 0.000000 -41.931854
f -3 -2 -1
v 35.432880 -25.800001 -41.952591
v 35.517635 -25.800001 -41.931854
v 35.517635 0.000000 -41.931854
f -3 -2 -1
v 35.517635 0.000000 -41.931854
v 35.517635 -25.800001 -41.931854
v 35.601410 0.000000 -41.907433
f -3 -2 -1
v 35.517635 -25.800001 -41.931854
v 35.601410 -25.800001 -41.907433
v 35.601410 0.000000 -41.907433
f -3 -2 -1
v 35.601410 0.000000 -41.907433
v 35.601410 -25.800001 -41.907433
v 35.684040 0.000000 -41.879387
f -3 -2 -1
v 35.601410 -25.800001 -41.907433
v 35.684040 -25.800001 -41.879387
v 35.684040 0.000000 -41.879387
f -3 -2 -1
v 35.684040 0.000000 -41.879387
v 35.684040 -25.800001 -41.879387
v 35.765369 0.000000 -41.847759
f -3 -2 -1
v 35.684040 -25.800001 -41.879387
v 35.765369 -25.800001 -41.847759
v 35.765369 0.000000 -41.847759
f -3 -2 -1
v 35.765369 0.000000 -41.847759
v 35.765369 -25.800001 -41.847759
v 35.845234 0.000000 -41.812618
f -3 -2 -1
v 35.765369 -25.800001 -41.847759
v 35.845234 -25.800001 -41.812618
v 35.845234 0.000000 -41.812618
f -3 -2 -1
v 35.845234 0.000000 -41.812618
v 35.845234 -25.800001 -41.812618
v 35.923496 0.000000 -41.774025
f -3 -2 -1
v 35.845234 -25.800001 -41.812618
v 35.923496 -25.800001 -41.774025
v 35.923496 0.000000 -41.774025
f -3 -2 -1
v 35.923496 0.000000 -41.774025
v 35.923496 -25.800001 -41.774025
v 36.000000 0.000000 -41.732052
f -3 -2 -1
v 35.923496 -25.800001 -41.774025
v 36.000000 -25.800001 -41.732052
v 36.000000 0.000000 -41.732052
f -3 -2 -1
v 36.000000 0.000000 -41.732052
v 36.000000 -25.800001 -41.732052
v 36.074596 0.000000 -41.686783
f -3 -2 -1
v 36.000000 -25.800001 -41.732052
v 36.074596 -25.800001 -41.686783
v 36.074596 0.000000 -41.686783
f -3 -2 -1
v 36.074596 0.000000 -41.686783
v 36.074596 -25.800001 -41.686783
v 36.147152 0.000000 -41.638302
f -3 -2 -1
v 36.074596 -25.800001 -41.686783
v 36.147152 -25.800001 -41.638302
v 36.147152 0.000000 -41.638302
f -3 -2 -1
v 36.147152 0.000000 -41.638302
v 36.147152 -25.800001 -41.638302
v 36.217522 0.000000 -41.586708
f -3 -2 -1
v 36.147152 -25.800001 -41.638302
v 36.217522 -25.800001 -41.586708
v 36.217522 0.000000 -41.586708
f -3 -2 -1
v 36.217522 0.000000 -41.586708
v 36.217522 -25.800001 -41.586708
v 36.285576 0.000000 -41.532089
f -3 -2 -1
v 36.217522 -25.800001 -41.586708
v 36.285576 -25.800001 -41.532089
v 36.285576 0.000000 -41.532089
f -3 -2 -1
v 36.285576 0.000000 -41.532089
v 36.285576 -25.800001 -41.532089
v 36.351181 0.000000 -41.474556
f -3 -2 -1
v 36.285576 -25.800001 -41.532089
v 36.351181 -25.800001 -41.474556
v 36.351181 0.000000 -41.474556
f -3 -2 -1
v 36.351181 0.000000 -41.474556
v 36.351181 -25.800001 -41.474556
v 36.414215 0.000000 -41.414211
f -3 -2 -1
v 36.351181 -25.800001 -41.474556
v 36.414215 -25.800001 -41.414211
v 36.414215 0.000000 -41.414211
f -3 -2 -1
v 36.414215 0.000000 -41.414211
v 36.414215 -25.800001 -41.414211
v 36.474556 0.000000 -41.351181
f -3 -2 -1
v 36.414215 -25.800001 -41.414211
v 36.474556 -25.800001 -41.351181
v 36.474556 0.000000 -41.351181
f -3 -2 -1
v 36.474556 0.000000 -41.351181
v 36.474556 -25.800001 -41.351181
v 36.532089 0.000000 -41.285576
f -3 -2 -1
v 36.474556 -25.800001 -41.351181
v 36.532089 -25.800001 -41.285576
v 36.532089 0.000000 -41.285576
f -3 -2 -1
v 36.532089 0.000000 -41.285576
v 36.532089 -25.800001 -41.285576
v 36.586704 0.000000 -41.217525
f -3 -2 -1
v 36.532089 -25.800001 -41.285576
v 36.586704 -25.800001 -41.217525
v 36.586704 0.000000 -41.217525
f -3 -2 -1
v 36.586704 0.000000 -41.217525
v 36.586704 -25.800001 -41.217525
v 36.638306 0.000000 -41.147152
f -3 -2 -1
v 36.586704 -25.800001 -41.217525
v 36.638306 -25.800001 -41.147152
v 36.638306 0.000000 -41.147152
f -3 -2 -1
v 36.638306 0.000000 -41.147152
v 36.638306 -25.800001 -41.147152
v 36.686783 0.000000 -41.074600
f -3 -2 -1
v 36.638306 -25.800001 -41.147152
v 36.686783 -25.800001 -41.074600
v 36.686783 0.000000 -41.074600
f -3 -2 -1
v 36.686783 0.000000 -41.074600
v 36.686783 -25.800001 -41.074600
v 36.732052 0.000000 -41.000000
f -3 -2 -1
v 36.686783 -25.800001 -41.074600
v 36.732052 -25.800001 -41.000000
v 36.732052 0.000000 -41.000000
f -3 -2 -1
v 36.732052 0.000000 -41.000000
v 36.732052 -25.800001 -41.000000
v 36.774021 0.000000 -40.923500
f -3 -2 -1
v 36.732052 -25.800001 -41.000000
v 36.774021 -25.800001 -40.923500
v 36.774021 0.000000 -40.923500
f -3 -2 -1
v 36.774021 0.000000 -40.923500
v 36.774021 -25.800001 -40.923500
v 36.812614 0.000000 -40.845238
f -3 -2 -1
v 36.774021 -25.800001 -40.923500
v 36.812614 -25.800001 -40.845238
v 36.812614 0.000000 -40.845238
f -3 -2 -1
v 36.812614 0.000000 -40.845238
v 36.812614 -25.800001 -40.845238
v 36.847759 0.000000 -40.765366
f -3 -2 -1
v 36.812614 -25.800001 -40.845238
v 36.847759 -25.800001 -40.765366
v 36.847759 0.000000 -40.765366
f -3 -2 -1
v 36.847759 0.000000 -40.765366
v 36.847759 -25.800001 -40.765366
v 36.879387 0.000000 -40.684040
f -3 -2 -1
v 36.847759 -25.800001 -40.765366
v 36.879387 -25.800001 -40.684040
v 36.879387 0.000000 -40.684040
f -3 -2 -1
v 36.879387 0.000000 -40.684040
v 36.879387 -25.800001 -40.684040
v 36.907433 0.000000 -40.601410
f -3 -2 -1
v 36.879387 -25.800001 -40.684040
v 36.907433 -25.800001 -40.601410
v 36.907433 0.000000 -40.601410
f -3 -2 -1
v 36.907433 0.000000 -40.601410
v 36.907433 -25.800001 -40.601410
v 36.931850 0.000000 -40.517639
f -3 -2 -1
v 36.907433 -25.800001 -40.601410
v 36.931850 -25.800001 -40.517639
v 36.931850 0.000000 -40.517639
f -3 -2 -1
v 36.931850 0.000000 -40.517639
v 36.931850 -25.800001 -40.517639
v 36.952591 0.000000 -40.432877
f -3 -2 -1
v 36.931850 -25.800001 -40.517639
v 36.952591 -25.800001 -40.432877
v 36.952591 0.000000 -40.432877
f -3 -2 -1
v 36.952591 0.000000 -40.432877
v 36.952591 -25.800001 -40.432877
v 36.969616 0.000000 -40.347298
f -3 -2 -1
v 36.952591 -25.800001 -40.432877
v 36.969616 -25.800001 -40.347298
v 36.969616 0.000000 -40.347298
f -3 -2 -1
v 36.969616 0.000000 -40.347298
v 36.969616 -25.800001 -40.347298
v 36.982891 0.000000 -40.261051
f -3 -2 -1
v 36.969616 -25.800001 -40.347298
v 36.982891 -25.800001 -40.261051
v 36.982891 0.000000 -40.261051
f -3 -2 -1
v 36.982891 0.000000 -40.261051
v 36.982891 -25.800001 -40.261051
v 36.992390 0.000000 -40.174313
f -3 -2 -1
v 36.982891 -25.800001 -40.261051
v 36.992390 -25.800001 -40.174313
v 36.992390 0.000000 -40.174313
f -3 -2 -1
v 36.992390 0.000000 -40.174313
v 36.992390 -25.800001 -40.174313
v 36.998096 0.000000 -40.087238
f -3 -2 -1
v 36.992390 -25.800001 -40.174313
v 36.998096 -25.800001 -40.087238
v 36.998096 0.000000 -40.087238
f -3 -2 -1
v 36.998096 0.000000 -40.087238
v 36.998096 -25.800001 -40.087238
v 37.000000 0.000000 -40.000000
f -3 -2 -1
v 36.998096 -25.800001 -40.087238
v 37.000000 -25.800001 -40.000000
v 37.000000 0.000000 -40.000000
f -3 -2 -1
v 37.000000 0.000000 -40.000000
v 37.000000 -25.800001 -40.000000
v 36.998096 0.000000 -39.912762
f -3 -2 -1
v 37.000000 -25.800001 -40.000000
v 36.998096 -25.800001 -39.912762
v 36.998096 0.000000 -39.912762
f -3 -2 -1
v 36.998096 0.000000 -39.912762
v 36.998096 -25.800001 -39.912762
v 36.992390 0.000000 -39.825687
f -3 -2 -1
v 36.998096 -25.800001 -39.912762
v 36.992390 -25.800001 -39.825687
v 36.992390 0.000000 -39.825687
f -3 -2 -1
v 36.992390 0.000000 -39.825687
v 36.992390 -25.800001 -39.825687
v 36.982891 0.000000 -39.738949
f -3 -2 -1
v 36.992390 -25.800001 -39.825687
v 36.982891 -25.800001 -39.738949
v 36.982891 0.000000 -39.738949
f -3 -2 -1
v 36.982891 0.000000 -39.738949
v 36.982891 -25.800001 -39.738949
v 36.969616 0.000000 -39.652706
f -3 -2 -1
v 36.982891 -25.800001 -39.738949
v 36.969616 -25.800001 -39.652706
v 36.969616 0.000000 -39.652706
f -3 -2 -1
v 36.969616 0.000000 -39.652706
v 36.969616 -25.800001 -39.652706
v 36.952591 0.000000 -39.567120
f -3 -2 -1
v 36.969616 -25.800001 -39.652706
v 36.952591 -25.800001 -39.567120
v 36.952591 0.000000 -39.567120
f -3 -2 -1
v 36.952591 0.000000 -39.567120
v 36.952591 -25.800001 -39.567120
v 36.931850 0.000000 -39.482361
f -3 -2 -1
v 36.952591 -25.800001 -39.567120
v 36.931850 -25.800001 -39.482361
v 36.931850 0.000000 -39.482361
f -3 -2 -1
v 36.931850 0.000000 -39.482361
v 36.931850 -25.800001 -39.482361
v 36.907433 0.000000 -39.398590
f -3 -2 -1
v 36.931850 -25.800001 -39.482361
v 36.907433 -25.800001 -39.398590
v 36.907433 0.000000 -39.398590
f -3 -2 -1
v 36.907433 0.000000 -39.398590
v 36.907433 -25.800001 -39.398590
v 36.879387 0.000000 -39.315960
f -3 -2 -1
v 36.907433 -25.800001 -39.398590
v 36.879387 -25.800001 -39.315960
v 36.879387 0.000000 -39.315960
f -3 -2 -1
v 36.879387 0.000000 -39.315960
v 36.879387 -25.800001 -39.315960
v 36.847759 0.000000 -39.234634
f -3 -2 -1
v 36.879387 -25.800001 -39.315960
v 36.847759 -25.800001 -39.234634
v 36.847759 0.000000 -39.234634
f -3 -2 -1
v 36.847759 0.000000 -39.234634
v 36.847759 -25.800001 -39.234634
v 36.812614 0.000000 -39.154766
f -3 -2 -1
v 36.847759 -25.800001 -39.234634
v 36.812614 -25.800001 -39.154766
v 36.812614 0.000000 -39.154766
f -3 -2 -1
v 36.812614 0.000000 -39.154766
v 36.812614 -25.800001 -39.154766
v 36.774021 0.000000 -39.076504
f -3 -2 -1
v 36.812614 -25.800001 -39.154766
v 36.774021 -25.800001 -39.076504
v 36.774021 0.000000 -39.076504
f -3 -2 -1
v 36.774021 0.000000 -39.076504
v 36.774021 -25.800001 -39.076504
v 36.732052 0.000000 -39.000000
f -3 -2 -1
v 36.774021 -25.800001 -39.076504
v 36.732052 -25.800001 -39.000000
v 36.732052 0.000000 -39.000000
f -3 -2 -1
v 36.732052 0.000000 -39.000000
v 36.732052 -25.800001 -39.000000
v 36.686783 0.000000 -38.925404
f -3 -2 -1
v 36.732052 -25.800001 -39.000000
v 36.686783 -25.800001 -38.925404
v 36.686783 0.000000 -38.925404
f -3 -2 -1
v 36.686783 0.000000 -38.925404
v 36.686783 -25.800001 -38.925404
v 36.638306 0.000000 -38.852848
f -3 -2 -1
v 36.686783 -25.800001 -38.925404
v 36.638306 -25.800001 -38.852848
v 36.638306 0.000000 -38.852848
f -3 -2 -1
v 36.638306 0.000000 -38.852848
v 36.638306 -25.800001 -38.852848
v 36.586704 0.000000 -38.782478
f -3 -2 -1
v 36.638306 -25.800001 -38.852848
v 36.586704 -25.800001 -38.782478
v 36.586704 0.000000 -38.782478
f -3 -2 -1
v 36.586704 0.000000 -38.782478
v 36.586704 -25.800001 -38.782478
v 36.532089 0.000000 -38.714424
f -3 -2 -1
v 36.586704 -25.800001 -38.782478
v 36.532089 -25.800001 -38.714424
v 36.532089 0.000000 -38.714424
f -3 -2 -1
v 36.532089 0.000000 -38.714424
v 36.532089 -25.800001 -38.714424
v 36.474556 0.000000 -38.648823
f -3 -2 -1
v 36.532089 -25.800001 -38.714424
v 36.474556 -25.800001 -38.648823
v 36.474556 0.000000 -38.648823
f -3 -2 -1
v 36.474556 0.000000 -38.648823
v 36.474556 -25.800001 -38.648823
v 36.414215 0.000000 -38.585785
f -3 -2 -1
v 36.474556 -25.800001 -38.648823
v 36.414215 -25.800001 -38.585785
v 36.414215 0.000000 -38.585785
f -3 -2 -1
v 36.414215 0.000000 -38.585785
v 36.414215 -25.800001 -38.585785
v 36.351181 0.000000 -38.525444
f -3 -2 -1
v 36.414215 -25.800001 -38.585785
v 36.351181 -25.800001 -38.525444
v 36.351181 0.000000 -38.525444
f -3 -2 -1
v 36.351181 0.000000 -38.525444
v 36.351181 -25.800001 -38.525444
v 36.285576 0.000000 -38.467911
f -3 -2 -1
v 36.351181 -25.800001 -38.525444
v 36.285576 -25.800001 -38.467911
v 36.285576 0.000000 -38.467911
f -3 -2 -1
v 36.285576 0.000000 -38.467911
v 36.285576 -25.800001 -38.467911
v 36.217522 0.000000 -38.413292
f -3 -2 -1
v 36.285576 -25.800001 -38.467911
v 36.217522 -25.800001 -38.413292
v 36.217522 0.000000 -38.413292
f -3 -2 -1
v 36.217522 0.000000 -38.413292
v 36.217522 -25.800001 -38.413292
v 36.147152 0.000000 -38.361694
f -3 -2 -1
v 36.217522 -25.800001 -38.413292
v 36.147152 -25.800001 -38.361694
v 36.147152 0.000000 -38.361694
f -3 -2 -1
v 36.147152 0.000000 -38.361694
v 36.147152 -25.800001 -38.361694
v 36.074596 0.000000 -38.313217
f -3 -2 -1
v 36.147152 -25.800001 -38.361694
v 36.074596 -25.800001 -38.313217
v 36.074596 0.000000 -38.313217
f -3 -2 -1
v 36.074596 0.000000 -38.313217
v 36.074596 -25.800001 -38.313217
v 36.000000 0.000000 -38.267948
f -3 -2 -1
v 36.074596 -25.800001 -38.313217
v 36.000000 -25.800001 -38.267948
v 36.000000 0.000000 -38.267948
f -3 -2 -1
v 36.000000 0.000000 -38.267948
v 36.000000 -25.800001 -38.267948
v 35.923496 0.000000 -38.225979
f -3 -2 -1
v 36.000000 -25.800001 -38.267948
v 35.923496 -25.800001 -38.225979
v 35.923496 0.000000 -38.225979
f -3 -2 -1
v 35.923496 0.000000 -38.225979
v 35.923496 -25.800001 -38.225979
v 35.845234 0.000000 -38.187386
f -3 -2 -1
v 35.923496 -25.800001 -38.225979
v 35.845234 -25.800001 -38.187386
v 35.845234 0.000000 -38.187386
f -3 -2 -1
v 35.845234 0.000000 -38.187386
v 35.845234 -25.800001 -38.187386
v 35.765369 0.000000 -38.152241
f -3 -2 -1
v 35.845234 -25.800001 -38.187386
v 35.765369 -25.800001 -38.152241
v 35.765369 0.000000 -38.152241
f -3 -2 -1
v 35.765369 0.000000 -38.152241
v 35.765369 -25.800001 -38.152241
v 35.684040 0.000000 -38.120617
f -3 -2 -1
v 35.765369 -25.800001 -38.152241
v 35.684040 -25.800001 -38.120617
v 35.684040 0.000000 -38.120617
f -3 -2 -1
v 35.684040 0.000000 -38.120617
v 35.684040 -25.800001 -38.120617
v 35.601410 0.000000 -38.092564
f -3 -2 -1
v 35.684040 -25.800001 -38.120617
v 35.601410 -25.800001 -38.092564
v 35.601410 0.000000 -38.092564
f -3 -2 -1
v 35.601410 0.000000 -38.092564
v 35.601410 -25.800001 -38.092564
v 35.517635 0.000000 -38.068150
f -3 -2 -1
v 35.601410 -25.800001 -38.092564
v 35.517635 -25.800001 -38.068150
v 35.517635 0.000000 -38.068150
f -3 -2 -1
v 35.517635 0.000000 -38.068150
v 35.517635 -25.800001 -38.068150
v 35.432880 0.000000 -38.047405
f -3 -2 -1
v 35.517635 -25.800001 -38.068150
v 35.432880 -25.800001 -38.047405
v 35.432880 0.000000 -38.047405
f -3 -2 -1
v 35.432880 0.000000 -38.047405
v 35.432880 -25.800001 -38.047405
v 35.347298 0.000000 -38.030388
f -3 -2 -1
v 35.432880 -25.800001 -38.047405
v 35.347298 -25.800001 -38.030388
v 35.347298 0.000000 -38.030388
f -3 -2 -1
v 35.347298 0.000000 -38.030388
v 35.347298 -25.800001 -38.030388
v 35.261055 0.000000 -38.017109
f -3 -2 -1
v 35.347298 -25.800001 -38.030388
v 35.261055 -25.800001 -38.017109
v 35.261055 0.000000 -38.017109
f -3 -2 -1
v 35.261055 0.000000 -38.017109
v 35.261055 -25.800001 -38.017109
v 35.174309 0.000000 -38.007610
f -3 -2 -1
v 35.261055 -25.800001 -38.017109
v 35.174309 -25.800001 -38.007610
v 35.174309 0.000000 -38.007610
f -3 -2 -1
v 35.174309 0.000000 -38.007610
v 35.174309 -25.800001 -38.007610
v 35.087238 0.000000 -38.001904
f -3 -2 -1
v 35.174309 -25.800001 -38.007610
v 35.087238 -25.800001 -38.001904
v 35.087238 0.000000 -38.001904
f -3 -2 -1
v 35.087238 0.000000 -38.001904
v 35.087238 -25.800001 -38.001904
v 35.000000 0.000000 -38.000000
f -3 -2 -1
v 35.087238 -25.800001 -38.001904
v 35.000000 -25.800001 -38.000000
v 35.000000 0.000000 -38.000000
f -3 -2 -1
v 35.000000 0.000000 -38.000000
v 35.000000 -25.800001 -38.000000
v 34.912762 0.000000 -38.001904
f -3 -2 -1
v 35.000000 -25.800001 -38.000000
v 34.912762 -25.800001 -38.001904
v 34.912762 0.000000 -38.001904
f -3 -2 -1
v 34.912762 0.000000 -38.001904
v 34.912762 -25.800001 -38.001904
v 34.825691 0.000000 -38.007610
f -3 -2 -1
v 34.912762 -25.800001 -38.001904
v 34.825691 -25.800001 -38.007610
v 34.825691 0.000000 -38.007610
f -3 -2 -1
v 34.825691 0.000000 -38.007610
v 34.825691 -25.800001 -38.007610
v 34.738945 0.000000 -38.017109
f -3 -2 -1
v 34.825691 -25.800001 -38.007610
v 34.738945 -25.800001 -38.017109
v 34.738945 0.000000 -38.017109
f -3 -2 -1
v 34.738945 0.000000 -38.017109
v 34.738945 -25.800001 -38.017109
v 34.652702 0.000000 -38.030388
f -3 -2 -1
v 34.738945 -25.800001 -38.017109
v 34.652702 -25.800001 -38.030388
v 34.652702 0.000000 -38.030388
f -3 -2 -1
v 34.652702 0.000000 -38.030388
v 34.652702 -25.800001 -38.030388
v 34.567120 0.000000 -38.047405
f -3 -2 -1
v 34.652702 -25.800001 -38.030388
v 34.567120 -25.800001 -38.047405
v 34.567120 0.000000 -38.047405
f -3 -2 -1
v 34.567120 0.000000 -38.047405
v 34.567120 -25.800001 -38.047405
v 34.482365 0.000000 -38.068150
f -3 -2 -1
v 34.567120 -25.800001 -38.047405
v 34.482365 -25.800001 -38.068150
v 34.482365 0.000000 -38.068150
f -3 -2 -1
v 34.482365 0.000000 -38.068150
v 34.482365 -25.800001 -38.068150
v 34.398590 0.000000 -38.092564
f -3 -2 -1
v 34.482365 -25.800001 -38.068150
v 34.398590 -25.800001 -38.092564
v 34.398590 0.000000 -38.092564
f -3 -2 -1
v 34.398590 0.000000 -38.092564
v 34.398590 -25.800001 -38.092564
v 34.315960 0.000000 -38.120617
f -3 -2 -1
v 34.398590 -25.800001 -38.092564
v 34.315960 -25.800001 -38.120617
v 34.315960 0.000000 -38.120617
f -3 -2 -1
v 34.315960 0.000000 -38.120617
v 34.315960 -25.800001 -38.120617
v 34.234631 0.000000 -38.152241
f -3 -2 -1
v 34.315960 -25.800001 -38.120617
v 34.234631 -25.800001 -38.152241
v 34.234631 0.000000 -38.152241
f -3 -2 -1
v 34.234631 0.000000 -38.152241
v 34.234631 -25.800001 -38.152241
v 34.154766 0.000000 -38.187386
f -3 -2 -1
v 34.234631 -25.800001 -38.152241
v 34.154766 -25.800001 -38.187386
v 34.154766 0.000000 -38.187386
f -3 -2 -1
v 34.154766 0.000000 -38.187386
v 34.154766 -25.800001 -38.187386
v 34.076504 0.000000 -38.225979
f -3 -2 -1
v 34.154766 -25.800001 -38.187386
v 34.076504 -25.800001 -38.225979
v 34.076504 0.000000 -38.225979
f -3 -2 -1
v 34.076504 0.000000 -38.225979
v 34.076504 -25.800001 -38.225979
v 34.000000 0.000000 -38.267948
f -3 -2 -1
v 34.076504 -25.800001 -38.225979
v 34.000000 -25.800001 -38.267948
v 34.000000 0.000000 -38.267948
f -3 -2 -1
v 34.000000 0.000000 -38.267948
v 34.000000 -25.800001 -38.267948
v 33.925400 0.000000 -38.313217
f -3 -2 -1
v 34.000000 -25.800001 -38.267948
v 33.925400 -25.800001 -38.313217
v 33.925400 0.000000 -38.313217
f -3 -2 -1
v 33.925400 0.000000 -38.313217
v 33.925400 -25.800001 -38.313217
v 33.852844 0.000000 -38.361694
f -3 -2 -1
v 33.925400 -25.800001 -38.313217
v 33.852844 -25.800001 -38.361694
v 33.852844 0.000000 -38.361694
f -3 -2 -1
v 33.852844 0.000000 -38.361694
v 33.852844 -25.800001 -38.361694
v 33.782478 0.000000 -38.413292
f -3 -2 -1
v 33.852844 -25.800001 -38.361694
v 33.782478 -25.800001 -38.413292
v 33.782478 0.000000 -38.413292
f -3 -2 -1
v 33.782478 0.000000 -38.413292
v 33.782478 -25.800001 -38.413292
v 33.714424 0.000000 -38.467911
f -3 -2 -1
v 33.782478 -25.800001 -38.413292
v 33.714424 -25.800001 -38.467911
v 33.714424 0.000000 -38.467911
f -3 -2 -1
v 33.714424 0.000000 -38.467911
v 33.714424 -25.800001 -38.467911
v 33.648819 0.000000 -38.525444
f -3 -2 -1
v 33.714424 -25.800001 -38.467911
v 33.648819 -25.800001 -38.525444
v 33.648819 0.000000 -38.525444
f -3 -2 -1
v 33.648819 0.000000 -38.525444
v 33.648819 -25.800001 -38.525444
v 33.585785 0.000000 -38.585785
f -3 -2 -1
v 33.648819 -25.800001 -38.525444
v 33.585785 -25.800001 -38.585785
v 33.585785 0.000000 -38.585785
f -3 -2 -1
v 33.585785 0.000000 -38.585785
v 33.585785 -25.800001 -38.585785
v 33.525444 0.000000 -38.648823
f -3 -2 -1
v 33.585785 -25.800001 -38.585785
v 33.525444 -25.800001 -38.648823
v 33.525444 0.000000 -38.648823
f -3 -2 -1
v 33.525444 0.000000 -38.648823
v 33.525444 -25.800001 -38.648823
v 33.467911 0.000000 -38.714424
f -3 -2 -1
v 33.525444 -25.800001 -38.648823
v 33.467911 -25.800001 -38.714424
v 33.467911 0.000000 -38.714424
f -3 -2 -1
v 33.467911 0.000000 -38.714424
v 33.467911 -25.800001 -38.714424
v 33.413296 0.000000 -38.782478
f -3 -2 -1
v 33.467911 -25.800001 -38.714424
v 33.413296 -25.800001 -38.782478
v 33.413296 0.000000 -38.782478
f -3 -2 -1
v 33.413296 0.000000 -38.782478
v 33.413296 -25.800001 -38.782478
v 33.361694 0.000000 -38.852848
f -3 -2 -1
v 33.413296 -25.800001 -38.782478
v 33.361694 -25.800001 -38.852848
v 33.361694 0.000000 -38.852848
f -3 -2 -1
v 33.361694 0.000000 -38.852848
v 33.361694 -25.800001 -38.852848
v 33.313217 0.000000 -38.925404
f -3 -2 -1
v 33.361694 -25.800001 -38.852848
v 33.313217 -25.800001 -38.925404
v 33.313217 0.000000 -38.925404
f -3 -2 -1
v 33.313217 0.000000 -38.925404
v 33.313217 -25.800001 -38.925404
v 33.267948 0.000000 -39.000000
f -3 -2 -1
v 33.313217 -25.800001 -38.925404
v 33.267948 -25.800001 -39.000000
v 33.267948 0.000000 -39.000000
f -3 -2 -1
v 33.267948 0.000000 -39.000000
v 33.267948 -25.800001 -39.000000
v 33.225979 0.000000 -39.076504
f -3 -2 -1
v 33.267948 -25.800001 -39.000000
v 33.225979 -25.800001 -39.076504
v 33.225979 0.000000 -39.076504
f -3 -2 -1
v 33.225979 0.000000 -39.076504
v 33.225979 -25.800001 -39.076504
v 33.187386 0.000000 -39.154766
f -3 -2 -1
v 33.225979 -25.800001 -39.076504
v 33.187386 -25.800001 -39.154766
v 33.187386 0.000000 -39.154766
f -3 -2 -1
v 33.187386 0.000000 -39.154766
v 33.187386 -25.800001 -39.154766
v 33.152241 0.000000 -39.234634
f -3 -2 -1
v 33.187386 -25.800001 -39.154766
v 33.152241 -25.800001 -39.234634
v 33.152241 0.000000 -39.234634
f -3 -2 -1
v 33.152241 0.000000 -39.234634
v 33.152241 -25.800001 -39.234634
v 33.120613 0.000000 -39.315960
f -3 -2 -1
v 33.152241 -25.800001 -39.234634
v 33.120613 -25.800001 -39.315960
v 33.120613 0.000000 -39.315960
f -3 -2 -1
v 33.120613 0.000000 -39.315960
v 33.120613 -25.800001 -39.315960
v 33.092567 0.000000 -39.398590
f -3 -2 -1
v 33.120613 -25.800001 -39.315960
v 33.092567 -25.800001 -39.398590
v 33.092567 0.000000 -39.398590
f -3 -2 -1
v 33.092567 0.000000 -39.398590
v 33.092567 -25.800001 -39.398590
v 33.068146 0.000000 -39.482361
f -3 -2 -1
v 33.092567 -25.800001 -39.398590
v 33.068146 -25.800001 -39.482361
v 33.068146 0.000000 -39.482361
f -3 -2 -1
v 33.068146 0.000000 -39.482361
v 33.068146 -25.800001 -39.482361
v 33.047409 0.000000 -39.567120
f -3 -2 -1
v 33.068146 -25.800001 -39.482361
v 33.047409 -25.800001 -39.567120
v 33.047409 0.000000 -39.567120
f -3 -2 -1
v 33.047409 0.000000 -39.567120
v 33.047409 -25.800001 -39.567120
v 33.030384 0.000000 -39.652706
f -3 -2 -1
v 33.047409 -25.800001 -39.567120
v 33.030384 -25.800001 -39.652706
v 33.030384 0.000000 -39.652706
f -3 -2 -1
v 33.030384 0.000000 -39.652706
v 33.030384 -25.800001 -39.652706
v 33.017109 0.000000 -39.738949
f -3 -2 -1
v 33.030384 -25.800001 -39.652706
v 33.017109 -25.800001 -39.738949
v 33.017109 0.000000 -39.738949
f -3 -2 -1
v 33.017109 0.000000 -39.738949
v 33.017109 -25.800001 -39.738949
v 33.007610 0.000000 -39.825687
f -3 -2 -1
v 33.017109 -25.800001 -39.738949
v 33.007610 -25.800001 -39.825687
v 33.007610 0.000000 -39.825687
f -3 -2 -1
v 33.007610 0.000000 -39.825687
v 33.007610 -25.800001 -39.825687
v 33.001904 0.000000 -39.912762
f -3 -2 -1
v 33.007610 -25.800001 -39.825687
v 33.001904 -25.800001 -39.912762
v 33.001904 0.000000 -39.912762
f -3 -2 -1
v 33.001904 0.000000 -39.912762
v 33.001904 -25.800001 -39.912762
v 33.000000 0.000000 -40.000000
f -3 -2 -1
v 33.001904 -25.800001 -39.912762
v 33.000000 -25.800001 -40.000000
v 33.000000 0.000000 -40.000000
f -3 -2 -1
v 33.000000 0.000000 -40.000000
v 33.000000 -25.800001 -40.000000
v 33.001904 0.000000 -40.087238
f -3 -2 -1
v 33.000000 -25.800001 -40.000000
v 33.001904 -25.800001 -40.087238
v 33.001904 0.000000 -40.087238
f -3 -2 -1
v 33.001904 0.000000 -40.087238
v 33.001904 -25.800001 -40.087238
v 33.007610 0.000000 -40.174313
f -3 -2 -1
v 33.001904 -25.800001 -40.087238
v 33.007610 -25.800001 -40.174313
v 33.007610 0.000000 -40.174313
f -3 -2 -1
v 33.007610 0.000000 -40.174313
v 33.007610 -25.800001 -40.174313
v 33.017109 0.000000 -40.261051
f -3 -2 -1
v 33.007610 -25.800001 -40.174313
v 33.017109 -25.800001 -40.261051
v 33.017109 0.000000 -40.261051
f -3 -2 -1
v 33.017109 0.000000 -40.261051
v 33.017109 -25.800001 -40.261051
v 33.030384 0.000000 -40.347298
f -3 -2 -1
v 33.017109 -25.800001 -40.261051
v 33.030384 -25.800001 -40.347298
v 33.030384 0.000000 -40.347298
f -3 -2 -1
v 33.030384 0.000000 -40.347298
v 33.030384 -25.800001 -40.347298
v 33.047409 0.000000 -40.432877
f -3 -2 -1
v 33.030384 -25.800001 -40.347298
v 33.047409 -25.800001 -40.432877
v 33.047409 0.000000 -40.432877
f -3 -2 -1
v 33.047409 0.000000 -40.432877
v 33.047409 -25.800001 -40.432877
v 33.068146 0.000000 -40.517639
f -3 -2 -1
v 33.047409 -25.800001 -40.432877
v 33.068146 -25.800001 -40.517639
v 33.068146 0.000000 -40.517639
f -3 -2 -1
v 33.068146 0.000000 -40.517639
v 33.068146 -25.800001 -40.517639
v 33.092567 0.000000 -40.601410
f -3 -2 -1
v 33.068146 -25.800001 -40.517639
v 33.092567 -25.800001 -40.601410
v 33.092567 0.000000 -40.601410
f -3 -2 -1
v 33.092567 0.000000 -40.601410
v 33.092567 -25.800001 -40.601410
v 33.120613 0.000000 -40.684040
f -3 -2 -1
v 33.092567 -25.800001 -40.601410
v 33.120613 -25.800001 -40.684040
v 33.120613 0.000000 -40.684040
f -3 -2 -1
v 33.120613 0.000000 -40.684040
v 33.120613 -25.800001 -40.684040
v 33.152241 0.000000 -40.765366
f -3 -2 -1
v 33.120613 -25.800001 -40.684040
v 33.152241 -25.800001 -40.765366
v 33.152241 0.000000 -40.765366
f -3 -2 -1
v 33.152241 0.000000 -40.765366
v 33.152241 -25.800001 -40.765366
v 33.187386 0.000000 -40.845238
f -3 -2 -1
v 33.152241 -25.800001 -40.765366
v 33.187386 -25.800001 -40.845238
v 33.187386 0.000000 -40.845238
f -3 -2 -1
v 33.187386 0.000000 -40.845238
v 33.187386 -25.800001 -40.845238
v 33.225979 0.000000 -40.923500
f -3 -2 -1
v 33.187386 -25.800001 -40.845238
v 33.225979 -25.800001 -40.923500
v 33.225979 0.000000 -40.923500
f -3 -2 -1
v 33.225979 0.000000 -40.923500
v 33.225979 -25.800001 -40.923500
v 33.267948 0.000000 -41.000000
f -3 -2 -1
v 33.225979 -25.800001 -40.923500
v 33.267948 -25.800001 -41.000000
v 33.267948 0.000000 -41.000000
f -3 -2 -1
v 33.267948 0.000000 -41.000000
v 33.267948 -25.800001 -41.000000
v 33.313217 0.000000 -41.074600
f -3 -2 -1
v 33.267948 -25.800001 -41.000000
v 33.313217 -25.800001 -41.074600
v 33.313217 0.000000 -41.074600
f -3 -2 -1
v 33.313217 0.000000 -41.074600
v 33.313217 -25.800001 -41.074600
v 33.361694 0.000000 -41.147152
f -3 -2 -1
v 33.313217 -25.800001 -41.074600
v 33.361694 -25.800001 -41.147152
v 33.361694 0.000000 -41.147152
f -3 -2 -1
v 33.361694 0.000000 -41.147152
v 33.361694 -25.800001 -41.147152
v 33.413296 0.000000 -41.217525
f -3 -2 -1
v 33.361694 -25.800001 -41.147152
v 33.413296 -25.800001 -41.217525
v 33.413296 0.000000 -41.217525
f -3 -2 -1
v 33.413296 0.000000 -41.217525
v 33.413296 -25.800001 -41.217525
v 33.467911 0.000000 -41.285576
f -3 -2 -1
v 33.413296 -25.800001 -41.217525
v 33.467911 -25.800001 -41.285576
v 33.467911 0.000000 -41.285576
f -3 -2 -1
v 33.467911 0.000000 -41.285576
v 33.467911 -25.800001 -41.285576
v 33.525444 0.000000 -41.351181
f -3 -2 -1
v 33.467911 -25.800001 -41.285576
v 33.525444 -25.800001 -41.351181
v 33.525444 0.000000 -41.351181
f -3 -2 -1
v 33.525444 0.000000 -41.351181
v 33.525444 -25.800001 -41.351181
v 33.585785 0.000000 -41.414211
f -3 -2 -1
v 33.525444 -25.800001 -41.351181
v 33.585785 -25.800001 -41.414211
v 33.585785 0.000000 -41.414211
f -3 -2 -1
v 33.585785 0.000000 -41.414211
v 33.585785 -25.800001 -41.414211
v 33.648819 0.000000 -41.474556
f -3 -2 -1
v 33.585785 -25.800001 -41.414211
v 33.648819 -25.800001 -41.474556
v 33.648819 0.000000 -41.474556
f -3 -2 -1
v 33.648819 0.000000 -41.474556
v 33.648819 -25.800001 -41.474556
v 33.714424 0.000000 -41.532089
f -3 -2 -1
v 33.648819 -25.800001 -41.474556
v 33.714424 -25.800001 -41.532089
v 33.714424 0.000000 -41.532089
f -3 -2 -1
v 33.714424 0.000000 -41.532089
v 33.714424 -25.800001 -41.532089
v 33.782478 0.000000 -41.586708
f -3 -2 -1
v 33.714424 -25.800001 -41.532089
v 33.782478 -25.800001 -41.586708
v 33.782478 0.000000 -41.586708
f -3 -2 -1
v 33.782478 0.000000 -41.586708
v 33.782478 -25.800001 -41.586708
v 33.852844 0.000000 -41.638302
f -3 -2 -1
v 33.782478 -25.800001 -41.586708
v 33.852844 -25.800001 -41.638302
v 33.852844 0.000000 -41.638302
f -3 -2 -1
v 33.852844 0.000000 -41.638302
v 33.852844 -25.800001 -41.638302
v 33.925400 0.000000 -41.686783
f -3 -2 -1
v 33.852844 -25.800001 -41.638302
v 33.925400 -25.800001 -41.686783
v 33.925400 0.000000 -41.686783
f -3 -2 -1
v 33.925400 0.000000 -41.686783
v 33.925400 -25.800001 -41.686783
v 34.000000 0.000000 -41.732052
f -3 -2 -1
v 33.925400 -25.800001 -41.686783
v 34.000000 -25.800001 -41.732052
v 34.000000 0.000000 -41.732052
f -3 -2 -1
v 34.000000 0.000000 -41.732052
v 34.000000 -25.800001 -41.732052
v 34.076504 0.000000 -41.774025
f -3 -2 -1
v 34.000000 -25.800001 -41.732052
v 34.076504 -25.800001 -41.774025
v 34.076504 0.000000 -41.774025
f -3 -2 -1
v 34.076504 0.000000 -41.774025
v 34.076504 -25.800001 -41.774025
v 34.154766 0.000000 -41.812618
f -3 -2 -1
v 34.076504 -25.800001 -41.774025
v 34.154766 -25.800001 -41.812618
v 34.154766 0.000000 -41.812618
f -3 -2 -1
v 34.154766 0.000000 -41.812618
v 34.154766 -25.800001 -41.812618
v 34.234631 0.000000 -41.847759
f -3 -2 -1
v 34.154766 -25.800001 -41.812618
v 34.234631 -25.800001 -41.847759
v 34.234631 0.000000 -41.847759
f -3 -2 -1
v 34.234631 0.000000 -41.847759
v 34.234631 -25.800001 -41.847759
v 34.315960 0.000000 -41.879387
f -3 -2 -1
v 34.234631 -25.800001 -41.847759
v 34.315960 -25.800001 -41.879387
v 34.315960 0.000000 -41.879387
f -3 -2 -1
v 34.315960 0.000000 -41.879387
v 34.315960 -25.800001 -41.879387
v 34.398590 0.000000 -41.907433
f -3 -2 -1
v 34.315960 -25.800001 -41.879387
v 34.398590 -25.800001 -41.907433
v 34.398590 0.000000 -41.907433
f -3 -2 -1
v 34.398590 0.000000 -41.907433
v 34.398590 -25.800001 -41.907433
v 34.482365 0.000000 -41.931854
f -3 -2 -1
v 34.398590 -25.800001 -41.907433
v 34.482365 -25.800001 -41.931854
v 34.482365 0.000000 -41.931854
f -3 -2 -1
v 34.482365 0.000000 -41.931854
v 34.482365 -25.800001 -41.931854
v 34.567120 0.000000 -41.952591
f -3 -2 -1
v 34.482365 -25.800001 -41.931854
v 34.567120 -25.800001 -41.952591
v 34.567120 0.000000 -41.952591
f -3 -2 -1
v 34.567120 0.000000 -41.952591
v 34.567120 -25.800001 -41.952591
v 34.652702 0.000000 -41.969616
f -3 -2 -1
v 34.567120 -25.800001 -41.952591
v 34.652702 -25.800001 -41.969616
v 34.652702 0.000000 -41.969616
f -3 -2 -1
v 34.652702 0.000000 -41.969616
v 34.652702 -25.800001 -41.969616
v 34.738945 0.000000 -41.982887
f -3 -2 -1
v 34.652702 -25.800001 -41.969616
v 34.738945 -25.800001 -41.982887
v 34.738945 0.000000 -41.982887
f -3 -2 -1
v 34.738945 0.000000 -41.982887
v 34.738945 -25.800001 -41.982887
v 34.825691 0.000000 -41.992390
f -3 -2 -1
v 34.738945 -25.800001 -41.982887
v 34.825691 -25.800001 -41.992390
v 34.825691 0.000000 -41.992390
f -3 -2 -1
v 34.825691 0.000000 -41.992390
v 34.825691 -25.800001 -41.992390
v 34.912762 0.000000 -41.998096
f -3 -2 -1
v 34.825691 -25.800001 -41.992390
v 34.912762 -25.800001 -41.998096
v 34.912762 0.000000 -41.998096
f -3 -2 -1
v 34.912762 0.000000 -41.998096
v 34.912762 -25.800001 -41.998096
v 35.000000 0.000000 -42.000000
f -3 -2 -1
v 34.912762 -25.800001 -41.998096
v 35.000000 -25.800001 -42.000000
v 35.000000 0.000000 -42.000000
f -3 -2 -1
v 1.800000 -25.800001 -51.357292
v 1.800000 -25.800001 -55.034267
v 1.800000 0.000000 -51.357292
f -3 -2 -1
v 1.800000 -25.800001 -55.034267
v 1.800000 0.000000 -55.034267
v 1.800000 0.000000 -51.357292
f -3 -2 -1
v 22.974243 -25.800001 -65.792961
v 22.974243 0.000000 -65.792961
v 21.504438 -25.800001 -70.747223
f -3 -2 -1
v 22.974243 0.000000 -65.792961
v 21.504438 0.000000 -70.747223
v 21.504438 -25.800001 -70.747223
f -3 -2 -1
v 23.548916 -25.800001 -63.764175
v 23.548916 0.000000 -63.764175
v 1.800000 -25.800001 -48.936722
f -3 -2 -1
v 23.548916 0.000000 -63.764175
v 1.800000 0.000000 -48.936722
v 1.800000 -25.800001 -48.936722
f -3 -2 -1
v 1.800000 -25.800001 -27.082140
v 1.800000 0.000000 -27.082140
v 25.644754 -25.800001 -32.524342
f -3 -2 -1
v 1.800000 0.000000 -27.082140
v 25.644754 0.000000 -32.524342
v 25.644754 -25.800001 -32.524342
f -3 -2 -1
v 25.644754 -25.800001 -32.524342
v 25.644754 0.000000 -32.524342
v 30.292091 -25.800001 -33.585022
f -3 -2 -1
v 25.644754 0.000000 -32.524342
v 30.292091 0.000000 -33.585022
v 30.292091 -25.800001 -33.585022
f -3 -2 -1
v 31.267159 -25.800001 -27.408640
v 31.267159 0.000000 -27.408640
v 30.618839 -25.800001 -31.608168
f -3 -2 -1
v 31.267159 0.000000 -27.408640
v 30.618839 0.000000 -31.608168
v 30.618839 -25.800001 -31.608168
f -3 -2 -1
v 31.551287 -25.800001 -25.428873
v 31.551287 0.000000 -25.428873
v 27.182903 -25.800001 -24.770470
f -3 -2 -1
v 31.551287 0.000000 -25.428873
v 27.182903 0.000000 -24.770470
v 27.182903 -25.800001 -24.770470
f -3 -2 -1
v 27.182903 -25.800001 -24.770470
v 27.182903 0.000000 -24.770470
v 25.644754 -25.800001 -24.538639
f -3 -2 -1
v 27.182903 0.000000 -24.770470
v 25.644754 0.000000 -24.538639
v 25.644754 -25.800001 -24.538639
f -3 -2 -1
v 25.644754 -25.800001 -24.538639
v 25.644754 0.000000 -24.538639
v 2.852661 -25.800001 -21.103415
f -3 -2 -1
v 25.644754 0.000000 -24.538639
v 2.852661 0.000000 -21.103415
v 2.852661 -25.800001 -21.103415
f -3 -2 -1
v 2.852661 -25.800001 -21.103415
v 2.852661 0.000000 -21.103415
v 1.800000 -25.800001 -20.944757
f -3 -2 -1
v 2.852661 0.000000 -21.103415
v 1.800000 0.000000 -20.944757
v 1.800000 -25.800001 -20.944757
f -3 -2 -1
v 1.800000 -25.800001 -22.967346
v 1.800000 0.000000 -22.967346
v 23.616339 -25.800001 -26.255507
f -3 -2 -1
v 1.800000 0.000000 -22.967346
v 23.616339 0.000000 -26.255507
v 23.616339 -25.800001 -26.255507
f -3 -2 -1
v 23.616339 -25.800001 -26.255507
v 23.616339 0.000000 -26.255507
v 25.644754 -25.800001 -26.561228
f -3 -2 -1
v 23.616339 0.000000 -26.255507
v 25.644754 0.000000 -26.561228
v 25.644754 -25.800001 -26.561228
f -3 -2 -1
v 25.644754 -25.800001 -26.561228
v 25.644754 0.000000 -26.561228
v 27.182903 -25.800001 -26.793058
f -3 -2 -1
v 25.644754 0.000000 -26.561228
v 27.182903 0.000000 -26.793058
v 27.182903 -25.800001 -26.793058
f -3 -2 -1
v 27.182903 -25.800001 -26.793058
v 27.182903 0.000000 -26.793058
v 31.267159 -25.800001 -27.408640
f -3 -2 -1
v 27.182903 0.000000 -26.793058
v 31.267159 0.000000 -27.408640
v 31.267159 -25.800001 -27.408640
f -3 -2 -1
v 32.351200 -25.800001 -19.239481
v 32.351200 0.000000 -19.239481
v 31.688030 -25.800001 -19.189787
f -3 -2 -1
v 32.351200 0.000000 -19.239481
v 31.688030 0.000000 -19.189787
v 31.688030 -25.800001 -19.189787
f -3 -2 -1
v 31.688030 -25.800001 -19.189787
v 31.688030 0.000000 -19.189787
v 27.182903 -25.800001 -18.852186
f -3 -2 -1
v 31.688030 0.000000 -19.189787
v 27.182903 0.000000 -18.852186
v 27.182903 -25.800001 -18.852186
f -3 -2 -1
v 27.182903 -25.800001 -18.852186
v 27.182903 0.000000 -18.852186
v 25.644754 -25.800001 -18.736923
f -3 -2 -1
v 27.182903 0.000000 -18.852186
v 25.644754 0.000000 -18.736923
v 25.644754 -25.800001 -18.736923
f -3 -2 -1
v 25.644754 -25.800001 -18.736923
v 25.644754 0.000000 -18.736923
v 1.800000 -25.800001 -16.950071
f -3 -2 -1
v 25.644754 0.000000 -18.736923
v 1.800000 0.000000 -16.950071
v 1.800000 -25.800001 -16.950071
f -3 -2 -1
v 1.800000 -25.800001 -18.955679
v 1.800000 0.000000 -18.955679
v 25.644754 -25.800001 -20.742531
f -3 -2 -1
v 1.800000 0.000000 -18.955679
v 25.644754 0.000000 -20.742531
v 25.644754 -25.800001 -20.742531
f -3 -2 -1
v 25.644754 -25.800001 -20.742531
v 25.644754 0.000000 -20.742531
v 27.182903 -25.800001 -20.857794
f -3 -2 -1
v 25.644754 0.000000 -20.742531
v 27.182903 0.000000 -20.857794
v 27.182903 -25.800001 -20.857794
f -3 -2 -1
v 27.182903 -25.800001 -20.857794
v 27.182903 0.000000 -20.857794
v 30.460598 -25.800001 -21.103415
f -3 -2 -1
v 27.182903 0.000000 -20.857794
v 30.460598 0.000000 -21.103415
v 30.460598 -25.800001 -21.103415
f -3 -2 -1
v 30.460598 -25.800001 -21.103415
v 30.460598 0.000000 -21.103415
v 31.688030 -25.800001 -21.195395
f -3 -2 -1
v 30.460598 0.000000 -21.103415
v 31.688030 0.000000 -21.195395
v 31.688030 -25.800001 -21.195395
f -3 -2 -1
v 31.688030 -25.800001 -21.195395
v 31.688030 0.000000 -21.195395
v 32.108898 -25.800001 -21.226933
f -3 -2 -1
v 31.688030 0.000000 -21.195395
v 32.108898 0.000000 -21.226933
v 32.108898 -25.800001 -21.226933
f -3 -2 -1
v 1.800000 -25.800001 -22.967346
v 1.800000 -25.800001 -25.030710
v 1.800000 0.000000 -22.967346
f -3 -2 -1
v 1.800000 -25.800001 -25.030710
v 1.800000 0.000000 -25.030710
v 1.800000 0.000000 -22.967346
f -3 -2 -1
v 26.927670 -25.800001 -50.484016
v 26.927670 0.000000 -50.484016
v 25.644754 -25.800001 -49.866222
f -3 -2 -1
v 26.927670 0.000000 -50.484016
v 25.644754 0.000000 -49.866222
v 25.644754 -25.800001 -49.866222
f -3 -2 -1
v 25.644754 -25.800001 -49.866222
v 25.644754 0.000000 -49.866222
v 15.369885 -25.800001 -44.918316
f -3 -2 -1
v 25.644754 0.000000 -49.866222
v 15.369885 0.000000 -44.918316
v 15.369885 -25.800001 -44.918316
f -3 -2 -1
v 15.369885 -25.800001 -44.918316
v 15.369885 0.000000 -44.918316
v 11.485276 -25.800001 -43.047668
f -3 -2 -1
v 15.369885 0.000000 -44.918316
v 11.485276 0.000000 -43.047668
v 11.485276 -25.800001 -43.047668
f -3 -2 -1
v 11.485276 -25.800001 -43.047668
v 11.485276 0.000000 -43.047668
v 1.800000 -25.800001 -38.383682
f -3 -2 -1
v 11.485276 0.000000 -43.047668
v 1.800000 0.000000 -38.383682
v 1.800000 -25.800001 -38.383682
f -3 -2 -1
v 32.108898 -25.800001 -21.226933
v 32.108898 0.000000 -21.226933
v 31.551287 -25.800001 -25.428873
f -3 -2 -1
v 32.108898 0.000000 -21.226933
v 31.551287 0.000000 -25.428873
v 31.551287 -25.800001 -25.428873
f -3 -2 -1
v 1.800000 0.000000 -63.544594
v 1.800000 -25.800001 -63.544594
v 1.800000 0.000000 -67.255699
f -3 -2 -1
v 1.800000 -25.800001 -63.544594
v 1.800000 -25.800001 -67.255699
v 1.800000 0.000000 -67.255699
f -3 -2 -1
v 1.800000 0.000000 -67.255699
v 1.800000 -25.800001 -67.255699
v 1.800000 0.000000 -69.379364
f -3 -2 -1
v 1.800000 -25.800001 -67.255699
v 1.800000 -25.800001 -69.379364
v 1.800000 0.000000 -69.379364
f -3 -2 -1
v 30.292091 -25.800001 -33.585022
v 27.182903 -25.800001 -30.823969
v 25.644754 -25.800001 -30.472910
f -3 -2 -1
v 10.760197 -25.800001 -44.918316
v 15.369885 -25.800001 -44.918316
v 11.485276 -25.800001 -43.047668
f -3 -2 -1
v 35.087238 -25.800001 -6.998096
v 35.000000 -25.800001 -7.000000
v 32.911129 -25.800001 -8.500000
f -3 -2 -1
v 4.912761 -25.800001 -3.001904
v 5.000000 -25.800001 -3.000000
v 3.000000 -25.800001 0.000000
f -3 -2 -1
v 25.644754 -25.800001 -8.500000
v 5.174311 -25.800001 -6.992390
v 0.000000 -25.800001 -8.500000
f -3 -2 -1
v 5.174311 -25.800001 -6.992390
v 5.087239 -25.800001 -6.998096
v 0.000000 -25.800001 -8.500000
f -3 -2 -1
v 0.000000 -25.800001 -8.500000
v 5.087239 -25.800001 -6.998096
v 5.000000 -25.800001 -7.000000
f -3 -2 -1
v 4.315960 -25.800001 -6.879385
v 0.000000 -25.800001 -8.500000
v 4.398589 -25.800001 -6.907434
f -3 -2 -1
v 0.000000 -25.800001 -8.500000
v 4.482362 -25.800001 -6.931851
v 4.398589 -25.800001 -6.907434
f -3 -2 -1
v 5.000000 -25.800001 -7.000000
v 4.912761 -25.800001 -6.998096
v 0.000000 -25.800001 -8.500000
f -3 -2 -1
v 4.912761 -25.800001 -6.998096
v 4.825688 -25.800001 -6.992390
v 0.000000 -25.800001 -8.500000
f -3 -2 -1
v 0.000000 -25.800001 -8.500000
v 4.825688 -25.800001 -6.992390
v 4.738948 -25.800001 -6.982890
f -3 -2 -1
v 4.738948 -25.800001 -6.982890
v 4.652704 -25.800001 -6.969615
v 0.000000 -25.800001 -8.500000
f -3 -2 -1
v 4.652704 -25.800001 -6.969615
v 4.567121 -25.800001 -6.952592
v 0.000000 -25.800001 -8.500000
f -3 -2 -1
v 0.000000 -25.800001 -8.500000
v 4.567121 -25.800001 -6.952592
v 4.482362 -25.800001 -6.931851
f -3 -2 -1
v 4.315960 -25.800001 -3.120615
v 4.398589 -25.800001 -3.092566
v 3.000000 -25.800001 0.000000
f -3 -2 -1
v 6.000000 -25.800001 -6.732051
v 5.923497 -25.800001 -6.774022
v 25.644754 -25.800001 -8.500000
f -3 -2 -1
v 4.315960 -25.800001 -6.879385
v 4.234633 -25.800001 -6.847759
v 0.000000 -25.800001 -8.500000
f -3 -2 -1
v 4.234633 -25.800001 -6.847759
v 4.154764 -25.800001 -6.812616
v 0.000000 -25.800001 -8.500000
f -3 -2 -1
v 0.000000 -25.800001 -8.500000
v 4.154764 -25.800001 -6.812616
v 4.076503 -25.800001 -6.774022
f -3 -2 -1
v 4.398589 -25.800001 -3.092566
v 4.482362 -25.800001 -3.068148
v 3.000000 -25.800001 0.000000
f -3 -2 -1
v 4.482362 -25.800001 -3.068148
v 4.567121 -25.800001 -3.047408
v 3.000000 -25.800001 0.000000
f -3 -2 -1
v 3.000000 -25.800001 0.000000
v 4.567121 -25.800001 -3.047408
v 4.652704 -25.800001 -3.030385
f -3 -2 -1
v 4.652704 -25.800001 -3.030385
v 4.738948 -25.800001 -3.017110
v 3.000000 -25.800001 0.000000
f -3 -2 -1
v 4.738948 -25.800001 -3.017110
v 4.825688 -25.800001 -3.007611
v 3.000000 -25.800001 0.000000
f -3 -2 -1
v 3.000000 -25.800001 0.000000
v 4.825688 -25.800001 -3.007611
v 4.912761 -25.800001 -3.001904
f -3 -2 -1
v 3.225978 -25.800001 -5.923497
v 0.000000 -25.800001 -8.500000
v 3.267949 -25.800001 -6.000000
f -3 -2 -1
v 0.000000 -25.800001 -8.500000
v 3.313217 -25.800001 -6.074599
v 3.267949 -25.800001 -6.000000
f -3 -2 -1
v 1.614754 -25.800001 -0.338968
v 3.782477 -25.800001 -3.413293
v 3.852847 -25.800001 -3.361696
f -3 -2 -1
v 5.923497 -25.800001 -6.774022
v 5.845237 -25.800001 -6.812616
v 25.644754 -25.800001 -8.500000
f -3 -2 -1
v 5.845237 -25.800001 -6.812616
v 5.765367 -25.800001 -6.847759
v 25.644754 -25.800001 -8.500000
f -3 -2 -1
v 25.644754 -25.800001 -8.500000
v 5.765367 -25.800001 -6.847759
v 5.684041 -25.800001 -6.879385
f -3 -2 -1
v 5.684041 -25.800001 -6.879385
v 5.601412 -25.800001 -6.907434
v 25.644754 -25.800001 -8.500000
f -3 -2 -1
v 5.601412 -25.800001 -6.907434
v 5.517638 -25.800001 -6.931851
v 25.644754 -25.800001 -8.500000
f -3 -2 -1
v 25.644754 -25.800001 -8.500000
v 5.517638 -25.800001 -6.931851
v 5.432879 -25.800001 -6.952592
f -3 -2 -1
v 4.076503 -25.800001 -6.774022
v 4.000000 -25.800001 -6.732051
v 0.000000 -25.800001 -8.500000
f -3 -2 -1
v 4.000000 -25.800001 -6.732051
v 3.925401 -25.800001 -6.686783
v 0.000000 -25.800001 -8.500000
f -3 -2 -1
v 0.000000 -25.800001 -8.500000
v 3.925401 -25.800001 -6.686783
v 3.852847 -25.800001 -6.638304
f -3 -2 -1
v 3.852847 -25.800001 -6.638304
v 3.782477 -25.800001 -6.586707
v 0.000000 -25.800001 -8.500000
f -3 -2 -1
v 3.782477 -25.800001 -6.586707
v 3.714425 -25.800001 -6.532089
v 0.000000 -25.800001 -8.500000
f -3 -2 -1
v 0.000000 -25.800001 -8.500000
v 3.714425 -25.800001 -6.532089
v 3.648820 -25.800001 -6.474555
f -3 -2 -1
v 5.000000 -25.800001 -3.000000
v 5.087239 -25.800001 -3.001904
v 3.000000 -25.800001 0.000000
f -3 -2 -1
v 5.087239 -25.800001 -3.001904
v 5.174311 -25.800001 -3.007611
v 3.000000 -25.800001 0.000000
f -3 -2 -1
v 3.000000 -25.800001 0.000000
v 5.174311 -25.800001 -3.007611
v 5.261053 -25.800001 -3.017110
f -3 -2 -1
v 25.644754 -25.800001 0.000000
v 6.414214 -25.800001 -3.585786
v 6.474555 -25.800001 -3.648820
f -3 -2 -1
v 6.474555 -25.800001 -3.648820
v 6.532089 -25.800001 -3.714425
v 25.644754 -25.800001 0.000000
f -3 -2 -1
v 6.532089 -25.800001 -3.714425
v 6.586707 -25.800001 -3.782477
v 25.644754 -25.800001 0.000000
f -3 -2 -1
v 25.644754 -25.800001 0.000000
v 6.586707 -25.800001 -3.782477
v 6.638304 -25.800001 -3.852847
f -3 -2 -1
v 6.638304 -25.800001 -3.852847
v 6.686783 -25.800001 -3.925401
v 25.644754 -25.800001 0.000000
f -3 -2 -1
v 6.686783 -25.800001 -3.925401
v 6.732051 -25.800001 -4.000000
v 25.644754 -25.800001 0.000000
f -3 -2 -1
v 25.644754 -25.800001 0.000000
v 6.732051 -25.800001 -4.000000
v 6.774022 -25.800001 -4.076503
f -3 -2 -1
v 25.644754 -25.800001 -8.500000
v 6.774022 -25.800001 -5.923497
v 6.732051 -25.800001 -6.000000
f -3 -2 -1
v 6.732051 -25.800001 -6.000000
v 6.686783 -25.800001 -6.074599
v 25.644754 -25.800001 -8.500000
f -3 -2 -1
v 6.686783 -25.800001 -6.074599
v 6.638304 -25.800001 -6.147153
v 25.644754 -25.800001 -8.500000
f -3 -2 -1
v 25.644754 -25.800001 -8.500000
v 6.638304 -25.800001 -6.147153
v 6.586707 -25.800001 -6.217523
f -3 -2 -1
v 6.414214 -25.800001 -6.414214
v 6.351181 -25.800001 -6.474555
v 25.644754 -25.800001 -8.500000
f -3 -2 -1
v 6.351181 -25.800001 -6.474555
v 6.285575 -25.800001 -6.532089
v 25.644754 -25.800001 -8.500000
f -3 -2 -1
v 25.644754 -25.800001 -8.500000
v 6.285575 -25.800001 -6.532089
v 6.217523 -25.800001 -6.586707
f -3 -2 -1
v 6.217523 -25.800001 -6.586707
v 6.147153 -25.800001 -6.638304
v 25.644754 -25.800001 -8.500000
f -3 -2 -1
v 6.147153 -25.800001 -6.638304
v 6.074599 -25.800001 -6.686783
v 25.644754 -25.800001 -8.500000
f -3 -2 -1
v 25.644754 -25.800001 -8.500000
v 6.074599 -25.800001 -6.686783
v 6.000000 -25.800001 -6.732051
f -3 -2 -1
v 5.432879 -25.800001 -6.952592
v 5.347296 -25.800001 -6.969615
v 25.644754 -25.800001 -8.500000
f -3 -2 -1
v 5.347296 -25.800001 -6.969615
v 5.261053 -25.800001 -6.982890
v 25.644754 -25.800001 -8.500000
f -3 -2 -1
v 25.644754 -25.800001 -8.500000
v 5.261053 -25.800001 -6.982890
v 5.174311 -25.800001 -6.992390
f -3 -2 -1
v 3.648820 -25.800001 -6.474555
v 3.585786 -25.800001 -6.414214
v 0.000000 -25.800001 -8.500000
f -3 -2 -1
v 3.585786 -25.800001 -6.414214
v 3.525445 -25.800001 -6.351181
v 0.000000 -25.800001 -8.500000
f -3 -2 -1
v 0.000000 -25.800001 -8.500000
v 3.525445 -25.800001 -6.351181
v 3.467911 -25.800001 -6.285575
f -3 -2 -1
v 3.467911 -25.800001 -6.285575
v 3.413293 -25.800001 -6.217523
v 0.000000 -25.800001 -8.500000
f -3 -2 -1
v 3.413293 -25.800001 -6.217523
v 3.361696 -25.800001 -6.147153
v 0.000000 -25.800001 -8.500000
f -3 -2 -1
v 0.000000 -25.800001 -8.500000
v 3.361696 -25.800001 -6.147153
v 3.313217 -25.800001 -6.074599
f -3 -2 -1
v 3.225978 -25.800001 -5.923497
v 3.187384 -25.800001 -5.845237
v 0.000000 -25.800001 -8.500000
f -3 -2 -1
v 3.187384 -25.800001 -5.845237
v 3.152241 -25.800001 -5.765367
v 0.000000 -25.800001 -8.500000
f -3 -2 -1
v 0.000000 -25.800001 -8.500000
v 3.152241 -25.800001 -5.765367
v 3.120615 -25.800001 -5.684041
f -3 -2 -1
v 0.973229 -25.800001 -0.788168
v 3.585786 -25.800001 -3.585786
v 3.648820 -25.800001 -3.525445
f -3 -2 -1
v 3.925401 -25.800001 -3.313217
v 1.851950 -25.800001 -0.228361
v 3.852847 -25.800001 -3.361696
f -3 -2 -1
v 1.851950 -25.800001 -0.228361
v 1.732145 -25.800001 -0.281077
v 3.852847 -25.800001 -3.361696
f -3 -2 -1
v 3.852847 -25.800001 -3.361696
v 1.732145 -25.800001 -0.281077
v 1.614754 -25.800001 -0.338968
f -3 -2 -1
v 4.000000 -25.800001 -3.267949
v 2.097883 -25.800001 -0.138849
v 3.925401 -25.800001 -3.313217
f -3 -2 -1
v 2.097883 -25.800001 -0.138849
v 1.973940 -25.800001 -0.180922
v 3.925401 -25.800001 -3.313217
f -3 -2 -1
v 3.925401 -25.800001 -3.313217
v 1.973940 -25.800001 -0.180922
v 1.851950 -25.800001 -0.228361
f -3 -2 -1
v 4.076503 -25.800001 -3.225978
v 2.350681 -25.800001 -0.071112
v 4.000000 -25.800001 -3.267949
f -3 -2 -1
v 2.350681 -25.800001 -0.071112
v 2.223543 -25.800001 -0.102223
v 4.000000 -25.800001 -3.267949
f -3 -2 -1
v 4.000000 -25.800001 -3.267949
v 2.223543 -25.800001 -0.102223
v 2.097883 -25.800001 -0.138849
f -3 -2 -1
v 5.261053 -25.800001 -3.017110
v 5.347296 -25.800001 -3.030385
v 3.000000 -25.800001 0.000000
f -3 -2 -1
v 5.347296 -25.800001 -3.030385
v 5.432879 -25.800001 -3.047408
v 3.000000 -25.800001 0.000000
f -3 -2 -1
v 3.000000 -25.800001 0.000000
v 5.432879 -25.800001 -3.047408
v 5.517638 -25.800001 -3.068148
f -3 -2 -1
v 5.923497 -25.800001 -3.225978
v 6.000000 -25.800001 -3.267949
v 25.644754 -25.800001 0.000000
f -3 -2 -1
v 5.923497 -25.800001 -3.225978
v 25.644754 -25.800001 0.000000
v 5.845237 -25.800001 -3.187384
f -3 -2 -1
v 6.586707 -25.800001 -6.217523
v 6.532089 -25.800001 -6.285575
v 25.644754 -25.800001 -8.500000
f -3 -2 -1
v 6.532089 -25.800001 -6.285575
v 6.474555 -25.800001 -6.351181
v 25.644754 -25.800001 -8.500000
f -3 -2 -1
v 25.644754 -25.800001 -8.500000
v 6.474555 -25.800001 -6.351181
v 6.414214 -25.800001 -6.414214
f -3 -2 -1
v 0.973229 -25.800001 -0.788168
v 0.878680 -25.800001 -0.878680
v 3.585786 -25.800001 -3.585786
f -3 -2 -1
v 0.878680 -25.800001 -0.878680
v 0.788168 -25.800001 -0.973229
v 3.585786 -25.800001 -3.585786
f -3 -2 -1
v 3.585786 -25.800001 -3.585786
v 0.788168 -25.800001 -0.973229
v 3.525445 -25.800001 -3.648820
f -3 -2 -1
v 3.714425 -25.800001 -3.467911
v 1.173716 -25.800001 -0.619940
v 3.648820 -25.800001 -3.525445
f -3 -2 -1
v 1.173716 -25.800001 -0.619940
v 1.071637 -25.800001 -0.701867
v 3.648820 -25.800001 -3.525445
f -3 -2 -1
v 3.648820 -25.800001 -3.525445
v 1.071637 -25.800001 -0.701867
v 0.973229 -25.800001 -0.788168
f -3 -2 -1
v 1.614754 -25.800001 -0.338968
v 1.500000 -25.800001 -0.401924
v 3.782477 -25.800001 -3.413293
f -3 -2 -1
v 1.500000 -25.800001 -0.401924
v 1.388101 -25.800001 -0.469826
v 3.782477 -25.800001 -3.413293
f -3 -2 -1
v 3.782477 -25.800001 -3.413293
v 1.388101 -25.800001 -0.469826
v 3.714425 -25.800001 -3.467911
f -3 -2 -1
v 1.388101 -25.800001 -0.469826
v 1.279271 -25.800001 -0.542544
v 3.714425 -25.800001 -3.467911
f -3 -2 -1
v 3.714425 -25.800001 -3.467911
v 1.279271 -25.800001 -0.542544
v 1.173716 -25.800001 -0.619940
f -3 -2 -1
v 4.154764 -25.800001 -3.187384
v 2.608422 -25.800001 -0.025665
v 4.076503 -25.800001 -3.225978
f -3 -2 -1
v 2.608422 -25.800001 -0.025665
v 2.479055 -25.800001 -0.045577
v 4.076503 -25.800001 -3.225978
f -3 -2 -1
v 4.076503 -25.800001 -3.225978
v 2.479055 -25.800001 -0.045577
v 2.350681 -25.800001 -0.071112
f -3 -2 -1
v 4.315960 -25.800001 -3.120615
v 3.000000 -25.800001 0.000000
v 4.234633 -25.800001 -3.152241
f -3 -2 -1
v 3.000000 -25.800001 0.000000
v 2.869142 -25.800001 -0.002855
v 4.234633 -25.800001 -3.152241
f -3 -2 -1
v 4.234633 -25.800001 -3.152241
v 2.869142 -25.800001 -0.002855
v 4.154764 -25.800001 -3.187384
f -3 -2 -1
v 2.869142 -25.800001 -0.002855
v 2.738533 -25.800001 -0.011416
v 4.154764 -25.800001 -3.187384
f -3 -2 -1
v 4.154764 -25.800001 -3.187384
v 2.738533 -25.800001 -0.011416
v 2.608422 -25.800001 -0.025665
f -3 -2 -1
v 5.517638 -25.800001 -3.068148
v 5.601412 -25.800001 -3.092566
v 3.000000 -25.800001 0.000000
f -3 -2 -1
v 5.601412 -25.800001 -3.092566
v 5.684041 -25.800001 -3.120615
v 3.000000 -25.800001 0.000000
f -3 -2 -1
v 3.000000 -25.800001 0.000000
v 5.684041 -25.800001 -3.120615
v 25.644754 -25.800001 0.000000
f -3 -2 -1
v 5.684041 -25.800001 -3.120615
v 5.765367 -25.800001 -3.152241
v 25.644754 -25.800001 0.000000
f -3 -2 -1
v 25.644754 -25.800001 0.000000
v 5.765367 -25.800001 -3.152241
v 5.845237 -25.800001 -3.187384
f -3 -2 -1
v 6.774022 -25.800001 -4.076503
v 6.812616 -25.800001 -4.154764
v 25.644754 -25.800001 0.000000
f -3 -2 -1
v 6.812616 -25.800001 -4.154764
v 6.847759 -25.800001 -4.234633
v 25.644754 -25.800001 0.000000
f -3 -2 -1
v 25.644754 -25.800001 0.000000
v 6.847759 -25.800001 -4.234633
v 6.879385 -25.800001 -4.315960
f -3 -2 -1
v 6.879385 -25.800001 -5.684041
v 25.644754 -25.800001 -8.500000
v 6.907434 -25.800001 -5.601412
f -3 -2 -1
v 25.644754 -25.800001 -8.500000
v 6.931851 -25.800001 -5.517638
v 6.907434 -25.800001 -5.601412
f -3 -2 -1
v 3.120615 -25.800001 -5.684041
v 3.092566 -25.800001 -5.601412
v 0.000000 -25.800001 -8.500000
f -3 -2 -1
v 3.092566 -25.800001 -5.601412
v 3.068148 -25.800001 -5.517638
v 0.000000 -25.800001 -8.500000
f -3 -2 -1
v 0.000000 -25.800001 -8.500000
v 3.068148 -25.800001 -5.517638
v 3.047408 -25.800001 -5.432879
f -3 -2 -1
v 0.788168 -25.800001 -0.973229
v 0.701867 -25.800001 -1.071637
v 3.525445 -25.800001 -3.648820
f -3 -2 -1
v 0.701867 -25.800001 -1.071637
v 0.619940 -25.800001 -1.173716
v 3.525445 -25.800001 -3.648820
f -3 -2 -1
v 3.525445 -25.800001 -3.648820
v 0.619940 -25.800001 -1.173716
v 3.467911 -25.800001 -3.714425
f -3 -2 -1
v 6.000000 -25.800001 -3.267949
v 6.074599 -25.800001 -3.313217
v 25.644754 -25.800001 0.000000
f -3 -2 -1
v 6.074599 -25.800001 -3.313217
v 6.147153 -25.800001 -3.361696
v 25.644754 -25.800001 0.000000
f -3 -2 -1
v 25.644754 -25.800001 0.000000
v 6.147153 -25.800001 -3.361696
v 6.217523 -25.800001 -3.413293
f -3 -2 -1
v 6.217523 -25.800001 -3.413293
v 6.285575 -25.800001 -3.467911
v 25.644754 -25.800001 0.000000
f -3 -2 -1
v 6.285575 -25.800001 -3.467911
v 6.351181 -25.800001 -3.525445
v 25.644754 -25.800001 0.000000
f -3 -2 -1
v 25.644754 -25.800001 0.000000
v 6.351181 -25.800001 -3.525445
v 6.414214 -25.800001 -3.585786
f -3 -2 -1
v 6.982890 -25.800001 -5.261053
v 6.969615 -25.800001 -5.347296
v 25.644754 -25.800001 -8.500000
f -3 -2 -1
v 6.969615 -25.800001 -5.347296
v 6.952592 -25.800001 -5.432879
v 25.644754 -25.800001 -8.500000
f -3 -2 -1
v 25.644754 -25.800001 -8.500000
v 6.952592 -25.800001 -5.432879
v 6.931851 -25.800001 -5.517638
f -3 -2 -1
v 6.879385 -25.800001 -5.684041
v 6.847759 -25.800001 -5.765367
v 25.644754 -25.800001 -8.500000
f -3 -2 -1
v 6.847759 -25.800001 -5.765367
v 6.812616 -25.800001 -5.845237
v 25.644754 -25.800001 -8.500000
f -3 -2 -1
v 25.644754 -25.800001 -8.500000
v 6.812616 -25.800001 -5.845237
v 6.774022 -25.800001 -5.923497
f -3 -2 -1
v 3.001904 -25.800001 -5.087239
v 3.000000 -25.800001 -5.000000
v 0.000000 -25.800001 -3.000000
f -3 -2 -1
v 6.879385 -25.800001 -4.315960
v 6.907434 -25.800001 -4.398589
v 25.644754 -25.800001 0.000000
f -3 -2 -1
v 6.907434 -25.800001 -4.398589
v 6.931851 -25.800001 -4.482362
v 25.644754 -25.800001 0.000000
f -3 -2 -1
v 25.644754 -25.800001 0.000000
v 6.931851 -25.800001 -4.482362
v 6.952592 -25.800001 -4.567121
f -3 -2 -1
v 6.952592 -25.800001 -4.567121
v 6.969615 -25.800001 -4.652704
v 25.644754 -25.800001 0.000000
f -3 -2 -1
v 6.969615 -25.800001 -4.652704
v 6.982890 -25.800001 -4.738948
v 25.644754 -25.800001 0.000000
f -3 -2 -1
v 25.644754 -25.800001 0.000000
v 6.982890 -25.800001 -4.738948
v 6.992390 -25.800001 -4.825688
f -3 -2 -1
v 6.998096 -25.800001 -4.912761
v 7.000000 -25.800001 -5.000000
v 25.644754 -25.800001 -8.500000
f -3 -2 -1
v 3.000000 -25.800001 -5.000000
v 3.001904 -25.800001 -4.912761
v 0.000000 -25.800001 -3.000000
f -3 -2 -1
v 3.001904 -25.800001 -4.912761
v 3.007611 -25.800001 -4.825688
v 0.000000 -25.800001 -3.000000
f -3 -2 -1
v 0.000000 -25.800001 -3.000000
v 3.007611 -25.800001 -4.825688
v 3.017110 -25.800001 -4.738948
f -3 -2 -1
v 3.017110 -25.800001 -4.738948
v 3.030385 -25.800001 -4.652704
v 0.000000 -25.800001 -3.000000
f -3 -2 -1
v 3.030385 -25.800001 -4.652704
v 3.047408 -25.800001 -4.567121
v 0.000000 -25.800001 -3.000000
f -3 -2 -1
v 0.000000 -25.800001 -3.000000
v 3.047408 -25.800001 -4.567121
v 3.068148 -25.800001 -4.482362
f -3 -2 -1
v 3.225978 -25.800001 -4.076503
v 3.267949 -25.800001 -4.000000
v 0.071112 -25.800001 -2.350681
f -3 -2 -1
v 3.313217 -25.800001 -3.925401
v 0.138849 -25.800001 -2.097883
v 3.267949 -25.800001 -4.000000
f -3 -2 -1
v 0.138849 -25.800001 -2.097883
v 0.102223 -25.800001 -2.223543
v 3.267949 -25.800001 -4.000000
f -3 -2 -1
v 3.267949 -25.800001 -4.000000
v 0.102223 -25.800001 -2.223543
v 0.071112 -25.800001 -2.350681
f -3 -2 -1
v 3.361696 -25.800001 -3.852847
v 0.228361 -25.800001 -1.851950
v 3.313217 -25.800001 -3.925401
f -3 -2 -1
v 0.228361 -25.800001 -1.851950
v 0.180922 -25.800001 -1.973940
v 3.313217 -25.800001 -3.925401
f -3 -2 -1
v 3.313217 -25.800001 -3.925401
v 0.180922 -25.800001 -1.973940
v 0.138849 -25.800001 -2.097883
f -3 -2 -1
v 3.413293 -25.800001 -3.782477
v 0.338968 -25.800001 -1.614754
v 3.361696 -25.800001 -3.852847
f -3 -2 -1
v 0.338968 -25.800001 -1.614754
v 0.281077 -25.800001 -1.732145
v 3.361696 -25.800001 -3.852847
f -3 -2 -1
v 3.361696 -25.800001 -3.852847
v 0.281077 -25.800001 -1.732145
v 0.228361 -25.800001 -1.851950
f -3 -2 -1
v 0.619940 -25.800001 -1.173716
v 0.542544 -25.800001 -1.279271
v 3.467911 -25.800001 -3.714425
f -3 -2 -1
v 0.542544 -25.800001 -1.279271
v 0.469826 -25.800001 -1.388101
v 3.467911 -25.800001 -3.714425
f -3 -2 -1
v 3.467911 -25.800001 -3.714425
v 0.469826 -25.800001 -1.388101
v 3.413293 -25.800001 -3.782477
f -3 -2 -1
v 0.469826 -25.800001 -1.388101
v 0.401924 -25.800001 -1.500000
v 3.413293 -25.800001 -3.782477
f -3 -2 -1
v 3.413293 -25.800001 -3.782477
v 0.401924 -25.800001 -1.500000
v 0.338968 -25.800001 -1.614754
f -3 -2 -1
v 6.998096 -25.800001 -4.912761
v 25.644754 -25.800001 -8.500000
v 6.992390 -25.800001 -4.825688
f -3 -2 -1
v 7.000000 -25.800001 -5.000000
v 6.998096 -25.800001 -5.087239
v 25.644754 -25.800001 -8.500000
f -3 -2 -1
v 6.998096 -25.800001 -5.087239
v 6.992390 -25.800001 -5.174311
v 25.644754 -25.800001 -8.500000
f -3 -2 -1
v 25.644754 -25.800001 -8.500000
v 6.992390 -25.800001 -5.174311
v 6.982890 -25.800001 -5.261053
f -3 -2 -1
v 3.047408 -25.800001 -5.432879
v 3.030385 -25.800001 -5.347296
v 0.000000 -25.800001 -8.500000
f -3 -2 -1
v 3.030385 -25.800001 -5.347296
v 3.017110 -25.800001 -5.261053
v 0.000000 -25.800001 -8.500000
f -3 -2 -1
v 0.000000 -25.800001 -8.500000
v 3.017110 -25.800001 -5.261053
v 0.000000 -25.800001 -3.000000
f -3 -2 -1
v 3.017110 -25.800001 -5.261053
v 3.007611 -25.800001 -5.174311
v 0.000000 -25.800001 -3.000000
f -3 -2 -1
v 0.000000 -25.800001 -3.000000
v 3.007611 -25.800001 -5.174311
v 3.001904 -25.800001 -5.087239
f -3 -2 -1
v 3.068148 -25.800001 -4.482362
v 3.092566 -25.800001 -4.398589
v 0.000000 -25.800001 -3.000000
f -3 -2 -1
v 3.092566 -25.800001 -4.398589
v 3.120615 -25.800001 -4.315960
v 0.000000 -25.800001 -3.000000
f -3 -2 -1
v 0.000000 -25.800001 -3.000000
v 3.120615 -25.800001 -4.315960
v 0.002855 -25.800001 -2.869142
f -3 -2 -1
v 3.120615 -25.800001 -4.315960
v 3.152241 -25.800001 -4.234633
v 0.002855 -25.800001 -2.869142
f -3 -2 -1
v 0.002855 -25.800001 -2.869142
v 3.152241 -25.800001 -4.234633
v 0.011416 -25.800001 -2.738533
f -3 -2 -1
v 3.152241 -25.800001 -4.234633
v 3.187384 -25.800001 -4.154764
v 0.011416 -25.800001 -2.738533
f -3 -2 -1
v 0.011416 -25.800001 -2.738533
v 3.187384 -25.800001 -4.154764
v 0.025665 -25.800001 -2.608422
f -3 -2 -1
v 3.187384 -25.800001 -4.154764
v 3.225978 -25.800001 -4.076503
v 0.025665 -25.800001 -2.608422
f -3 -2 -1
v 0.025665 -25.800001 -2.608422
v 3.225978 -25.800001 -4.076503
v 0.045577 -25.800001 -2.479055
f -3 -2 -1
v 3.225978 -25.800001 -4.076503
v 0.071112 -25.800001 -2.350681
v 0.045577 -25.800001 -2.479055
f -3 -2 -1
v 35.087238 -25.800001 -3.001904
v 35.174309 -25.800001 -3.007611
v 36.724026 -25.800001 0.000000
f -3 -2 -1
v 35.000000 -25.800001 -7.000000
v 34.912762 -25.800001 -6.998096
v 32.911129 -25.800001 -8.500000
f -3 -2 -1
v 34.912762 -25.800001 -6.998096
v 34.825691 -25.800001 -6.992390
v 32.911129 -25.800001 -8.500000
f -3 -2 -1
v 32.911129 -25.800001 -8.500000
v 34.825691 -25.800001 -6.992390
v 34.738945 -25.800001 -6.982890
f -3 -2 -1
v 32.911129 -25.800001 0.000000
v 34.912762 -25.800001 -3.001904
v 36.724026 -25.800001 0.000000
f -3 -2 -1
v 34.912762 -25.800001 -3.001904
v 35.000000 -25.800001 -3.000000
v 36.724026 -25.800001 0.000000
f -3 -2 -1
v 36.724026 -25.800001 0.000000
v 35.000000 -25.800001 -3.000000
v 35.087238 -25.800001 -3.001904
f -3 -2 -1
v 35.923496 -25.800001 -6.774022
v 39.395535 -25.800001 -8.503471
v 36.000000 -25.800001 -6.732051
f -3 -2 -1
v 39.395535 -25.800001 -8.503471
v 36.074596 -25.800001 -6.686783
v 36.000000 -25.800001 -6.732051
f -3 -2 -1
v 34.315960 -25.800001 -6.879385
v 32.911129 -25.800001 -8.500000
v 34.398590 -25.800001 -6.907434
f -3 -2 -1
v 32.911129 -25.800001 -8.500000
v 34.482365 -25.800001 -6.931851
v 34.398590 -25.800001 -6.907434
f -3 -2 -1
v 36.812614 -25.800001 -5.845237
v 36.774021 -25.800001 -5.923497
v 39.395535 -25.800001 -8.503471
f -3 -2 -1
v 34.738945 -25.800001 -6.982890
v 34.652702 -25.800001 -6.969615
v 32.911129 -25.800001 -8.500000
f -3 -2 -1
v 34.652702 -25.800001 -6.969615
v 34.567120 -25.800001 -6.952592
v 32.911129 -25.800001 -8.500000
f -3 -2 -1
v 32.911129 -25.800001 -8.500000
v 34.567120 -25.800001 -6.952592
v 34.482365 -25.800001 -6.931851
f -3 -2 -1
v 33.313217 -25.800001 -6.074599
v 33.267948 -25.800001 -6.000000
v 32.911129 -25.800001 -8.500000
f -3 -2 -1
v 33.267948 -25.800001 -6.000000
v 33.225979 -25.800001 -5.923497
v 32.911129 -25.800001 -8.500000
f -3 -2 -1
v 32.911129 -25.800001 -8.500000
v 33.225979 -25.800001 -5.923497
v 33.187386 -25.800001 -5.845237
f -3 -2 -1
v 35.684040 -25.800001 -6.879385
v 35.601410 -25.800001 -6.907434
v 39.395535 -25.800001 -8.503471
f -3 -2 -1
v 35.601410 -25.800001 -6.907434
v 35.517635 -25.800001 -6.931851
v 39.395535 -25.800001 -8.503471
f -3 -2 -1
v 39.395535 -25.800001 -8.503471
v 35.517635 -25.800001 -6.931851
v 35.432880 -25.800001 -6.952592
f -3 -2 -1
v 34.315960 -25.800001 -6.879385
v 34.234631 -25.800001 -6.847759
v 32.911129 -25.800001 -8.500000
f -3 -2 -1
v 34.234631 -25.800001 -6.847759
v 34.154766 -25.800001 -6.812616
v 32.911129 -25.800001 -8.500000
f -3 -2 -1
v 32.911129 -25.800001 -8.500000
v 34.154766 -25.800001 -6.812616
v 34.076504 -25.800001 -6.774022
f -3 -2 -1
v 34.076504 -25.800001 -6.774022
v 34.000000 -25.800001 -6.732051
v 32.911129 -25.800001 -8.500000
f -3 -2 -1
v 34.000000 -25.800001 -6.732051
v 33.925400 -25.800001 -6.686783
v 32.911129 -25.800001 -8.500000
f -3 -2 -1
v 32.911129 -25.800001 -8.500000
v 33.925400 -25.800001 -6.686783
v 33.852844 -25.800001 -6.638304
f -3 -2 -1
v 33.852844 -25.800001 -6.638304
v 33.782478 -25.800001 -6.586707
v 32.911129 -25.800001 -8.500000
f -3 -2 -1
v 33.782478 -25.800001 -6.586707
v 33.714424 -25.800001 -6.532089
v 32.911129 -25.800001 -8.500000
f -3 -2 -1
v 32.911129 -25.800001 -8.500000
v 33.714424 -25.800001 -6.532089
v 33.648819 -25.800001 -6.474555
f -3 -2 -1
v 33.648819 -25.800001 -6.474555
v 33.585785 -25.800001 -6.414214
v 32.911129 -25.800001 -8.500000
f -3 -2 -1
v 33.585785 -25.800001 -6.414214
v 33.525444 -25.800001 -6.351181
v 32.911129 -25.800001 -8.500000
f -3 -2 -1
v 32.911129 -25.800001 -8.500000
v 33.525444 -25.800001 -6.351181
v 33.467911 -25.800001 -6.285575
f -3 -2 -1
v 33.092567 -25.800001 -4.398589
v 32.911129 -25.800001 0.000000
v 33.068146 -25.800001 -4.482362
f -3 -2 -1
v 32.911129 -25.800001 0.000000
v 33.047409 -25.800001 -4.567121
v 33.068146 -25.800001 -4.482362
f -3 -2 -1
v 33.313217 -25.800001 -3.925401
v 33.361694 -25.800001 -3.852847
v 32.911129 -25.800001 0.000000
f -3 -2 -1
v 36.907433 -25.800001 -5.601412
v 39.395535 -25.800001 -8.503471
v 36.931850 -25.800001 -5.517638
f -3 -2 -1
v 39.395535 -25.800001 -8.503471
v 36.952591 -25.800001 -5.432879
v 36.931850 -25.800001 -5.517638
f -3 -2 -1
v 36.907433 -25.800001 -5.601412
v 36.879387 -25.800001 -5.684041
v 39.395535 -25.800001 -8.503471
f -3 -2 -1
v 36.879387 -25.800001 -5.684041
v 36.847759 -25.800001 -5.765367
v 39.395535 -25.800001 -8.503471
f -3 -2 -1
v 39.395535 -25.800001 -8.503471
v 36.847759 -25.800001 -5.765367
v 36.812614 -25.800001 -5.845237
f -3 -2 -1
v 36.774021 -25.800001 -5.923497
v 36.732052 -25.800001 -6.000000
v 39.395535 -25.800001 -8.503471
f -3 -2 -1
v 36.732052 -25.800001 -6.000000
v 36.686783 -25.800001 -6.074599
v 39.395535 -25.800001 -8.503471
f -3 -2 -1
v 39.395535 -25.800001 -8.503471
v 36.686783 -25.800001 -6.074599
v 36.638306 -25.800001 -6.147153
f -3 -2 -1
v 36.638306 -25.800001 -6.147153
v 36.586704 -25.800001 -6.217523
v 39.395535 -25.800001 -8.503471
f -3 -2 -1
v 36.586704 -25.800001 -6.217523
v 36.532089 -25.800001 -6.285575
v 39.395535 -25.800001 -8.503471
f -3 -2 -1
v 39.395535 -25.800001 -8.503471
v 36.532089 -25.800001 -6.285575
v 36.474556 -25.800001 -6.351181
f -3 -2 -1
v 35.923496 -25.800001 -6.774022
v 35.845234 -25.800001 -6.812616
v 39.395535 -25.800001 -8.503471
f -3 -2 -1
v 35.845234 -25.800001 -6.812616
v 35.765369 -25.800001 -6.847759
v 39.395535 -25.800001 -8.503471
f -3 -2 -1
v 39.395535 -25.800001 -8.503471
v 35.765369 -25.800001 -6.847759
v 35.684040 -25.800001 -6.879385
f -3 -2 -1
v 35.432880 -25.800001 -6.952592
v 35.347298 -25.800001 -6.969615
v 39.395535 -25.800001 -8.503471
f -3 -2 -1
v 35.347298 -25.800001 -6.969615
v 35.261055 -25.800001 -6.982890
v 39.395535 -25.800001 -8.503471
f -3 -2 -1
v 39.395535 -25.800001 -8.503471
v 35.261055 -25.800001 -6.982890
v 32.911129 -25.800001 -8.500000
f -3 -2 -1
v 35.261055 -25.800001 -6.982890
v 35.174309 -25.800001 -6.992390
v 32.911129 -25.800001 -8.500000
f -3 -2 -1
v 32.911129 -25.800001 -8.500000
v 35.174309 -25.800001 -6.992390
v 35.087238 -25.800001 -6.998096
f -3 -2 -1
v 33.187386 -25.800001 -5.845237
v 33.152241 -25.800001 -5.765367
v 32.911129 -25.800001 -8.500000
f -3 -2 -1
v 33.152241 -25.800001 -5.765367
v 33.120613 -25.800001 -5.684041
v 32.911129 -25.800001 -8.500000
f -3 -2 -1
v 32.911129 -25.800001 -8.500000
v 33.120613 -25.800001 -5.684041
v 33.092567 -25.800001 -5.601412
f -3 -2 -1
v 33.092567 -25.800001 -5.601412
v 33.068146 -25.800001 -5.517638
v 32.911129 -25.800001 -8.500000
f -3 -2 -1
v 33.068146 -25.800001 -5.517638
v 33.047409 -25.800001 -5.432879
v 32.911129 -25.800001 -8.500000
f -3 -2 -1
v 32.911129 -25.800001 -8.500000
v 33.047409 -25.800001 -5.432879
v 33.030384 -25.800001 -5.347296
f -3 -2 -1
v 32.911129 -25.800001 0.000000
v 33.001904 -25.800001 -4.912761
v 33.007610 -25.800001 -4.825688
f -3 -2 -1
v 33.092567 -25.800001 -4.398589
v 33.120613 -25.800001 -4.315960
v 32.911129 -25.800001 0.000000
f -3 -2 -1
v 33.120613 -25.800001 -4.315960
v 33.152241 -25.800001 -4.234633
v 32.911129 -25.800001 0.000000
f -3 -2 -1
v 32.911129 -25.800001 0.000000
v 33.152241 -25.800001 -4.234633
v 33.187386 -25.800001 -4.154764
f -3 -2 -1
v 33.361694 -25.800001 -3.852847
v 33.413296 -25.800001 -3.782477
v 32.911129 -25.800001 0.000000
f -3 -2 -1
v 33.413296 -25.800001 -3.782477
v 33.467911 -25.800001 -3.714425
v 32.911129 -25.800001 0.000000
f -3 -2 -1
v 32.911129 -25.800001 0.000000
v 33.467911 -25.800001 -3.714425
v 33.525444 -25.800001 -3.648820
f -3 -2 -1
v 34.652702 -25.800001 -3.030385
v 34.738945 -25.800001 -3.017110
v 32.911129 -25.800001 0.000000
f -3 -2 -1
v 34.738945 -25.800001 -3.017110
v 34.825691 -25.800001 -3.007611
v 32.911129 -25.800001 0.000000
f -3 -2 -1
v 32.911129 -25.800001 0.000000
v 34.825691 -25.800001 -3.007611
v 34.912762 -25.800001 -3.001904
f -3 -2 -1
v 39.065708 -25.800001 -1.124760
v 36.414215 -25.800001 -3.585786
v 36.474556 -25.800001 -3.648820
f -3 -2 -1
v 36.998096 -25.800001 -5.087239
v 39.720314 -25.800001 -3.149174
v 37.000000 -25.800001 -5.000000
f -3 -2 -1
v 39.720314 -25.800001 -3.149174
v 36.998096 -25.800001 -4.912761
v 37.000000 -25.800001 -5.000000
f -3 -2 -1
v 36.474556 -25.800001 -6.351181
v 36.414215 -25.800001 -6.414214
v 39.395535 -25.800001 -8.503471
f -3 -2 -1
v 36.414215 -25.800001 -6.414214
v 36.351181 -25.800001 -6.474555
v 39.395535 -25.800001 -8.503471
f -3 -2 -1
v 39.395535 -25.800001 -8.503471
v 36.351181 -25.800001 -6.474555
v 36.285576 -25.800001 -6.532089
f -3 -2 -1
v 33.467911 -25.800001 -6.285575
v 33.413296 -25.800001 -6.217523
v 32.911129 -25.800001 -8.500000
f -3 -2 -1
v 33.413296 -25.800001 -6.217523
v 33.361694 -25.800001 -6.147153
v 32.911129 -25.800001 -8.500000
f -3 -2 -1
v 32.911129 -25.800001 -8.500000
v 33.361694 -25.800001 -6.147153
v 33.313217 -25.800001 -6.074599
f -3 -2 -1
v 32.911129 -25.800001 -8.500000
v 33.001904 -25.800001 -5.087239
v 33.000000 -25.800001 -5.000000
f -3 -2 -1
v 33.007610 -25.800001 -4.825688
v 33.017109 -25.800001 -4.738948
v 32.911129 -25.800001 0.000000
f -3 -2 -1
v 33.017109 -25.800001 -4.738948
v 33.030384 -25.800001 -4.652704
v 32.911129 -25.800001 0.000000
f -3 -2 -1
v 32.911129 -25.800001 0.000000
v 33.030384 -25.800001 -4.652704
v 33.047409 -25.800001 -4.567121
f -3 -2 -1
v 33.187386 -25.800001 -4.154764
v 33.225979 -25.800001 -4.076503
v 32.911129 -25.800001 0.000000
f -3 -2 -1
v 33.225979 -25.800001 -4.076503
v 33.267948 -25.800001 -4.000000
v 32.911129 -25.800001 0.000000
f -3 -2 -1
v 32.911129 -25.800001 0.000000
v 33.267948 -25.800001 -4.000000
v 33.313217 -25.800001 -3.925401
f -3 -2 -1
v 33.525444 -25.800001 -3.648820
v 33.585785 -25.800001 -3.585786
v 32.911129 -25.800001 0.000000
f -3 -2 -1
v 33.585785 -25.800001 -3.585786
v 33.648819 -25.800001 -3.525445
v 32.911129 -25.800001 0.000000
f -3 -2 -1
v 32.911129 -25.800001 0.000000
v 33.648819 -25.800001 -3.525445
v 33.714424 -25.800001 -3.467911
f -3 -2 -1
v 33.714424 -25.800001 -3.467911
v 33.782478 -25.800001 -3.413293
v 32.911129 -25.800001 0.000000
f -3 -2 -1
v 33.782478 -25.800001 -3.413293
v 33.852844 -25.800001 -3.361696
v 32.911129 -25.800001 0.000000
f -3 -2 -1
v 32.911129 -25.800001 0.000000
v 33.852844 -25.800001 -3.361696
v 33.925400 -25.800001 -3.313217
f -3 -2 -1
v 33.925400 -25.800001 -3.313217
v 34.000000 -25.800001 -3.267949
v 32.911129 -25.800001 0.000000
f -3 -2 -1
v 34.000000 -25.800001 -3.267949
v 34.076504 -25.800001 -3.225978
v 32.911129 -25.800001 0.000000
f -3 -2 -1
v 32.911129 -25.800001 0.000000
v 34.076504 -25.800001 -3.225978
v 34.154766 -25.800001 -3.187384
f -3 -2 -1
v 34.154766 -25.800001 -3.187384
v 34.234631 -25.800001 -3.152241
v 32.911129 -25.800001 0.000000
f -3 -2 -1
v 34.234631 -25.800001 -3.152241
v 34.315960 -25.800001 -3.120615
v 32.911129 -25.800001 0.000000
f -3 -2 -1
v 32.911129 -25.800001 0.000000
v 34.315960 -25.800001 -3.120615
v 34.398590 -25.800001 -3.092566
f -3 -2 -1
v 34.398590 -25.800001 -3.092566
v 34.482365 -25.800001 -3.068148
v 32.911129 -25.800001 0.000000
f -3 -2 -1
v 34.482365 -25.800001 -3.068148
v 34.567120 -25.800001 -3.047408
v 32.911129 -25.800001 0.000000
f -3 -2 -1
v 32.911129 -25.800001 0.000000
v 34.567120 -25.800001 -3.047408
v 34.652702 -25.800001 -3.030385
f -3 -2 -1
v 35.174309 -25.800001 -3.007611
v 35.261055 -25.800001 -3.017110
v 36.724026 -25.800001 0.000000
f -3 -2 -1
v 35.261055 -25.800001 -3.017110
v 35.347298 -25.800001 -3.030385
v 36.724026 -25.800001 0.000000
f -3 -2 -1
v 36.724026 -25.800001 0.000000
v 35.347298 -25.800001 -3.030385
v 35.432880 -25.800001 -3.047408
f -3 -2 -1
v 36.074596 -25.800001 -3.313217
v 36.147152 -25.800001 -3.361696
v 38.080292 -25.800001 -0.324079
f -3 -2 -1
v 36.217522 -25.800001 -3.413293
v 38.303314 -25.800001 -0.449344
v 36.147152 -25.800001 -3.361696
f -3 -2 -1
v 38.303314 -25.800001 -0.449344
v 38.193142 -25.800001 -0.384333
v 36.147152 -25.800001 -3.361696
f -3 -2 -1
v 36.147152 -25.800001 -3.361696
v 38.193142 -25.800001 -0.384333
v 38.080292 -25.800001 -0.324079
f -3 -2 -1
v 39.065708 -25.800001 -1.124760
v 38.983631 -25.800001 -1.026632
v 36.414215 -25.800001 -3.585786
f -3 -2 -1
v 38.983631 -25.800001 -1.026632
v 38.897446 -25.800001 -0.932093
v 36.414215 -25.800001 -3.585786
f -3 -2 -1
v 36.414215 -25.800001 -3.585786
v 38.897446 -25.800001 -0.932093
v 36.351181 -25.800001 -3.525445
f -3 -2 -1
v 36.907433 -25.800001 -4.398589
v 36.931850 -25.800001 -4.482362
v 39.720314 -25.800001 -3.149174
f -3 -2 -1
v 36.931850 -25.800001 -4.482362
v 36.952591 -25.800001 -4.567121
v 39.720314 -25.800001 -3.149174
f -3 -2 -1
v 39.720314 -25.800001 -3.149174
v 36.952591 -25.800001 -4.567121
v 36.969616 -25.800001 -4.652704
f -3 -2 -1
v 36.969616 -25.800001 -4.652704
v 36.982891 -25.800001 -4.738948
v 39.720314 -25.800001 -3.149174
f -3 -2 -1
v 36.982891 -25.800001 -4.738948
v 36.992390 -25.800001 -4.825688
v 39.720314 -25.800001 -3.149174
f -3 -2 -1
v 39.720314 -25.800001 -3.149174
v 36.992390 -25.800001 -4.825688
v 36.998096 -25.800001 -4.912761
f -3 -2 -1
v 33.030384 -25.800001 -5.347296
v 33.017109 -25.800001 -5.261053
v 32.911129 -25.800001 -8.500000
f -3 -2 -1
v 33.017109 -25.800001 -5.261053
v 33.007610 -25.800001 -5.174311
v 32.911129 -25.800001 -8.500000
f -3 -2 -1
v 32.911129 -25.800001 -8.500000
v 33.007610 -25.800001 -5.174311
v 33.001904 -25.800001 -5.087239
f -3 -2 -1
v 38.897446 -25.800001 -0.932093
v 38.807312 -25.800001 -0.841314
v 36.351181 -25.800001 -3.525445
f -3 -2 -1
v 38.807312 -25.800001 -0.841314
v 38.713387 -25.800001 -0.754460
v 36.351181 -25.800001 -3.525445
f -3 -2 -1
v 36.351181 -25.800001 -3.525445
v 38.713387 -25.800001 -0.754460
v 36.285576 -25.800001 -3.467911
f -3 -2 -1
v 39.714863 -25.800001 -2.765662
v 39.702152 -25.800001 -2.638367
v 36.812614 -25.800001 -4.154764
f -3 -2 -1
v 39.702152 -25.800001 -2.638367
v 36.774021 -25.800001 -4.076503
v 36.812614 -25.800001 -4.154764
f -3 -2 -1
v 39.714863 -25.800001 -2.765662
v 36.812614 -25.800001 -4.154764
v 39.722134 -25.800001 -2.893383
f -3 -2 -1
v 36.812614 -25.800001 -4.154764
v 36.847759 -25.800001 -4.234633
v 39.722134 -25.800001 -2.893383
f -3 -2 -1
v 39.722134 -25.800001 -2.893383
v 36.847759 -25.800001 -4.234633
v 39.723953 -25.800001 -3.021297
f -3 -2 -1
v 39.723953 -25.800001 -3.021297
v 36.847759 -25.800001 -4.234633
v 39.720314 -25.800001 -3.149174
f -3 -2 -1
v 36.847759 -25.800001 -4.234633
v 36.879387 -25.800001 -4.315960
v 39.720314 -25.800001 -3.149174
f -3 -2 -1
v 39.720314 -25.800001 -3.149174
v 36.879387 -25.800001 -4.315960
v 36.907433 -25.800001 -4.398589
f -3 -2 -1
v 36.285576 -25.800001 -6.532089
v 36.217522 -25.800001 -6.586707
v 39.395535 -25.800001 -8.503471
f -3 -2 -1
v 36.217522 -25.800001 -6.586707
v 36.147152 -25.800001 -6.638304
v 39.395535 -25.800001 -8.503471
f -3 -2 -1
v 39.395535 -25.800001 -8.503471
v 36.147152 -25.800001 -6.638304
v 36.074596 -25.800001 -6.686783
f -3 -2 -1
v 38.713387 -25.800001 -0.754460
v 38.615845 -25.800001 -0.671690
v 36.285576 -25.800001 -3.467911
f -3 -2 -1
v 38.615845 -25.800001 -0.671690
v 38.514858 -25.800001 -0.593153
v 36.285576 -25.800001 -3.467911
f -3 -2 -1
v 36.285576 -25.800001 -3.467911
v 38.514858 -25.800001 -0.593153
v 36.217522 -25.800001 -3.413293
f -3 -2 -1
v 38.514858 -25.800001 -0.593153
v 38.410622 -25.800001 -0.518993
v 36.217522 -25.800001 -3.413293
f -3 -2 -1
v 36.217522 -25.800001 -3.413293
v 38.410622 -25.800001 -0.518993
v 38.303314 -25.800001 -0.449344
f -3 -2 -1
v 39.464077 -25.800001 -1.778475
v 36.586704 -25.800001 -3.782477
v 36.638306 -25.800001 -3.852847
f -3 -2 -1
v 36.998096 -25.800001 -5.087239
v 36.992390 -25.800001 -5.174311
v 39.720314 -25.800001 -3.149174
f -3 -2 -1
v 36.992390 -25.800001 -5.174311
v 36.982891 -25.800001 -5.261053
v 39.720314 -25.800001 -3.149174
f -3 -2 -1
v 39.720314 -25.800001 -3.149174
v 36.982891 -25.800001 -5.261053
v 39.395535 -25.800001 -8.503471
f -3 -2 -1
v 36.982891 -25.800001 -5.261053
v 36.969616 -25.800001 -5.347296
v 39.395535 -25.800001 -8.503471
f -3 -2 -1
v 39.395535 -25.800001 -8.503471
v 36.969616 -25.800001 -5.347296
v 36.952591 -25.800001 -5.432879
f -3 -2 -1
v 35.432880 -25.800001 -3.047408
v 35.517635 -25.800001 -3.068148
v 36.724026 -25.800001 0.000000
f -3 -2 -1
v 35.517635 -25.800001 -3.068148
v 35.601410 -25.800001 -3.092566
v 36.724026 -25.800001 0.000000
f -3 -2 -1
v 36.724026 -25.800001 0.000000
v 35.601410 -25.800001 -3.092566
v 36.851929 -25.800001 -0.002728
f -3 -2 -1
v 35.601410 -25.800001 -3.092566
v 35.684040 -25.800001 -3.120615
v 36.851929 -25.800001 -0.002728
f -3 -2 -1
v 36.851929 -25.800001 -0.002728
v 35.684040 -25.800001 -3.120615
v 36.979595 -25.800001 -0.010905
f -3 -2 -1
v 35.684040 -25.800001 -3.120615
v 35.765369 -25.800001 -3.152241
v 36.979595 -25.800001 -0.010905
f -3 -2 -1
v 35.845234 -25.800001 -3.187384
v 37.233299 -25.800001 -0.043542
v 35.765369 -25.800001 -3.152241
f -3 -2 -1
v 37.233299 -25.800001 -0.043542
v 37.106792 -25.800001 -0.024519
v 35.765369 -25.800001 -3.152241
f -3 -2 -1
v 35.765369 -25.800001 -3.152241
v 37.106792 -25.800001 -0.024519
v 36.979595 -25.800001 -0.010905
f -3 -2 -1
v 36.000000 -25.800001 -3.267949
v 37.606346 -25.800001 -0.132682
v 35.923496 -25.800001 -3.225978
f -3 -2 -1
v 37.606346 -25.800001 -0.132682
v 37.483303 -25.800001 -0.097673
v 35.923496 -25.800001 -3.225978
f -3 -2 -1
v 35.923496 -25.800001 -3.225978
v 37.483303 -25.800001 -0.097673
v 35.845234 -25.800001 -3.187384
f -3 -2 -1
v 37.483303 -25.800001 -0.097673
v 37.358875 -25.800001 -0.067942
v 35.845234 -25.800001 -3.187384
f -3 -2 -1
v 35.845234 -25.800001 -3.187384
v 37.358875 -25.800001 -0.067942
v 37.233299 -25.800001 -0.043542
f -3 -2 -1
v 38.080292 -25.800001 -0.324079
v 37.964973 -25.800001 -0.268691
v 36.074596 -25.800001 -3.313217
f -3 -2 -1
v 37.964973 -25.800001 -0.268691
v 37.847404 -25.800001 -0.218269
v 36.074596 -25.800001 -3.313217
f -3 -2 -1
v 36.074596 -25.800001 -3.313217
v 37.847404 -25.800001 -0.218269
v 36.000000 -25.800001 -3.267949
f -3 -2 -1
v 37.847404 -25.800001 -0.218269
v 37.727787 -25.800001 -0.172905
v 36.000000 -25.800001 -3.267949
f -3 -2 -1
v 36.000000 -25.800001 -3.267949
v 37.727787 -25.800001 -0.172905
v 37.606346 -25.800001 -0.132682
f -3 -2 -1
v 36.532089 -25.800001 -3.714425
v 39.216946 -25.800001 -1.331061
v 36.474556 -25.800001 -3.648820
f -3 -2 -1
v 39.216946 -25.800001 -1.331061
v 39.143528 -25.800001 -1.226298
v 36.474556 -25.800001 -3.648820
f -3 -2 -1
v 36.474556 -25.800001 -3.648820
v 39.143528 -25.800001 -1.226298
v 39.065708 -25.800001 -1.124760
f -3 -2 -1
v 39.464077 -25.800001 -1.778475
v 39.409512 -25.800001 -1.662769
v 36.586704 -25.800001 -3.782477
f -3 -2 -1
v 39.409512 -25.800001 -1.662769
v 39.350060 -25.800001 -1.549495
v 36.586704 -25.800001 -3.782477
f -3 -2 -1
v 36.586704 -25.800001 -3.782477
v 39.350060 -25.800001 -1.549495
v 36.532089 -25.800001 -3.714425
f -3 -2 -1
v 39.350060 -25.800001 -1.549495
v 39.285831 -25.800001 -1.438859
v 36.532089 -25.800001 -3.714425
f -3 -2 -1
v 36.532089 -25.800001 -3.714425
v 39.285831 -25.800001 -1.438859
v 39.216946 -25.800001 -1.331061
f -3 -2 -1
v 36.686783 -25.800001 -3.925401
v 39.558174 -25.800001 -2.016335
v 36.638306 -25.800001 -3.852847
f -3 -2 -1
v 39.558174 -25.800001 -2.016335
v 39.513664 -25.800001 -1.896402
v 36.638306 -25.800001 -3.852847
f -3 -2 -1
v 36.638306 -25.800001 -3.852847
v 39.513664 -25.800001 -1.896402
v 39.464077 -25.800001 -1.778475
f -3 -2 -1
v 39.702152 -25.800001 -2.638367
v 39.684029 -25.800001 -2.511730
v 36.774021 -25.800001 -4.076503
f -3 -2 -1
v 39.684029 -25.800001 -2.511730
v 39.660519 -25.800001 -2.385980
v 36.774021 -25.800001 -4.076503
f -3 -2 -1
v 36.774021 -25.800001 -4.076503
v 39.660519 -25.800001 -2.385980
v 36.732052 -25.800001 -4.000000
f -3 -2 -1
v 39.660519 -25.800001 -2.385980
v 39.631672 -25.800001 -2.261347
v 36.732052 -25.800001 -4.000000
f -3 -2 -1
v 36.732052 -25.800001 -4.000000
v 39.631672 -25.800001 -2.261347
v 36.686783 -25.800001 -3.925401
f -3 -2 -1
v 39.631672 -25.800001 -2.261347
v 39.597538 -25.800001 -2.138058
v 36.686783 -25.800001 -3.925401
f -3 -2 -1
v 36.686783 -25.800001 -3.925401
v 39.597538 -25.800001 -2.138058
v 39.558174 -25.800001 -2.016335
f -3 -2 -1
v 36.410130 -25.800001 -33.578983
v 36.401676 -25.800001 -33.450493
v 32.911129 -25.800001 -33.721882
f -3 -2 -1
v 36.401676 -25.800001 -33.450493
v 36.398746 -25.800001 -33.321754
v 32.911129 -25.800001 -33.721882
f -3 -2 -1
v 36.398746 -25.800001 -33.321754
v 36.401344 -25.800001 -33.193008
v 32.911129 -25.800001 -33.721882
f -3 -2 -1
v 32.911129 -25.800001 -33.721882
v 36.401344 -25.800001 -33.193008
v 36.409458 -25.800001 -33.064491
f -3 -2 -1
v 39.025665 -25.800001 -13.077111
v 32.911129 -25.800001 -21.103415
v 37.932365 -25.800001 -22.969088
f -3 -2 -1
v 32.911129 -25.800001 -21.103415
v 32.911129 -25.800001 -26.255507
v 37.932365 -25.800001 -22.969088
f -3 -2 -1
v 37.932365 -25.800001 -22.969088
v 32.911129 -25.800001 -26.255507
v 36.442200 -25.800001 -32.809101
f -3 -2 -1
v 32.911129 -25.800001 -26.255507
v 32.911129 -25.800001 -33.721882
v 36.442200 -25.800001 -32.809101
f -3 -2 -1
v 36.442200 -25.800001 -32.809101
v 32.911129 -25.800001 -33.721882
v 36.423088 -25.800001 -32.936447
f -3 -2 -1
v 32.911129 -25.800001 -33.721882
v 36.409458 -25.800001 -33.064491
v 36.423088 -25.800001 -32.936447
f -3 -2 -1
v 37.643200 -25.800001 -35.750565
v 37.540421 -25.800001 -35.672985
v 32.911129 -25.800001 -37.908504
f -3 -2 -1
v 36.728802 -25.800001 -34.685856
v 36.672558 -25.800001 -34.570019
v 32.911129 -25.800001 -37.908504
f -3 -2 -1
v 37.643200 -25.800001 -35.750565
v 32.911129 -25.800001 -37.908504
v 37.749214 -25.800001 -35.823658
f -3 -2 -1
v 32.911129 -25.800001 -37.908504
v 37.001812 -25.800001 -35.121941
v 36.926601 -25.800001 -35.017414
f -3 -2 -1
v 36.498695 -25.800001 -34.085796
v 36.468414 -25.800001 -33.960636
v 32.911129 -25.800001 -33.721882
f -3 -2 -1
v 37.540421 -25.800001 -35.672985
v 37.441063 -25.800001 -35.591068
v 32.911129 -25.800001 -37.908504
f -3 -2 -1
v 37.441063 -25.800001 -35.591068
v 37.345318 -25.800001 -35.504963
v 32.911129 -25.800001 -37.908504
f -3 -2 -1
v 32.911129 -25.800001 -37.908504
v 37.345318 -25.800001 -35.504963
v 37.253349 -25.800001 -35.414825
f -3 -2 -1
v 36.926601 -25.800001 -35.017414
v 36.855942 -25.800001 -34.909763
v 32.911129 -25.800001 -37.908504
f -3 -2 -1
v 36.855942 -25.800001 -34.909763
v 36.789974 -25.800001 -34.799175
v 32.911129 -25.800001 -37.908504
f -3 -2 -1
v 32.911129 -25.800001 -37.908504
v 36.789974 -25.800001 -34.799175
v 36.728802 -25.800001 -34.685856
f -3 -2 -1
v 36.672558 -25.800001 -34.570019
v 36.621334 -25.800001 -34.451878
v 32.911129 -25.800001 -37.908504
f -3 -2 -1
v 36.621334 -25.800001 -34.451878
v 36.575230 -25.800001 -34.331642
v 32.911129 -25.800001 -37.908504
f -3 -2 -1
v 32.911129 -25.800001 -37.908504
v 36.575230 -25.800001 -34.331642
v 32.911129 -25.800001 -33.721882
f -3 -2 -1
v 36.575230 -25.800001 -34.331642
v 36.534325 -25.800001 -34.209538
v 32.911129 -25.800001 -33.721882
f -3 -2 -1
v 32.911129 -25.800001 -33.721882
v 36.534325 -25.800001 -34.209538
v 36.498695 -25.800001 -34.085796
f -3 -2 -1
v 36.468414 -25.800001 -33.960636
v 36.443527 -25.800001 -33.834293
v 32.911129 -25.800001 -33.721882
f -3 -2 -1
v 36.443527 -25.800001 -33.834293
v 36.424088 -25.800001 -33.706997
v 32.911129 -25.800001 -33.721882
f -3 -2 -1
v 32.911129 -25.800001 -33.721882
v 36.424088 -25.800001 -33.706997
v 36.410130 -25.800001 -33.578983
f -3 -2 -1
v 37.253349 -25.800001 -35.414825
v 37.165340 -25.800001 -35.320831
v 32.911129 -25.800001 -37.908504
f -3 -2 -1
v 37.165340 -25.800001 -35.320831
v 37.081440 -25.800001 -35.223141
v 32.911129 -25.800001 -37.908504
f -3 -2 -1
v 32.911129 -25.800001 -37.908504
v 37.081440 -25.800001 -35.223141
v 37.001812 -25.800001 -35.121941
f -3 -2 -1
v 38.266174 -25.800001 -36.214226
v 38.099537 -25.800001 -36.076626
v 32.911129 -25.800001 -37.908504
f -3 -2 -1
v 38.099537 -25.800001 -36.076626
v 37.927109 -25.800001 -35.946358
v 32.911129 -25.800001 -37.908504
f -3 -2 -1
v 32.911129 -25.800001 -37.908504
v 37.927109 -25.800001 -35.946358
v 37.749214 -25.800001 -35.823658
f -3 -2 -1
v 39.458008 -25.800001 -37.735893
v 39.356007 -25.800001 -37.545372
v 32.911129 -25.800001 -37.908504
f -3 -2 -1
v 39.356007 -25.800001 -37.545372
v 39.245872 -25.800001 -37.359440
v 32.911129 -25.800001 -37.908504
f -3 -2 -1
v 32.911129 -25.800001 -37.908504
v 39.245872 -25.800001 -37.359440
v 39.127804 -25.800001 -37.178436
f -3 -2 -1
v 39.127804 -25.800001 -37.178436
v 39.002026 -25.800001 -37.002705
v 32.911129 -25.800001 -37.908504
f -3 -2 -1
v 39.002026 -25.800001 -37.002705
v 38.868774 -25.800001 -36.832573
v 32.911129 -25.800001 -37.908504
f -3 -2 -1
v 32.911129 -25.800001 -37.908504
v 38.868774 -25.800001 -36.832573
v 38.728294 -25.800001 -36.668362
f -3 -2 -1
v 38.728294 -25.800001 -36.668362
v 38.580845 -25.800001 -36.510368
v 32.911129 -25.800001 -37.908504
f -3 -2 -1
v 38.580845 -25.800001 -36.510368
v 38.426712 -25.800001 -36.358898
v 32.911129 -25.800001 -37.908504
f -3 -2 -1
v 32.911129 -25.800001 -37.908504
v 38.426712 -25.800001 -36.358898
v 38.266174 -25.800001 -36.214226
f -3 -2 -1
v 32.911129 -25.800001 -43.047668
v 34.567120 -25.800001 -41.952591
v 34.482365 -25.800001 -41.931854
f -3 -2 -1
v 34.482365 -25.800001 -41.931854
v 34.398590 -25.800001 -41.907433
v 32.911129 -25.800001 -43.047668
f -3 -2 -1
v 34.398590 -25.800001 -41.907433
v 34.315960 -25.800001 -41.879387
v 32.911129 -25.800001 -43.047668
f -3 -2 -1
v 32.911129 -25.800001 -43.047668
v 34.315960 -25.800001 -41.879387
v 34.234631 -25.800001 -41.847759
f -3 -2 -1
v 32.911129 -25.800001 -37.908504
v 33.467911 -25.800001 -38.714424
v 33.525444 -25.800001 -38.648823
f -3 -2 -1
v 35.000000 -25.800001 -42.000000
v 34.912762 -25.800001 -41.998096
v 32.911129 -25.800001 -43.047668
f -3 -2 -1
v 34.912762 -25.800001 -41.998096
v 34.825691 -25.800001 -41.992390
v 32.911129 -25.800001 -43.047668
f -3 -2 -1
v 33.092567 -25.800001 -39.398590
v 32.911129 -25.800001 -37.908504
v 33.068146 -25.800001 -39.482361
f -3 -2 -1
v 32.911129 -25.800001 -37.908504
v 33.047409 -25.800001 -39.567120
v 33.068146 -25.800001 -39.482361
f -3 -2 -1
v 33.525444 -25.800001 -38.648823
v 33.585785 -25.800001 -38.585785
v 32.911129 -25.800001 -37.908504
f -3 -2 -1
v 33.585785 -25.800001 -38.585785
v 33.648819 -25.800001 -38.525444
v 32.911129 -25.800001 -37.908504
f -3 -2 -1
v 32.911129 -25.800001 -37.908504
v 33.648819 -25.800001 -38.525444
v 33.714424 -25.800001 -38.467911
f -3 -2 -1
v 35.517635 -25.800001 -41.931854
v 35.432880 -25.800001 -41.952591
v 38.833435 -25.800001 -43.210106
f -3 -2 -1
v 35.432880 -25.800001 -41.952591
v 35.347298 -25.800001 -41.969616
v 38.833435 -25.800001 -43.210106
f -3 -2 -1
v 34.825691 -25.800001 -41.992390
v 34.738945 -25.800001 -41.982887
v 32.911129 -25.800001 -43.047668
f -3 -2 -1
v 34.738945 -25.800001 -41.982887
v 34.652702 -25.800001 -41.969616
v 32.911129 -25.800001 -43.047668
f -3 -2 -1
v 32.911129 -25.800001 -43.047668
v 34.652702 -25.800001 -41.969616
v 34.567120 -25.800001 -41.952591
f -3 -2 -1
v 34.234631 -25.800001 -41.847759
v 34.154766 -25.800001 -41.812618
v 32.911129 -25.800001 -43.047668
f -3 -2 -1
v 34.154766 -25.800001 -41.812618
v 34.076504 -25.800001 -41.774025
v 32.911129 -25.800001 -43.047668
f -3 -2 -1
v 32.911129 -25.800001 -43.047668
v 34.076504 -25.800001 -41.774025
v 34.000000 -25.800001 -41.732052
f -3 -2 -1
v 33.092567 -25.800001 -39.398590
v 33.120613 -25.800001 -39.315960
v 32.911129 -25.800001 -37.908504
f -3 -2 -1
v 33.120613 -25.800001 -39.315960
v 33.152241 -25.800001 -39.234634
v 32.911129 -25.800001 -37.908504
f -3 -2 -1
v 32.911129 -25.800001 -37.908504
v 33.152241 -25.800001 -39.234634
v 33.187386 -25.800001 -39.154766
f -3 -2 -1
v 33.187386 -25.800001 -39.154766
v 33.225979 -25.800001 -39.076504
v 32.911129 -25.800001 -37.908504
f -3 -2 -1
v 33.225979 -25.800001 -39.076504
v 33.267948 -25.800001 -39.000000
v 32.911129 -25.800001 -37.908504
f -3 -2 -1
v 32.911129 -25.800001 -37.908504
v 33.267948 -25.800001 -39.000000
v 33.313217 -25.800001 -38.925404
f -3 -2 -1
v 33.313217 -25.800001 -38.925404
v 33.361694 -25.800001 -38.852848
v 32.911129 -25.800001 -37.908504
f -3 -2 -1
v 33.361694 -25.800001 -38.852848
v 33.413296 -25.800001 -38.782478
v 32.911129 -25.800001 -37.908504
f -3 -2 -1
v 32.911129 -25.800001 -37.908504
v 33.413296 -25.800001 -38.782478
v 33.467911 -25.800001 -38.714424
f -3 -2 -1
v 33.714424 -25.800001 -38.467911
v 33.782478 -25.800001 -38.413292
v 32.911129 -25.800001 -37.908504
f -3 -2 -1
v 33.782478 -25.800001 -38.413292
v 33.852844 -25.800001 -38.361694
v 32.911129 -25.800001 -37.908504
f -3 -2 -1
v 32.911129 -25.800001 -37.908504
v 33.852844 -25.800001 -38.361694
v 33.925400 -25.800001 -38.313217
f -3 -2 -1
v 34.000000 -25.800001 -41.732052
v 33.925400 -25.800001 -41.686783
v 32.911129 -25.800001 -43.047668
f -3 -2 -1
v 33.925400 -25.800001 -41.686783
v 33.852844 -25.800001 -41.638302
v 32.911129 -25.800001 -43.047668
f -3 -2 -1
v 32.911129 -25.800001 -43.047668
v 33.852844 -25.800001 -41.638302
v 33.782478 -25.800001 -41.586708
f -3 -2 -1
v 33.120613 -25.800001 -40.684040
v 33.092567 -25.800001 -40.601410
v 32.911129 -25.800001 -43.047668
f -3 -2 -1
v 33.092567 -25.800001 -40.601410
v 33.068146 -25.800001 -40.517639
v 32.911129 -25.800001 -43.047668
f -3 -2 -1
v 32.911129 -25.800001 -43.047668
v 33.068146 -25.800001 -40.517639
v 33.047409 -25.800001 -40.432877
f -3 -2 -1
v 33.047409 -25.800001 -40.432877
v 33.030384 -25.800001 -40.347298
v 32.911129 -25.800001 -43.047668
f -3 -2 -1
v 33.030384 -25.800001 -40.347298
v 33.017109 -25.800001 -40.261051
v 32.911129 -25.800001 -43.047668
f -3 -2 -1
v 32.911129 -25.800001 -43.047668
v 33.017109 -25.800001 -40.261051
v 33.007610 -25.800001 -40.174313
f -3 -2 -1
v 33.007610 -25.800001 -40.174313
v 33.001904 -25.800001 -40.087238
v 32.911129 -25.800001 -43.047668
f -3 -2 -1
v 33.001904 -25.800001 -40.087238
v 33.000000 -25.800001 -40.000000
v 32.911129 -25.800001 -43.047668
f -3 -2 -1
v 32.911129 -25.800001 -43.047668
v 33.000000 -25.800001 -40.000000
v 32.911129 -25.800001 -37.908504
f -3 -2 -1
v 33.000000 -25.800001 -40.000000
v 33.001904 -25.800001 -39.912762
v 32.911129 -25.800001 -37.908504
f -3 -2 -1
v 32.911129 -25.800001 -37.908504
v 33.001904 -25.800001 -39.912762
v 33.007610 -25.800001 -39.825687
f -3 -2 -1
v 39.458008 -25.800001 -37.735893
v 36.217522 -25.800001 -38.413292
v 36.285576 -25.800001 -38.467911
f -3 -2 -1
v 39.458008 -25.800001 -37.735893
v 36.638306 -25.800001 -38.852848
v 36.686783 -25.800001 -38.925404
f -3 -2 -1
v 35.347298 -25.800001 -41.969616
v 35.261055 -25.800001 -41.982887
v 38.833435 -25.800001 -43.210106
f -3 -2 -1
v 35.261055 -25.800001 -41.982887
v 35.174309 -25.800001 -41.992390
v 38.833435 -25.800001 -43.210106
f -3 -2 -1
v 38.833435 -25.800001 -43.210106
v 35.174309 -25.800001 -41.992390
v 32.911129 -25.800001 -43.047668
f -3 -2 -1
v 35.174309 -25.800001 -41.992390
v 35.087238 -25.800001 -41.998096
v 32.911129 -25.800001 -43.047668
f -3 -2 -1
v 32.911129 -25.800001 -43.047668
v 35.087238 -25.800001 -41.998096
v 35.000000 -25.800001 -42.000000
f -3 -2 -1
v 33.782478 -25.800001 -41.586708
v 33.714424 -25.800001 -41.532089
v 32.911129 -25.800001 -43.047668
f -3 -2 -1
v 33.714424 -25.800001 -41.532089
v 33.648819 -25.800001 -41.474556
v 32.911129 -25.800001 -43.047668
f -3 -2 -1
v 32.911129 -25.800001 -43.047668
v 33.648819 -25.800001 -41.474556
v 33.585785 -25.800001 -41.414211
f -3 -2 -1
v 33.007610 -25.800001 -39.825687
v 33.017109 -25.800001 -39.738949
v 32.911129 -25.800001 -37.908504
f -3 -2 -1
v 33.017109 -25.800001 -39.738949
v 33.030384 -25.800001 -39.652706
v 32.911129 -25.800001 -37.908504
f -3 -2 -1
v 32.911129 -25.800001 -37.908504
v 33.030384 -25.800001 -39.652706
v 33.047409 -25.800001 -39.567120
f -3 -2 -1
v 34.154766 -25.800001 -38.187386
v 34.234631 -25.800001 -38.152241
v 32.911129 -25.800001 -37.908504
f -3 -2 -1
v 34.234631 -25.800001 -38.152241
v 34.315960 -25.800001 -38.120617
v 32.911129 -25.800001 -37.908504
f -3 -2 -1
v 34.315960 -25.800001 -38.120617
v 34.398590 -25.800001 -38.092564
v 32.911129 -25.800001 -37.908504
f -3 -2 -1
v 34.398590 -25.800001 -38.092564
v 34.482365 -25.800001 -38.068150
v 32.911129 -25.800001 -37.908504
f -3 -2 -1
v 32.911129 -25.800001 -37.908504
v 34.482365 -25.800001 -38.068150
v 34.567120 -25.800001 -38.047405
f -3 -2 -1
v 36.285576 -25.800001 -38.467911
v 36.351181 -25.800001 -38.525444
v 39.458008 -25.800001 -37.735893
f -3 -2 -1
v 36.351181 -25.800001 -38.525444
v 36.414215 -25.800001 -38.585785
v 39.458008 -25.800001 -37.735893
f -3 -2 -1
v 39.458008 -25.800001 -37.735893
v 36.414215 -25.800001 -38.585785
v 36.474556 -25.800001 -38.648823
f -3 -2 -1
v 36.474556 -25.800001 -38.648823
v 36.532089 -25.800001 -38.714424
v 39.458008 -25.800001 -37.735893
f -3 -2 -1
v 36.532089 -25.800001 -38.714424
v 36.586704 -25.800001 -38.782478
v 39.458008 -25.800001 -37.735893
f -3 -2 -1
v 39.458008 -25.800001 -37.735893
v 36.586704 -25.800001 -38.782478
v 36.638306 -25.800001 -38.852848
f -3 -2 -1
v 38.833435 -25.800001 -43.210106
v 36.474556 -25.800001 -41.351181
v 36.414215 -25.800001 -41.414211
f -3 -2 -1
v 35.765369 -25.800001 -41.847759
v 35.684040 -25.800001 -41.879387
v 38.833435 -25.800001 -43.210106
f -3 -2 -1
v 35.684040 -25.800001 -41.879387
v 35.601410 -25.800001 -41.907433
v 38.833435 -25.800001 -43.210106
f -3 -2 -1
v 38.833435 -25.800001 -43.210106
v 35.601410 -25.800001 -41.907433
v 35.517635 -25.800001 -41.931854
f -3 -2 -1
v 32.911129 -25.800001 -43.047668
v 33.267948 -25.800001 -41.000000
v 33.225979 -25.800001 -40.923500
f -3 -2 -1
v 33.925400 -25.800001 -38.313217
v 34.000000 -25.800001 -38.267948
v 32.911129 -25.800001 -37.908504
f -3 -2 -1
v 34.000000 -25.800001 -38.267948
v 34.076504 -25.800001 -38.225979
v 32.911129 -25.800001 -37.908504
f -3 -2 -1
v 32.911129 -25.800001 -37.908504
v 34.076504 -25.800001 -38.225979
v 34.154766 -25.800001 -38.187386
f -3 -2 -1
v 39.458008 -25.800001 -37.735893
v 35.432880 -25.800001 -38.047405
v 35.517635 -25.800001 -38.068150
f -3 -2 -1
v 35.517635 -25.800001 -38.068150
v 35.601410 -25.800001 -38.092564
v 39.458008 -25.800001 -37.735893
f -3 -2 -1
v 35.601410 -25.800001 -38.092564
v 35.684040 -25.800001 -38.120617
v 39.458008 -25.800001 -37.735893
f -3 -2 -1
v 39.458008 -25.800001 -37.735893
v 35.684040 -25.800001 -38.120617
v 35.765369 -25.800001 -38.152241
f -3 -2 -1
v 36.414215 -25.800001 -41.414211
v 36.351181 -25.800001 -41.474556
v 38.833435 -25.800001 -43.210106
f -3 -2 -1
v 36.351181 -25.800001 -41.474556
v 36.285576 -25.800001 -41.532089
v 38.833435 -25.800001 -43.210106
f -3 -2 -1
v 38.833435 -25.800001 -43.210106
v 36.285576 -25.800001 -41.532089
v 36.217522 -25.800001 -41.586708
f -3 -2 -1
v 36.217522 -25.800001 -41.586708
v 36.147152 -25.800001 -41.638302
v 38.833435 -25.800001 -43.210106
f -3 -2 -1
v 36.147152 -25.800001 -41.638302
v 36.074596 -25.800001 -41.686783
v 38.833435 -25.800001 -43.210106
f -3 -2 -1
v 38.833435 -25.800001 -43.210106
v 36.074596 -25.800001 -41.686783
v 36.000000 -25.800001 -41.732052
f -3 -2 -1
v 33.585785 -25.800001 -41.414211
v 33.525444 -25.800001 -41.351181
v 32.911129 -25.800001 -43.047668
f -3 -2 -1
v 33.525444 -25.800001 -41.351181
v 33.467911 -25.800001 -41.285576
v 32.911129 -25.800001 -43.047668
f -3 -2 -1
v 32.911129 -25.800001 -43.047668
v 33.467911 -25.800001 -41.285576
v 33.413296 -25.800001 -41.217525
f -3 -2 -1
v 33.413296 -25.800001 -41.217525
v 33.361694 -25.800001 -41.147152
v 32.911129 -25.800001 -43.047668
f -3 -2 -1
v 33.361694 -25.800001 -41.147152
v 33.313217 -25.800001 -41.074600
v 32.911129 -25.800001 -43.047668
f -3 -2 -1
v 32.911129 -25.800001 -43.047668
v 33.313217 -25.800001 -41.074600
v 33.267948 -25.800001 -41.000000
f -3 -2 -1
v 33.225979 -25.800001 -40.923500
v 33.187386 -25.800001 -40.845238
v 32.911129 -25.800001 -43.047668
f -3 -2 -1
v 33.187386 -25.800001 -40.845238
v 33.152241 -25.800001 -40.765366
v 32.911129 -25.800001 -43.047668
f -3 -2 -1
v 32.911129 -25.800001 -43.047668
v 33.152241 -25.800001 -40.765366
v 33.120613 -25.800001 -40.684040
f -3 -2 -1
v 34.567120 -25.800001 -38.047405
v 34.652702 -25.800001 -38.030388
v 32.911129 -25.800001 -37.908504
f -3 -2 -1
v 34.652702 -25.800001 -38.030388
v 34.738945 -25.800001 -38.017109
v 32.911129 -25.800001 -37.908504
f -3 -2 -1
v 32.911129 -25.800001 -37.908504
v 34.738945 -25.800001 -38.017109
v 34.825691 -25.800001 -38.007610
f -3 -2 -1
v 35.174309 -25.800001 -38.007610
v 35.261055 -25.800001 -38.017109
v 39.458008 -25.800001 -37.735893
f -3 -2 -1
v 35.261055 -25.800001 -38.017109
v 35.347298 -25.800001 -38.030388
v 39.458008 -25.800001 -37.735893
f -3 -2 -1
v 39.458008 -25.800001 -37.735893
v 35.347298 -25.800001 -38.030388
v 35.432880 -25.800001 -38.047405
f -3 -2 -1
v 35.765369 -25.800001 -38.152241
v 35.845234 -25.800001 -38.187386
v 39.458008 -25.800001 -37.735893
f -3 -2 -1
v 35.845234 -25.800001 -38.187386
v 35.923496 -25.800001 -38.225979
v 39.458008 -25.800001 -37.735893
f -3 -2 -1
v 39.458008 -25.800001 -37.735893
v 35.923496 -25.800001 -38.225979
v 36.000000 -25.800001 -38.267948
f -3 -2 -1
v 36.686783 -25.800001 -38.925404
v 36.732052 -25.800001 -39.000000
v 39.458008 -25.800001 -37.735893
f -3 -2 -1
v 36.732052 -25.800001 -39.000000
v 36.774021 -25.800001 -39.076504
v 39.458008 -25.800001 -37.735893
f -3 -2 -1
v 39.458008 -25.800001 -37.735893
v 36.774021 -25.800001 -39.076504
v 39.551674 -25.800001 -37.930641
f -3 -2 -1
v 36.774021 -25.800001 -39.076504
v 36.812614 -25.800001 -39.154766
v 39.551674 -25.800001 -37.930641
f -3 -2 -1
v 39.551674 -25.800001 -37.930641
v 36.812614 -25.800001 -39.154766
v 39.636845 -25.800001 -38.129253
f -3 -2 -1
v 36.812614 -25.800001 -39.154766
v 36.847759 -25.800001 -39.234634
v 39.636845 -25.800001 -38.129253
f -3 -2 -1
v 39.636845 -25.800001 -38.129253
v 36.847759 -25.800001 -39.234634
v 39.713348 -25.800001 -38.331367
f -3 -2 -1
v 36.847759 -25.800001 -39.234634
v 36.879387 -25.800001 -39.315960
v 39.713348 -25.800001 -38.331367
f -3 -2 -1
v 39.713348 -25.800001 -38.331367
v 36.879387 -25.800001 -39.315960
v 39.781048 -25.800001 -38.536594
f -3 -2 -1
v 36.879387 -25.800001 -39.315960
v 36.907433 -25.800001 -39.398590
v 39.781048 -25.800001 -38.536594
f -3 -2 -1
v 39.781048 -25.800001 -38.536594
v 36.907433 -25.800001 -39.398590
v 39.839821 -25.800001 -38.744553
f -3 -2 -1
v 36.907433 -25.800001 -39.398590
v 36.931850 -25.800001 -39.482361
v 39.839821 -25.800001 -38.744553
f -3 -2 -1
v 39.839821 -25.800001 -38.744553
v 36.931850 -25.800001 -39.482361
v 39.889549 -25.800001 -38.954861
f -3 -2 -1
v 36.931850 -25.800001 -39.482361
v 36.952591 -25.800001 -39.567120
v 39.889549 -25.800001 -38.954861
f -3 -2 -1
v 39.889549 -25.800001 -38.954861
v 36.952591 -25.800001 -39.567120
v 39.930141 -25.800001 -39.167118
f -3 -2 -1
v 36.952591 -25.800001 -39.567120
v 36.969616 -25.800001 -39.652706
v 39.930141 -25.800001 -39.167118
f -3 -2 -1
v 39.930141 -25.800001 -39.167118
v 36.969616 -25.800001 -39.652706
v 39.961529 -25.800001 -39.380936
f -3 -2 -1
v 36.969616 -25.800001 -39.652706
v 36.982891 -25.800001 -39.738949
v 39.961529 -25.800001 -39.380936
f -3 -2 -1
v 39.961529 -25.800001 -39.380936
v 36.982891 -25.800001 -39.738949
v 39.983646 -25.800001 -39.595901
f -3 -2 -1
v 36.982891 -25.800001 -39.738949
v 36.992390 -25.800001 -39.825687
v 39.983646 -25.800001 -39.595901
f -3 -2 -1
v 39.983646 -25.800001 -39.595901
v 36.992390 -25.800001 -39.825687
v 39.996449 -25.800001 -39.811630
f -3 -2 -1
v 36.992390 -25.800001 -39.825687
v 36.998096 -25.800001 -39.912762
v 39.996449 -25.800001 -39.811630
f -3 -2 -1
v 39.996449 -25.800001 -39.811630
v 36.998096 -25.800001 -39.912762
v 39.999924 -25.800001 -40.027702
f -3 -2 -1
v 36.998096 -25.800001 -39.912762
v 37.000000 -25.800001 -40.000000
v 39.999924 -25.800001 -40.027702
f -3 -2 -1
v 39.999924 -25.800001 -40.027702
v 37.000000 -25.800001 -40.000000
v 39.994057 -25.800001 -40.243729
f -3 -2 -1
v 37.000000 -25.800001 -40.000000
v 36.998096 -25.800001 -40.087238
v 39.994057 -25.800001 -40.243729
f -3 -2 -1
v 39.994057 -25.800001 -40.243729
v 36.998096 -25.800001 -40.087238
v 39.978859 -25.800001 -40.459301
f -3 -2 -1
v 36.998096 -25.800001 -40.087238
v 36.992390 -25.800001 -40.174313
v 39.978859 -25.800001 -40.459301
f -3 -2 -1
v 39.978859 -25.800001 -40.459301
v 36.992390 -25.800001 -40.174313
v 39.954361 -25.800001 -40.674011
f -3 -2 -1
v 36.992390 -25.800001 -40.174313
v 36.982891 -25.800001 -40.261051
v 39.954361 -25.800001 -40.674011
f -3 -2 -1
v 39.954361 -25.800001 -40.674011
v 36.982891 -25.800001 -40.261051
v 39.920609 -25.800001 -40.887466
f -3 -2 -1
v 36.982891 -25.800001 -40.261051
v 36.969616 -25.800001 -40.347298
v 39.920609 -25.800001 -40.887466
f -3 -2 -1
v 39.920609 -25.800001 -40.887466
v 36.969616 -25.800001 -40.347298
v 39.877663 -25.800001 -41.099262
f -3 -2 -1
v 36.969616 -25.800001 -40.347298
v 36.952591 -25.800001 -40.432877
v 39.877663 -25.800001 -41.099262
f -3 -2 -1
v 39.877663 -25.800001 -41.099262
v 36.952591 -25.800001 -40.432877
v 39.825611 -25.800001 -41.309002
f -3 -2 -1
v 36.952591 -25.800001 -40.432877
v 36.931850 -25.800001 -40.517639
v 39.825611 -25.800001 -41.309002
f -3 -2 -1
v 39.825611 -25.800001 -41.309002
v 36.931850 -25.800001 -40.517639
v 39.764538 -25.800001 -41.516300
f -3 -2 -1
v 36.931850 -25.800001 -40.517639
v 36.907433 -25.800001 -40.601410
v 39.764538 -25.800001 -41.516300
f -3 -2 -1
v 39.764538 -25.800001 -41.516300
v 36.907433 -25.800001 -40.601410
v 39.694569 -25.800001 -41.720764
f -3 -2 -1
v 36.907433 -25.800001 -40.601410
v 36.879387 -25.800001 -40.684040
v 39.694569 -25.800001 -41.720764
f -3 -2 -1
v 39.694569 -25.800001 -41.720764
v 36.879387 -25.800001 -40.684040
v 39.615829 -25.800001 -41.922012
f -3 -2 -1
v 36.879387 -25.800001 -40.684040
v 36.847759 -25.800001 -40.765366
v 39.615829 -25.800001 -41.922012
f -3 -2 -1
v 39.615829 -25.800001 -41.922012
v 36.847759 -25.800001 -40.765366
v 39.528461 -25.800001 -42.119675
f -3 -2 -1
v 36.847759 -25.800001 -40.765366
v 36.812614 -25.800001 -40.845238
v 39.528461 -25.800001 -42.119675
f -3 -2 -1
v 39.528461 -25.800001 -42.119675
v 36.812614 -25.800001 -40.845238
v 39.432640 -25.800001 -42.313370
f -3 -2 -1
v 36.812614 -25.800001 -40.845238
v 36.774021 -25.800001 -40.923500
v 39.432640 -25.800001 -42.313370
f -3 -2 -1
v 39.432640 -25.800001 -42.313370
v 36.774021 -25.800001 -40.923500
v 39.328537 -25.800001 -42.502750
f -3 -2 -1
v 36.774021 -25.800001 -40.923500
v 36.732052 -25.800001 -41.000000
v 39.328537 -25.800001 -42.502750
f -3 -2 -1
v 39.328537 -25.800001 -42.502750
v 36.732052 -25.800001 -41.000000
v 39.216347 -25.800001 -42.687454
f -3 -2 -1
v 36.732052 -25.800001 -41.000000
v 36.686783 -25.800001 -41.074600
v 39.216347 -25.800001 -42.687454
f -3 -2 -1
v 39.216347 -25.800001 -42.687454
v 36.686783 -25.800001 -41.074600
v 39.096283 -25.800001 -42.867134
f -3 -2 -1
v 36.686783 -25.800001 -41.074600
v 36.638306 -25.800001 -41.147152
v 39.096283 -25.800001 -42.867134
f -3 -2 -1
v 39.096283 -25.800001 -42.867134
v 36.638306 -25.800001 -41.147152
v 38.968567 -25.800001 -43.041462
f -3 -2 -1
v 36.638306 -25.800001 -41.147152
v 36.586704 -25.800001 -41.217525
v 38.968567 -25.800001 -43.041462
f -3 -2 -1
v 38.968567 -25.800001 -43.041462
v 36.586704 -25.800001 -41.217525
v 38.833435 -25.800001 -43.210106
f -3 -2 -1
v 36.586704 -25.800001 -41.217525
v 36.532089 -25.800001 -41.285576
v 38.833435 -25.800001 -43.210106
f -3 -2 -1
v 38.833435 -25.800001 -43.210106
v 36.532089 -25.800001 -41.285576
v 36.474556 -25.800001 -41.351181
f -3 -2 -1
v 36.000000 -25.800001 -41.732052
v 35.923496 -25.800001 -41.774025
v 38.833435 -25.800001 -43.210106
f -3 -2 -1
v 35.923496 -25.800001 -41.774025
v 35.845234 -25.800001 -41.812618
v 38.833435 -25.800001 -43.210106
f -3 -2 -1
v 38.833435 -25.800001 -43.210106
v 35.845234 -25.800001 -41.812618
v 35.765369 -25.800001 -41.847759
f -3 -2 -1
v 34.825691 -25.800001 -38.007610
v 34.912762 -25.800001 -38.001904
v 32.911129 -25.800001 -37.908504
f -3 -2 -1
v 34.912762 -25.800001 -38.001904
v 35.000000 -25.800001 -38.000000
v 32.911129 -25.800001 -37.908504
f -3 -2 -1
v 32.911129 -25.800001 -37.908504
v 35.000000 -25.800001 -38.000000
v 39.458008 -25.800001 -37.735893
f -3 -2 -1
v 35.000000 -25.800001 -38.000000
v 35.087238 -25.800001 -38.001904
v 39.458008 -25.800001 -37.735893
f -3 -2 -1
v 39.458008 -25.800001 -37.735893
v 35.087238 -25.800001 -38.001904
v 35.174309 -25.800001 -38.007610
f -3 -2 -1
v 36.000000 -25.800001 -38.267948
v 36.074596 -25.800001 -38.313217
v 39.458008 -25.800001 -37.735893
f -3 -2 -1
v 36.074596 -25.800001 -38.313217
v 36.147152 -25.800001 -38.361694
v 39.458008 -25.800001 -37.735893
f -3 -2 -1
v 39.458008 -25.800001 -37.735893
v 36.147152 -25.800001 -38.361694
v 36.217522 -25.800001 -38.413292
f -3 -2 -1
v 38.224018 -25.800001 -43.821735
v 38.386150 -25.800001 -43.678856
v 32.911129 -25.800001 -43.047668
f -3 -2 -1
v 32.911129 -25.800001 -43.047668
v 36.938782 -25.800001 -44.608810
v 37.136124 -25.800001 -44.520729
f -3 -2 -1
v 38.386150 -25.800001 -43.678856
v 38.541954 -25.800001 -43.529102
v 32.911129 -25.800001 -43.047668
f -3 -2 -1
v 38.541954 -25.800001 -43.529102
v 38.691139 -25.800001 -43.372753
v 32.911129 -25.800001 -43.047668
f -3 -2 -1
v 32.911129 -25.800001 -43.047668
v 38.691139 -25.800001 -43.372753
v 38.833435 -25.800001 -43.210106
f -3 -2 -1
v 37.136124 -25.800001 -44.520729
v 37.329472 -25.800001 -44.424202
v 32.911129 -25.800001 -43.047668
f -3 -2 -1
v 37.329472 -25.800001 -44.424202
v 37.518471 -25.800001 -44.319408
v 32.911129 -25.800001 -43.047668
f -3 -2 -1
v 32.911129 -25.800001 -43.047668
v 37.518471 -25.800001 -44.319408
v 37.702763 -25.800001 -44.206551
f -3 -2 -1
v 37.702763 -25.800001 -44.206551
v 37.882008 -25.800001 -44.085835
v 32.911129 -25.800001 -43.047668
f -3 -2 -1
v 37.882008 -25.800001 -44.085835
v 38.055866 -25.800001 -43.957481
v 32.911129 -25.800001 -43.047668
f -3 -2 -1
v 32.911129 -25.800001 -43.047668
v 38.055866 -25.800001 -43.957481
v 38.224018 -25.800001 -43.821735
f -3 -2 -1
v 36.326538 -25.800001 -44.820820
v 36.533611 -25.800001 -44.758995
v 32.911129 -25.800001 -43.047668
f -3 -2 -1
v 36.533611 -25.800001 -44.758995
v 36.737820 -25.800001 -44.688282
v 32.911129 -25.800001 -43.047668
f -3 -2 -1
v 32.911129 -25.800001 -43.047668
v 36.737820 -25.800001 -44.688282
v 36.938782 -25.800001 -44.608810
f -3 -2 -1
v 33.860416 -25.800001 -46.350693
v 32.911129 -25.800001 -44.918316
v 33.797695 -25.800001 -46.463154
f -3 -2 -1
v 32.911129 -25.800001 -44.918316
v 33.739861 -25.800001 -46.578205
v 33.797695 -25.800001 -46.463154
f -3 -2 -1
v 35.530941 -25.800001 -45.011547
v 35.654354 -25.800001 -44.974796
v 32.911129 -25.800001 -44.918316
f -3 -2 -1
v 35.654354 -25.800001 -44.974796
v 35.779236 -25.800001 -44.943382
v 32.911129 -25.800001 -44.918316
f -3 -2 -1
v 35.779236 -25.800001 -44.943382
v 35.905350 -25.800001 -44.917351
v 32.911129 -25.800001 -44.918316
f -3 -2 -1
v 32.911129 -25.800001 -44.918316
v 35.905350 -25.800001 -44.917351
v 32.911129 -25.800001 -43.047668
f -3 -2 -1
v 35.905350 -25.800001 -44.917351
v 36.116989 -25.800001 -44.873634
v 32.911129 -25.800001 -43.047668
f -3 -2 -1
v 32.911129 -25.800001 -43.047668
v 36.116989 -25.800001 -44.873634
v 36.326538 -25.800001 -44.820820
f -3 -2 -1
v 32.949188 -25.800001 -49.602558
v 33.527351 -25.800001 -47.184723
v 32.911129 -25.800001 -44.918316
f -3 -2 -1
v 33.527351 -25.800001 -47.184723
v 33.559353 -25.800001 -47.059994
v 32.911129 -25.800001 -44.918316
f -3 -2 -1
v 32.911129 -25.800001 -44.918316
v 33.559353 -25.800001 -47.059994
v 33.596680 -25.800001 -46.936752
f -3 -2 -1
v 33.860416 -25.800001 -46.350693
v 33.927902 -25.800001 -46.241020
v 32.911129 -25.800001 -44.918316
f -3 -2 -1
v 33.927902 -25.800001 -46.241020
v 34.000034 -25.800001 -46.134350
v 32.911129 -25.800001 -44.918316
f -3 -2 -1
v 32.911129 -25.800001 -44.918316
v 34.000034 -25.800001 -46.134350
v 34.076675 -25.800001 -46.030869
f -3 -2 -1
v 33.596680 -25.800001 -46.936752
v 33.639259 -25.800001 -46.815224
v 32.911129 -25.800001 -44.918316
f -3 -2 -1
v 33.639259 -25.800001 -46.815224
v 33.687016 -25.800001 -46.695633
v 32.911129 -25.800001 -44.918316
f -3 -2 -1
v 32.911129 -25.800001 -44.918316
v 33.687016 -25.800001 -46.695633
v 33.739861 -25.800001 -46.578205
f -3 -2 -1
v 34.076675 -25.800001 -46.030869
v 34.157688 -25.800001 -45.930775
v 32.911129 -25.800001 -44.918316
f -3 -2 -1
v 34.157688 -25.800001 -45.930775
v 34.242924 -25.800001 -45.834251
v 32.911129 -25.800001 -44.918316
f -3 -2 -1
v 32.911129 -25.800001 -44.918316
v 34.242924 -25.800001 -45.834251
v 34.332218 -25.800001 -45.741470
f -3 -2 -1
v 34.943649 -25.800001 -45.272530
v 35.056404 -25.800001 -45.210335
v 32.911129 -25.800001 -44.918316
f -3 -2 -1
v 35.056404 -25.800001 -45.210335
v 35.171730 -25.800001 -45.153042
v 32.911129 -25.800001 -44.918316
f -3 -2 -1
v 35.171730 -25.800001 -45.153042
v 35.289402 -25.800001 -45.100750
v 32.911129 -25.800001 -44.918316
f -3 -2 -1
v 35.289402 -25.800001 -45.100750
v 35.409214 -25.800001 -45.053555
v 32.911129 -25.800001 -44.918316
f -3 -2 -1
v 32.911129 -25.800001 -44.918316
v 35.409214 -25.800001 -45.053555
v 35.530941 -25.800001 -45.011547
f -3 -2 -1
v 34.332218 -25.800001 -45.741470
v 34.425419 -25.800001 -45.652611
v 32.911129 -25.800001 -44.918316
f -3 -2 -1
v 34.425419 -25.800001 -45.652611
v 34.522343 -25.800001 -45.567829
v 32.911129 -25.800001 -44.918316
f -3 -2 -1
v 32.911129 -25.800001 -44.918316
v 34.522343 -25.800001 -45.567829
v 34.622814 -25.800001 -45.487289
f -3 -2 -1
v 34.622814 -25.800001 -45.487289
v 34.726654 -25.800001 -45.411129
v 32.911129 -25.800001 -44.918316
f -3 -2 -1
v 34.726654 -25.800001 -45.411129
v 34.833664 -25.800001 -45.339500
v 32.911129 -25.800001 -44.918316
f -3 -2 -1
v 32.911129 -25.800001 -44.918316
v 34.833664 -25.800001 -45.339500
v 34.943649 -25.800001 -45.272530
f -3 -2 -1
v 27.182903 -25.800001 -67.255699
v 28.003836 -25.800001 -67.038681
v 27.182903 -25.800001 -50.920654
f -3 -2 -1
v 28.003836 -25.800001 -67.038681
v 30.972363 -25.800001 -57.169228
v 27.182903 -25.800001 -50.920654
f -3 -2 -1
v 25.644754 -25.800001 -70.937248
v 26.700487 -25.800001 -70.954140
v 25.644754 -25.800001 -67.255699
f -3 -2 -1
v 26.700487 -25.800001 -70.954140
v 27.220219 -25.800001 -69.418762
v 25.644754 -25.800001 -67.255699
f -3 -2 -1
v 25.644754 -25.800001 -67.255699
v 27.220219 -25.800001 -69.418762
v 27.182903 -25.800001 -67.255699
f -3 -2 -1
v 27.220219 -25.800001 -69.418762
v 27.932993 -25.800001 -67.257233
v 27.182903 -25.800001 -67.255699
f -3 -2 -1
v 27.182903 -25.800001 -67.255699
v 27.932993 -25.800001 -67.257233
v 28.003836 -25.800001 -67.038681
f -3 -2 -1
v 19.171513 -25.800001 -78.025391
v 23.807467 -25.800001 -78.957275
v 20.868191 -25.800001 -72.797913
f -3 -2 -1
v 23.807467 -25.800001 -78.957275
v 24.626919 -25.800001 -76.775970
v 20.868191 -25.800001 -72.797913
f -3 -2 -1
v 20.868191 -25.800001 -72.797913
v 24.626919 -25.800001 -76.775970
v 25.644754 -25.800001 -70.937248
f -3 -2 -1
v 24.626919 -25.800001 -76.775970
v 25.687456 -25.800001 -73.855865
v 25.644754 -25.800001 -70.937248
f -3 -2 -1
v 25.644754 -25.800001 -70.937248
v 25.687456 -25.800001 -73.855865
v 26.700487 -25.800001 -70.954140
f -3 -2 -1
v 0.000000 -25.800001 -101.423584
v 1.800000 -25.800001 -100.212257
v 0.000000 -25.800001 -87.635147
f -3 -2 -1
v 1.800000 -25.800001 -100.212257
v 1.800000 -25.800001 -90.126244
v 0.000000 -25.800001 -87.635147
f -3 -2 -1
v 10.108701 -25.800001 -101.654388
v 10.662220 -25.800001 -100.370033
v 1.800000 -25.800001 -90.126244
f -3 -2 -1
v 10.662220 -25.800001 -100.370033
v 1.800000 -25.800001 -88.073891
v 1.800000 -25.800001 -90.126244
f -3 -2 -1
v 1.800000 -25.800001 -90.126244
v 1.800000 -25.800001 -88.073891
v 0.000000 -25.800001 -87.635147
f -3 -2 -1
v 20.847471 -25.800001 -86.364189
v 16.223970 -25.800001 -86.403404
v 16.672047 -25.800001 -95.786720
f -3 -2 -1
v 16.223970 -25.800001 -86.403404
v 13.866414 -25.800001 -92.579681
v 16.672047 -25.800001 -95.786720
f -3 -2 -1
v 13.360944 -25.800001 -93.851807
v 10.662220 -25.800001 -100.370033
v 12.107889 -25.800001 -105.027214
f -3 -2 -1
v 10.662220 -25.800001 -100.370033
v 10.108701 -25.800001 -101.654388
v 12.107889 -25.800001 -105.027214
f -3 -2 -1
v 12.107889 -25.800001 -105.027214
v 10.108701 -25.800001 -101.654388
v 7.162917 -25.800001 -114.069641
f -3 -2 -1
v 10.108701 -25.800001 -101.654388
v 7.010340 -25.800001 -108.552490
v 7.162917 -25.800001 -114.069641
f -3 -2 -1
v 1.800000 -25.800001 -102.477142
v 6.404593 -25.800001 -109.847748
v 7.010340 -25.800001 -108.552490
f -3 -2 -1
v 0.000000 -25.800001 -113.875107
v 0.000000 -25.800001 -122.364670
v 0.848070 -25.800001 -123.353065
f -3 -2 -1
v 7.010340 -25.800001 -108.552490
v 6.404593 -25.800001 -109.847748
v 7.162917 -25.800001 -114.069641
f -3 -2 -1
v 6.404593 -25.800001 -109.847748
v 1.800000 -25.800001 -119.197716
v 7.162917 -25.800001 -114.069641
f -3 -2 -1
v 7.162917 -25.800001 -114.069641
v 1.800000 -25.800001 -119.197716
v 1.845706 -25.800001 -122.898315
f -3 -2 -1
v 7.010340 -25.800001 -108.552490
v 1.800000 -25.800001 -100.212257
v 1.800000 -25.800001 -102.477142
f -3 -2 -1
v 1.800000 -25.800001 -100.212257
v 0.000000 -25.800001 -101.423584
v 1.800000 -25.800001 -102.477142
f -3 -2 -1
v 1.800000 -25.800001 -102.477142
v 0.000000 -25.800001 -101.423584
v 1.800000 -25.800001 -113.875107
f -3 -2 -1
v 0.000000 -25.800001 -101.423584
v 0.000000 -25.800001 -113.875107
v 1.800000 -25.800001 -113.875107
f -3 -2 -1
v 1.800000 -25.800001 -113.875107
v 0.000000 -25.800001 -113.875107
v 1.800000 -25.800001 -119.197716
f -3 -2 -1
v 0.000000 -25.800001 -113.875107
v 0.848070 -25.800001 -123.353065
v 1.800000 -25.800001 -119.197716
f -3 -2 -1
v 1.800000 -25.800001 -119.197716
v 0.848070 -25.800001 -123.353065
v 1.845706 -25.800001 -122.898315
f -3 -2 -1
v 0.848070 -25.800001 -123.353065
v 0.890676 -25.800001 -123.358673
v 1.845706 -25.800001 -122.898315
f -3 -2 -1
v 0.284603 -25.800001 -123.063385
v 0.315284 -25.800001 -123.093475
v 0.000000 -25.800001 -122.364670
f -3 -2 -1
v 0.722246 -25.800001 -123.325325
v 0.000000 -25.800001 -122.364670
v 0.681229 -25.800001 -123.312500
f -3 -2 -1
v 0.000000 -25.800001 -122.364670
v 0.640800 -25.800001 -123.297928
v 0.681229 -25.800001 -123.312500
f -3 -2 -1
v 0.722246 -25.800001 -123.325325
v 0.763777 -25.800001 -123.336365
v 0.000000 -25.800001 -122.364670
f -3 -2 -1
v 0.763777 -25.800001 -123.336365
v 0.805744 -25.800001 -123.345619
v 0.000000 -25.800001 -122.364670
f -3 -2 -1
v 0.000000 -25.800001 -122.364670
v 0.805744 -25.800001 -123.345619
v 0.848070 -25.800001 -123.353065
f -3 -2 -1
v 0.109684 -25.800001 -122.820015
v 0.130070 -25.800001 -122.857849
v 0.003692 -25.800001 -122.450523
f -3 -2 -1
v 0.890676 -25.800001 -123.358673
v 0.933484 -25.800001 -123.362457
v 1.845706 -25.800001 -122.898315
f -3 -2 -1
v 0.933484 -25.800001 -123.362457
v 0.976415 -25.800001 -123.364388
v 1.845706 -25.800001 -122.898315
f -3 -2 -1
v 1.845706 -25.800001 -122.898315
v 0.976415 -25.800001 -123.364388
v 1.019390 -25.800001 -123.364487
f -3 -2 -1
v 1.019390 -25.800001 -123.364487
v 1.062329 -25.800001 -123.362724
v 1.845706 -25.800001 -122.898315
f -3 -2 -1
v 1.062329 -25.800001 -123.362724
v 1.105153 -25.800001 -123.359131
v 1.845706 -25.800001 -122.898315
f -3 -2 -1
v 1.845706 -25.800001 -122.898315
v 1.105153 -25.800001 -123.359131
v 1.147782 -25.800001 -123.353691
f -3 -2 -1
v 1.147782 -25.800001 -123.353691
v 1.190139 -25.800001 -123.346428
v 1.845706 -25.800001 -122.898315
f -3 -2 -1
v 1.190139 -25.800001 -123.346428
v 1.232144 -25.800001 -123.337349
v 1.845706 -25.800001 -122.898315
f -3 -2 -1
v 1.845706 -25.800001 -122.898315
v 1.232144 -25.800001 -123.337349
v 1.273721 -25.800001 -123.326477
f -3 -2 -1
v 1.273721 -25.800001 -123.326477
v 1.314792 -25.800001 -123.313828
v 1.845706 -25.800001 -122.898315
f -3 -2 -1
v 1.314792 -25.800001 -123.313828
v 1.355282 -25.800001 -123.299431
v 1.845706 -25.800001 -122.898315
f -3 -2 -1
v 1.845706 -25.800001 -122.898315
v 1.355282 -25.800001 -123.299431
v 1.395116 -25.800001 -123.283302
f -3 -2 -1
v 1.509951 -25.800001 -123.224876
v 1.546439 -25.800001 -123.202164
v 1.845706 -25.800001 -122.898315
f -3 -2 -1
v 1.546439 -25.800001 -123.202164
v 1.581917 -25.800001 -123.177917
v 1.845706 -25.800001 -122.898315
f -3 -2 -1
v 1.845706 -25.800001 -122.898315
v 1.581917 -25.800001 -123.177917
v 1.821997 -25.800001 -122.934166
f -3 -2 -1
v 1.581917 -25.800001 -123.177917
v 1.796770 -25.800001 -122.968956
v 1.821997 -25.800001 -122.934166
f -3 -2 -1
v 0.003692 -25.800001 -122.450523
v 0.130070 -25.800001 -122.857849
v 0.000923 -25.800001 -122.407639
f -3 -2 -1
v 0.175621 -25.800001 -122.930702
v 0.200702 -25.800001 -122.965607
v 0.000000 -25.800001 -122.364670
f -3 -2 -1
v 1.395116 -25.800001 -123.283302
v 1.434220 -25.800001 -123.265472
v 1.845706 -25.800001 -122.898315
f -3 -2 -1
v 1.434220 -25.800001 -123.265472
v 1.472522 -25.800001 -123.245995
v 1.845706 -25.800001 -122.898315
f -3 -2 -1
v 1.845706 -25.800001 -122.898315
v 1.472522 -25.800001 -123.245995
v 1.509951 -25.800001 -123.224876
f -3 -2 -1
v 0.414676 -25.800001 -123.175468
v 0.450053 -25.800001 -123.199875
v 0.000000 -25.800001 -122.364670
f -3 -2 -1
v 0.450053 -25.800001 -123.199875
v 0.486445 -25.800001 -123.222725
v 0.000000 -25.800001 -122.364670
f -3 -2 -1
v 0.000000 -25.800001 -122.364670
v 0.486445 -25.800001 -123.222725
v 0.523785 -25.800001 -123.244003
f -3 -2 -1
v 0.023000 -25.800001 -122.577911
v 0.033064 -25.800001 -122.619690
v 0.090943 -25.800001 -122.781342
f -3 -2 -1
v 0.000923 -25.800001 -122.407639
v 0.130070 -25.800001 -122.857849
v 0.000000 -25.800001 -122.364670
f -3 -2 -1
v 0.130070 -25.800001 -122.857849
v 0.152063 -25.800001 -122.894760
v 0.000000 -25.800001 -122.364670
f -3 -2 -1
v 0.000000 -25.800001 -122.364670
v 0.152063 -25.800001 -122.894760
v 0.175621 -25.800001 -122.930702
f -3 -2 -1
v 0.315284 -25.800001 -123.093475
v 0.347230 -25.800001 -123.122223
v 0.000000 -25.800001 -122.364670
f -3 -2 -1
v 0.347230 -25.800001 -123.122223
v 0.380381 -25.800001 -123.149574
v 0.000000 -25.800001 -122.364670
f -3 -2 -1
v 0.000000 -25.800001 -122.364670
v 0.380381 -25.800001 -123.149574
v 0.414676 -25.800001 -123.175468
f -3 -2 -1
v 0.523785 -25.800001 -123.244003
v 0.562005 -25.800001 -123.263649
v 0.000000 -25.800001 -122.364670
f -3 -2 -1
v 0.562005 -25.800001 -123.263649
v 0.601034 -25.800001 -123.281639
v 0.000000 -25.800001 -122.364670
f -3 -2 -1
v 0.000000 -25.800001 -122.364670
v 0.601034 -25.800001 -123.281639
v 0.640800 -25.800001 -123.297928
f -3 -2 -1
v 0.200702 -25.800001 -122.965607
v 0.227259 -25.800001 -122.999390
v 0.000000 -25.800001 -122.364670
f -3 -2 -1
v 0.227259 -25.800001 -122.999390
v 0.255244 -25.800001 -123.032005
v 0.000000 -25.800001 -122.364670
f -3 -2 -1
v 0.000000 -25.800001 -122.364670
v 0.255244 -25.800001 -123.032005
v 0.284603 -25.800001 -123.063385
f -3 -2 -1
v 0.023000 -25.800001 -122.577911
v 0.090943 -25.800001 -122.781342
v 0.014741 -25.800001 -122.535736
f -3 -2 -1
v 0.044914 -25.800001 -122.661003
v 0.058528 -25.800001 -122.701767
v 0.033064 -25.800001 -122.619690
f -3 -2 -1
v 0.058528 -25.800001 -122.701767
v 0.073880 -25.800001 -122.741898
v 0.033064 -25.800001 -122.619690
f -3 -2 -1
v 0.033064 -25.800001 -122.619690
v 0.073880 -25.800001 -122.741898
v 0.090943 -25.800001 -122.781342
f -3 -2 -1
v 1.712459 -25.800001 -123.066383
v 1.741950 -25.800001 -123.035126
v 1.681652 -25.800001 -123.096344
f -3 -2 -1
v 1.741950 -25.800001 -123.035126
v 1.649586 -25.800001 -123.124954
v 1.681652 -25.800001 -123.096344
f -3 -2 -1
v 1.581917 -25.800001 -123.177917
v 1.616321 -25.800001 -123.152168
v 1.796770 -25.800001 -122.968956
f -3 -2 -1
v 1.616321 -25.800001 -123.152168
v 1.649586 -25.800001 -123.124954
v 1.796770 -25.800001 -122.968956
f -3 -2 -1
v 1.796770 -25.800001 -122.968956
v 1.649586 -25.800001 -123.124954
v 1.770071 -25.800001 -123.002625
f -3 -2 -1
v 1.649586 -25.800001 -123.124954
v 1.741950 -25.800001 -123.035126
v 1.770071 -25.800001 -123.002625
f -3 -2 -1
v 0.109684 -25.800001 -122.820015
v 0.003692 -25.800001 -122.450523
v 0.090943 -25.800001 -122.781342
f -3 -2 -1
v 0.003692 -25.800001 -122.450523
v 0.008300 -25.800001 -122.493248
v 0.090943 -25.800001 -122.781342
f -3 -2 -1
v 0.090943 -25.800001 -122.781342
v 0.008300 -25.800001 -122.493248
v 0.014741 -25.800001 -122.535736
f -3 -2 -1
v 1.800000 -25.800001 -88.073891
v 1.800000 -25.800001 -87.635147
v 0.000000 -25.800001 -87.635147
f -3 -2 -1
v 1.800000 -25.800001 -87.635147
v 1.800000 -25.800001 -79.861618
v 0.000000 -25.800001 -87.635147
f -3 -2 -1
v 0.000000 -25.800001 -87.635147
v 1.800000 -25.800001 -79.861618
v 0.000000 -25.800001 -78.943504
f -3 -2 -1
v 16.685268 -25.800001 -85.144051
v 1.800000 -25.800001 -69.379364
v 1.800000 -25.800001 -71.127274
f -3 -2 -1
v 0.000000 -25.800001 -70.937248
v 1.800000 -25.800001 -67.255699
v 0.000000 -25.800001 -67.255699
f -3 -2 -1
v 1.800000 -25.800001 -67.255699
v 1.800000 -25.800001 -63.544594
v 0.000000 -25.800001 -67.255699
f -3 -2 -1
v 0.000000 -25.800001 -67.255699
v 1.800000 -25.800001 -63.544594
v 0.000000 -25.800001 -50.920654
f -3 -2 -1
v 21.504438 -25.800001 -70.747223
v 1.800000 -25.800001 -55.034267
v 1.800000 -25.800001 -57.592312
f -3 -2 -1
v 1.800000 -25.800001 -55.034267
v 0.000000 -25.800001 -50.920654
v 1.800000 -25.800001 -57.592312
f -3 -2 -1
v 1.800000 -25.800001 -57.592312
v 0.000000 -25.800001 -50.920654
v 1.800000 -25.800001 -61.907631
f -3 -2 -1
v 0.000000 -25.800001 -50.920654
v 1.800000 -25.800001 -63.544594
v 1.800000 -25.800001 -61.907631
f -3 -2 -1
v 1.800000 -25.800001 -61.907631
v 1.800000 -25.800001 -63.544594
v 7.564079 -25.800001 -67.255699
f -3 -2 -1
v 1.800000 -25.800001 -48.936722
v 1.800000 -25.800001 -51.357292
v 23.548916 -25.800001 -63.764175
f -3 -2 -1
v 1.800000 -25.800001 -51.357292
v 22.974243 -25.800001 -65.792961
v 23.548916 -25.800001 -63.764175
f -3 -2 -1
v 12.107889 -25.800001 -105.027214
v 16.672047 -25.800001 -95.786720
v 13.360944 -25.800001 -93.851807
f -3 -2 -1
v 16.672047 -25.800001 -95.786720
v 13.866414 -25.800001 -92.579681
v 13.360944 -25.800001 -93.851807
f -3 -2 -1
v 13.360944 -25.800001 -93.851807
v 13.866414 -25.800001 -92.579681
v 1.800000 -25.800001 -79.861618
f -3 -2 -1
v 13.866414 -25.800001 -92.579681
v 1.800000 -25.800001 -77.977806
v 1.800000 -25.800001 -79.861618
f -3 -2 -1
v 1.800000 -25.800001 -79.861618
v 1.800000 -25.800001 -77.977806
v 0.000000 -25.800001 -78.943504
f -3 -2 -1
v 1.800000 -25.800001 -77.977806
v 1.800000 -25.800001 -71.127274
v 0.000000 -25.800001 -78.943504
f -3 -2 -1
v 0.000000 -25.800001 -78.943504
v 1.800000 -25.800001 -71.127274
v 0.000000 -25.800001 -70.937248
f -3 -2 -1
v 1.800000 -25.800001 -71.127274
v 1.800000 -25.800001 -69.379364
v 0.000000 -25.800001 -70.937248
f -3 -2 -1
v 0.000000 -25.800001 -70.937248
v 1.800000 -25.800001 -69.379364
v 1.800000 -25.800001 -67.255699
f -3 -2 -1
v 1.800000 -25.800001 -63.544594
v 5.799783 -25.800001 -67.255699
v 7.564079 -25.800001 -67.255699
f -3 -2 -1
v 5.799783 -25.800001 -67.255699
v 9.767707 -25.800001 -70.937248
v 7.564079 -25.800001 -67.255699
f -3 -2 -1
v 7.564079 -25.800001 -67.255699
v 9.767707 -25.800001 -70.937248
v 19.171513 -25.800001 -78.025391
f -3 -2 -1
v 9.767707 -25.800001 -70.937248
v 18.396744 -25.800001 -78.943504
v 19.171513 -25.800001 -78.025391
f -3 -2 -1
v 19.171513 -25.800001 -78.025391
v 18.396744 -25.800001 -78.943504
v 23.807467 -25.800001 -78.957275
f -3 -2 -1
v 18.396744 -25.800001 -78.943504
v 18.750858 -25.800001 -79.272064
v 23.807467 -25.800001 -78.957275
f -3 -2 -1
v 23.807467 -25.800001 -78.957275
v 18.750858 -25.800001 -79.272064
v 20.847471 -25.800001 -86.364189
f -3 -2 -1
v 18.750858 -25.800001 -79.272064
v 16.685268 -25.800001 -85.144051
v 20.847471 -25.800001 -86.364189
f -3 -2 -1
v 20.847471 -25.800001 -86.364189
v 16.685268 -25.800001 -85.144051
v 16.223970 -25.800001 -86.403404
f -3 -2 -1
v 16.685268 -25.800001 -85.144051
v 1.800000 -25.800001 -71.127274
v 16.223970 -25.800001 -86.403404
f -3 -2 -1
v 1.800000 -25.800001 -57.592312
v 20.868191 -25.800001 -72.797913
v 21.504438 -25.800001 -70.747223
f -3 -2 -1
v 20.868191 -25.800001 -72.797913
v 25.644754 -25.800001 -70.937248
v 21.504438 -25.800001 -70.747223
f -3 -2 -1
v 21.504438 -25.800001 -70.747223
v 25.644754 -25.800001 -70.937248
v 22.974243 -25.800001 -65.792961
f -3 -2 -1
v 25.644754 -25.800001 -70.937248
v 25.644754 -25.800001 -67.255699
v 22.974243 -25.800001 -65.792961
f -3 -2 -1
v 22.974243 -25.800001 -65.792961
v 25.644754 -25.800001 -67.255699
v 23.548916 -25.800001 -63.764175
f -3 -2 -1
v 1.800000 -25.800001 -55.034267
v 1.800000 -25.800001 -51.357292
v 0.000000 -25.800001 -50.920654
f -3 -2 -1
v 1.800000 -25.800001 -51.357292
v 1.800000 -25.800001 -48.936722
v 0.000000 -25.800001 -50.920654
f -3 -2 -1
v 0.000000 -25.800001 -50.920654
v 1.800000 -25.800001 -48.936722
v 0.000000 -25.800001 -44.918316
f -3 -2 -1
v 1.800000 -25.800001 -48.936722
v 1.800000 -25.800001 -45.741302
v 0.000000 -25.800001 -44.918316
f -3 -2 -1
v 1.800000 -25.800001 -43.047668
v 1.800000 -25.800001 -40.603497
v 0.000000 -25.800001 -37.908504
f -3 -2 -1
v 24.827629 -25.800001 -59.035709
v 25.345755 -25.800001 -57.025463
v 1.800000 -25.800001 -45.741302
f -3 -2 -1
v 25.345755 -25.800001 -57.025463
v 1.800000 -25.800001 -43.431923
v 1.800000 -25.800001 -45.741302
f -3 -2 -1
v 1.800000 -25.800001 -45.741302
v 1.800000 -25.800001 -43.431923
v 0.000000 -25.800001 -44.918316
f -3 -2 -1
v 1.800000 -25.800001 -43.431923
v 1.800000 -25.800001 -43.047668
v 0.000000 -25.800001 -44.918316
f -3 -2 -1
v 0.000000 -25.800001 -44.918316
v 1.800000 -25.800001 -43.047668
v 0.000000 -25.800001 -43.047668
f -3 -2 -1
v 1.800000 -25.800001 -43.047668
v 0.000000 -25.800001 -37.908504
v 0.000000 -25.800001 -43.047668
f -3 -2 -1
v 25.644754 -25.800001 -52.086037
v 26.461880 -25.800001 -52.479527
v 27.182903 -25.800001 -50.920654
f -3 -2 -1
v 27.182903 -25.800001 -50.920654
v 26.461880 -25.800001 -52.479527
v 27.182903 -25.800001 -67.255699
f -3 -2 -1
v 26.461880 -25.800001 -52.479527
v 25.345755 -25.800001 -57.025463
v 27.182903 -25.800001 -67.255699
f -3 -2 -1
v 27.182903 -25.800001 -67.255699
v 25.345755 -25.800001 -57.025463
v 25.644754 -25.800001 -67.255699
f -3 -2 -1
v 25.345755 -25.800001 -57.025463
v 24.827629 -25.800001 -59.035709
v 25.644754 -25.800001 -67.255699
f -3 -2 -1
v 25.644754 -25.800001 -67.255699
v 24.827629 -25.800001 -59.035709
v 23.548916 -25.800001 -63.764175
f -3 -2 -1
v 15.369885 -25.800001 -44.918316
v 10.760197 -25.800001 -44.918316
v 25.644754 -25.800001 -49.866222
f -3 -2 -1
v 10.760197 -25.800001 -44.918316
v 23.224710 -25.800001 -50.920654
v 25.644754 -25.800001 -49.866222
f -3 -2 -1
v 25.644754 -25.800001 -49.866222
v 23.224710 -25.800001 -50.920654
v 25.644754 -25.800001 -50.920654
f -3 -2 -1
v 1.800000 -25.800001 -35.835602
v 0.000000 -25.800001 -33.721882
v 1.800000 -25.800001 -37.908504
f -3 -2 -1
v 0.000000 -25.800001 -33.721882
v 0.000000 -25.800001 -37.908504
v 1.800000 -25.800001 -37.908504
f -3 -2 -1
v 1.800000 -25.800001 -37.908504
v 0.000000 -25.800001 -37.908504
v 1.800000 -25.800001 -38.383682
f -3 -2 -1
v 0.000000 -25.800001 -37.908504
v 1.800000 -25.800001 -40.603497
v 1.800000 -25.800001 -38.383682
f -3 -2 -1
v 1.800000 -25.800001 -38.383682
v 1.800000 -25.800001 -40.603497
v 11.485276 -25.800001 -43.047668
f -3 -2 -1
v 1.800000 -25.800001 -40.603497
v 6.875587 -25.800001 -43.047668
v 11.485276 -25.800001 -43.047668
f -3 -2 -1
v 11.485276 -25.800001 -43.047668
v 6.875587 -25.800001 -43.047668
v 10.760197 -25.800001 -44.918316
f -3 -2 -1
v 1.800000 -25.800001 -35.835602
v 7.081889 -25.800001 -37.908504
v 1.888651 -25.800001 -33.721882
f -3 -2 -1
v 23.224710 -25.800001 -50.920654
v 25.644754 -25.800001 -52.086037
v 25.644754 -25.800001 -50.920654
f -3 -2 -1
v 25.644754 -25.800001 -52.086037
v 27.182903 -25.800001 -50.920654
v 25.644754 -25.800001 -50.920654
f -3 -2 -1
v 25.644754 -25.800001 -50.920654
v 27.182903 -25.800001 -50.920654
v 25.644754 -25.800001 -49.866222
f -3 -2 -1
v 27.182903 -25.800001 -50.920654
v 26.927670 -25.800001 -50.484016
v 25.644754 -25.800001 -49.866222
f -3 -2 -1
v 30.972363 -25.800001 -57.169228
v 31.729963 -25.800001 -54.383240
v 27.182903 -25.800001 -50.920654
f -3 -2 -1
v 31.729963 -25.800001 -54.383240
v 31.688030 -25.800001 -50.920654
v 27.182903 -25.800001 -50.920654
f -3 -2 -1
v 27.182903 -25.800001 -50.920654
v 31.688030 -25.800001 -50.920654
v 26.927670 -25.800001 -50.484016
f -3 -2 -1
v 31.688030 -25.800001 -50.920654
v 31.688030 -25.800001 -44.918316
v 26.927670 -25.800001 -50.484016
f -3 -2 -1
v 26.927670 -25.800001 -50.484016
v 31.688030 -25.800001 -44.918316
v 27.903925 -25.800001 -46.080219
f -3 -2 -1
v 31.688030 -25.800001 -44.918316
v 27.182903 -25.800001 -45.797253
v 27.903925 -25.800001 -46.080219
f -3 -2 -1
v 25.644754 -25.800001 -44.918316
v 25.644754 -25.800001 -43.047668
v 24.943325 -25.800001 -44.918316
f -3 -2 -1
v 25.644754 -25.800001 -43.047668
v 20.176794 -25.800001 -43.047668
v 24.943325 -25.800001 -44.918316
f -3 -2 -1
v 1.800000 -25.800001 -29.258858
v 1.800000 -25.800001 -27.082140
v 0.000000 -25.800001 -26.255507
f -3 -2 -1
v 27.182903 -25.800001 -44.918316
v 27.182903 -25.800001 -43.648743
v 25.651325 -25.800001 -43.047668
f -3 -2 -1
v 1.888651 -25.800001 -33.721882
v 7.081889 -25.800001 -37.908504
v 12.556418 -25.800001 -37.908504
f -3 -2 -1
v 7.081889 -25.800001 -37.908504
v 20.176794 -25.800001 -43.047668
v 12.556418 -25.800001 -37.908504
f -3 -2 -1
v 12.556418 -25.800001 -37.908504
v 20.176794 -25.800001 -43.047668
v 25.644754 -25.800001 -43.045090
f -3 -2 -1
v 20.176794 -25.800001 -43.047668
v 25.644754 -25.800001 -43.047668
v 25.644754 -25.800001 -43.045090
f -3 -2 -1
v 25.644754 -25.800001 -43.045090
v 25.644754 -25.800001 -43.047668
v 25.651325 -25.800001 -43.047668
f -3 -2 -1
v 25.644754 -25.800001 -43.047668
v 25.644754 -25.800001 -44.918316
v 25.651325 -25.800001 -43.047668
f -3 -2 -1
v 25.651325 -25.800001 -43.047668
v 25.644754 -25.800001 -44.918316
v 27.182903 -25.800001 -44.918316
f -3 -2 -1
v 24.943325 -25.800001 -44.918316
v 25.644754 -25.800001 -45.193592
v 25.644754 -25.800001 -44.918316
f -3 -2 -1
v 25.644754 -25.800001 -45.193592
v 27.182903 -25.800001 -45.797253
v 25.644754 -25.800001 -44.918316
f -3 -2 -1
v 25.644754 -25.800001 -44.918316
v 27.182903 -25.800001 -45.797253
v 27.182903 -25.800001 -44.918316
f -3 -2 -1
v 27.182903 -25.800001 -45.797253
v 31.688030 -25.800001 -44.918316
v 27.182903 -25.800001 -44.918316
f -3 -2 -1
v 27.182903 -25.800001 -44.918316
v 31.688030 -25.800001 -44.918316
v 31.688030 -25.800001 -43.047668
f -3 -2 -1
v 27.182903 -25.800001 -43.648743
v 27.182903 -25.800001 -44.918316
v 28.320845 -25.800001 -44.095333
f -3 -2 -1
v 27.182903 -25.800001 -44.918316
v 31.688030 -25.800001 -43.047668
v 28.320845 -25.800001 -44.095333
f -3 -2 -1
v 28.320845 -25.800001 -44.095333
v 31.688030 -25.800001 -43.047668
v 29.175138 -25.800001 -39.795620
f -3 -2 -1
v 31.688030 -25.800001 -43.047668
v 31.688030 -25.800001 -37.908504
v 29.175138 -25.800001 -39.795620
f -3 -2 -1
v 29.175138 -25.800001 -39.795620
v 31.688030 -25.800001 -37.908504
v 27.182903 -25.800001 -39.181118
f -3 -2 -1
v 1.800000 -25.800001 -35.835602
v 1.888651 -25.800001 -33.721882
v 0.000000 -25.800001 -33.721882
f -3 -2 -1
v 1.888651 -25.800001 -33.721882
v 1.800000 -25.800001 -33.687092
v 0.000000 -25.800001 -33.721882
f -3 -2 -1
v 0.000000 -25.800001 -33.721882
v 1.800000 -25.800001 -33.687092
v 0.000000 -25.800001 -26.255507
f -3 -2 -1
v 1.800000 -25.800001 -33.687092
v 1.800000 -25.800001 -31.351839
v 0.000000 -25.800001 -26.255507
f -3 -2 -1
v 0.000000 -25.800001 -26.255507
v 1.800000 -25.800001 -31.351839
v 1.800000 -25.800001 -29.258858
f -3 -2 -1
v 1.800000 -25.800001 -31.351839
v 9.483807 -25.800001 -33.721882
v 1.800000 -25.800001 -29.258858
f -3 -2 -1
v 1.800000 -25.800001 -29.258858
v 9.483807 -25.800001 -33.721882
v 16.269342 -25.800001 -33.721882
f -3 -2 -1
v 9.483807 -25.800001 -33.721882
v 23.057028 -25.800001 -37.908504
v 16.269342 -25.800001 -33.721882
f -3 -2 -1
v 16.269342 -25.800001 -33.721882
v 23.057028 -25.800001 -37.908504
v 25.644754 -25.800001 -36.613701
f -3 -2 -1
v 29.545931 -25.800001 -37.817009
v 27.182903 -25.800001 -37.088142
v 27.182903 -25.800001 -37.908504
f -3 -2 -1
v 27.182903 -25.800001 -37.088142
v 25.644754 -25.800001 -36.613701
v 27.182903 -25.800001 -37.908504
f -3 -2 -1
v 27.182903 -25.800001 -37.908504
v 25.644754 -25.800001 -36.613701
v 25.644754 -25.800001 -37.908504
f -3 -2 -1
v 25.644754 -25.800001 -36.613701
v 23.057028 -25.800001 -37.908504
v 25.644754 -25.800001 -37.908504
f -3 -2 -1
v 31.688030 -25.800001 -37.908504
v 31.688030 -25.800001 -33.721882
v 30.292091 -25.800001 -33.585022
f -3 -2 -1
v 30.292091 -25.800001 -33.585022
v 29.545931 -25.800001 -37.817009
v 31.688030 -25.800001 -37.908504
f -3 -2 -1
v 29.545931 -25.800001 -37.817009
v 27.182903 -25.800001 -37.908504
v 31.688030 -25.800001 -37.908504
f -3 -2 -1
v 31.688030 -25.800001 -37.908504
v 27.182903 -25.800001 -37.908504
v 27.182903 -25.800001 -39.181118
f -3 -2 -1
v 27.182903 -25.800001 -37.908504
v 25.644754 -25.800001 -37.908504
v 27.182903 -25.800001 -39.181118
f -3 -2 -1
v 27.182903 -25.800001 -39.181118
v 25.644754 -25.800001 -37.908504
v 25.644754 -25.800001 -38.706680
f -3 -2 -1
v 25.644754 -25.800001 -37.908504
v 23.057028 -25.800001 -37.908504
v 25.644754 -25.800001 -38.706680
f -3 -2 -1
v 27.182903 -25.800001 -30.823969
v 30.292091 -25.800001 -33.585022
v 30.618839 -25.800001 -31.608168
f -3 -2 -1
v 30.292091 -25.800001 -33.585022
v 31.688030 -25.800001 -33.721882
v 30.618839 -25.800001 -31.608168
f -3 -2 -1
v 30.618839 -25.800001 -31.608168
v 31.688030 -25.800001 -33.721882
v 31.267159 -25.800001 -27.408640
f -3 -2 -1
v 31.688030 -25.800001 -33.721882
v 31.688030 -25.800001 -26.255507
v 31.267159 -25.800001 -27.408640
f -3 -2 -1
v 31.267159 -25.800001 -27.408640
v 31.688030 -25.800001 -26.255507
v 27.182903 -25.800001 -26.793058
f -3 -2 -1
v 1.800000 -25.800001 -22.967346
v 0.000000 -25.800001 -21.103415
v 1.800000 -25.800001 -25.030710
f -3 -2 -1
v 0.000000 -25.800001 -21.103415
v 0.000000 -25.800001 -26.255507
v 1.800000 -25.800001 -25.030710
f -3 -2 -1
v 1.800000 -25.800001 -25.030710
v 0.000000 -25.800001 -26.255507
v 7.166392 -25.800001 -26.255507
f -3 -2 -1
v 0.000000 -25.800001 -26.255507
v 1.800000 -25.800001 -27.082140
v 7.166392 -25.800001 -26.255507
f -3 -2 -1
v 7.166392 -25.800001 -26.255507
v 1.800000 -25.800001 -27.082140
v 25.644754 -25.800001 -30.472910
f -3 -2 -1
v 1.800000 -25.800001 -27.082140
v 25.644754 -25.800001 -32.524342
v 25.644754 -25.800001 -30.472910
f -3 -2 -1
v 25.644754 -25.800001 -30.472910
v 25.644754 -25.800001 -32.524342
v 30.292091 -25.800001 -33.585022
f -3 -2 -1
v 25.644754 -25.800001 -18.736923
v 1.800000 -25.800001 -16.950071
v 1.800000 -25.800001 -18.955679
f -3 -2 -1
v 1.800000 -25.800001 -16.950071
v 0.000000 -25.800001 -14.000000
v 1.800000 -25.800001 -18.955679
f -3 -2 -1
v 1.800000 -25.800001 -18.955679
v 0.000000 -25.800001 -14.000000
v 1.800000 -25.800001 -20.944757
f -3 -2 -1
v 0.000000 -25.800001 -14.000000
v 0.000000 -25.800001 -21.103415
v 1.800000 -25.800001 -20.944757
f -3 -2 -1
v 1.800000 -25.800001 -20.944757
v 0.000000 -25.800001 -21.103415
v 2.852661 -25.800001 -21.103415
f -3 -2 -1
v 0.000000 -25.800001 -21.103415
v 1.800000 -25.800001 -22.967346
v 2.852661 -25.800001 -21.103415
f -3 -2 -1
v 2.852661 -25.800001 -21.103415
v 1.800000 -25.800001 -22.967346
v 25.644754 -25.800001 -24.538639
f -3 -2 -1
v 1.800000 -25.800001 -22.967346
v 23.616339 -25.800001 -26.255507
v 25.644754 -25.800001 -24.538639
f -3 -2 -1
v 23.616339 -25.800001 -26.255507
v 25.644754 -25.800001 -26.255507
v 25.644754 -25.800001 -24.538639
f -3 -2 -1
v 25.644754 -25.800001 -26.255507
v 27.182903 -25.800001 -26.255507
v 25.644754 -25.800001 -24.538639
f -3 -2 -1
v 25.644754 -25.800001 -24.538639
v 27.182903 -25.800001 -26.255507
v 27.182903 -25.800001 -24.770470
f -3 -2 -1
v 23.616339 -25.800001 -26.255507
v 25.644754 -25.800001 -26.561228
v 25.644754 -25.800001 -26.255507
f -3 -2 -1
v 25.644754 -25.800001 -26.561228
v 27.182903 -25.800001 -26.793058
v 25.644754 -25.800001 -26.255507
f -3 -2 -1
v 25.644754 -25.800001 -26.255507
v 27.182903 -25.800001 -26.793058
v 27.182903 -25.800001 -26.255507
f -3 -2 -1
v 27.182903 -25.800001 -26.793058
v 31.688030 -25.800001 -26.255507
v 27.182903 -25.800001 -26.255507
f -3 -2 -1
v 27.182903 -25.800001 -26.255507
v 31.688030 -25.800001 -26.255507
v 27.182903 -25.800001 -24.770470
f -3 -2 -1
v 31.688030 -25.800001 -26.255507
v 31.551287 -25.800001 -25.428873
v 27.182903 -25.800001 -24.770470
f -3 -2 -1
v 31.688030 -25.800001 -21.195395
v 32.108898 -25.800001 -21.226933
v 32.465580 -25.800001 -21.103415
f -3 -2 -1
v 32.465580 -25.800001 -21.103415
v 32.108898 -25.800001 -21.226933
v 32.465580 -25.800001 -26.255507
f -3 -2 -1
v 1.800000 -25.800001 -18.955679
v 25.644754 -25.800001 -20.742531
v 25.644754 -25.800001 -18.736923
f -3 -2 -1
v 25.644754 -25.800001 -20.742531
v 27.182903 -25.800001 -20.857794
v 25.644754 -25.800001 -18.736923
f -3 -2 -1
v 25.644754 -25.800001 -18.736923
v 27.182903 -25.800001 -20.857794
v 27.182903 -25.800001 -18.852186
f -3 -2 -1
v 27.182903 -25.800001 -20.857794
v 30.460598 -25.800001 -21.103415
v 27.182903 -25.800001 -18.852186
f -3 -2 -1
v 27.182903 -25.800001 -18.852186
v 30.460598 -25.800001 -21.103415
v 31.688030 -25.800001 -19.189787
f -3 -2 -1
v 30.460598 -25.800001 -21.103415
v 31.688030 -25.800001 -21.103415
v 31.688030 -25.800001 -19.189787
f -3 -2 -1
v 30.460598 -25.800001 -21.103415
v 31.688030 -25.800001 -21.195395
v 31.688030 -25.800001 -21.103415
f -3 -2 -1
v 31.688030 -25.800001 -21.195395
v 32.465580 -25.800001 -21.103415
v 31.688030 -25.800001 -21.103415
f -3 -2 -1
v 31.688030 -25.800001 -21.103415
v 32.465580 -25.800001 -21.103415
v 31.688030 -25.800001 -19.189787
f -3 -2 -1
v 32.465580 -25.800001 -21.103415
v 32.351200 -25.800001 -19.239481
v 31.688030 -25.800001 -19.189787
f -3 -2 -1
v 32.465580 -25.800001 -15.000000
v 32.822262 -25.800001 -15.000000
v 32.911129 -25.800001 -14.000000
f -3 -2 -1
v 33.298000 -25.800001 -10.000000
v 33.022903 -25.800001 -13.000000
v 39.025665 -25.800001 -13.077111
f -3 -2 -1
v 33.022903 -25.800001 -13.000000
v 32.911129 -25.800001 -14.000000
v 39.025665 -25.800001 -13.077111
f -3 -2 -1
v 39.025665 -25.800001 -13.077111
v 32.911129 -25.800001 -14.000000
v 32.911129 -25.800001 -21.103415
f -3 -2 -1
v 32.911129 -25.800001 -14.000000
v 32.822262 -25.800001 -15.000000
v 32.911129 -25.800001 -21.103415
f -3 -2 -1
v 1.800000 -25.800001 -15.000000
v 25.644754 -25.800001 -15.000000
v 25.644754 -25.800001 -14.000000
f -3 -2 -1
v 25.644754 -25.800001 -15.000000
v 27.182903 -25.800001 -15.000000
v 25.644754 -25.800001 -14.000000
f -3 -2 -1
v 25.644754 -25.800001 -14.000000
v 27.182903 -25.800001 -15.000000
v 27.182903 -25.800001 -14.000000
f -3 -2 -1
v 27.182903 -25.800001 -15.000000
v 31.688030 -25.800001 -15.000000
v 27.182903 -25.800001 -14.000000
f -3 -2 -1
v 27.182903 -25.800001 -14.000000
v 31.688030 -25.800001 -15.000000
v 31.688030 -25.800001 -14.000000
f -3 -2 -1
v 31.688030 -25.800001 -15.000000
v 32.465580 -25.800001 -15.000000
v 31.688030 -25.800001 -14.000000
f -3 -2 -1
v 31.688030 -25.800001 -14.000000
v 32.465580 -25.800001 -15.000000
v 32.465580 -25.800001 -14.000000
f -3 -2 -1
v 32.465580 -25.800001 -15.000000
v 32.911129 -25.800001 -14.000000
v 32.465580 -25.800001 -14.000000
f -3 -2 -1
v 39.025665 -25.800001 -13.077111
v 39.395535 -25.800001 -8.503471
v 33.298000 -25.800001 -10.000000
f -3 -2 -1
v 39.395535 -25.800001 -8.503471
v 32.911129 -25.800001 -8.500000
v 33.298000 -25.800001 -10.000000
f -3 -2 -1
v 33.298000 -25.800001 -10.000000
v 32.911129 -25.800001 -8.500000
v 32.911129 -25.800001 -10.000000
f -3 -2 -1
v 32.911129 -25.800001 -8.500000
v 32.465580 -25.800001 -8.500000
v 32.911129 -25.800001 -10.000000
f -3 -2 -1
v 32.911129 -25.800001 -10.000000
v 32.465580 -25.800001 -8.500000
v 32.465580 -25.800001 -10.000000
f -3 -2 -1
v 32.465580 -25.800001 -8.500000
v 31.688030 -25.800001 -8.500000
v 32.465580 -25.800001 -10.000000
f -3 -2 -1
v 32.465580 -25.800001 -10.000000
v 31.688030 -25.800001 -8.500000
v 31.688030 -25.800001 -10.000000
f -3 -2 -1
v 31.688030 -25.800001 -8.500000
v 27.182903 -25.800001 -8.500000
v 31.688030 -25.800001 -10.000000
f -3 -2 -1
v 31.688030 -25.800001 -10.000000
v 27.182903 -25.800001 -8.500000
v 27.182903 -25.800001 -10.000000
f -3 -2 -1
v 27.182903 -25.800001 -8.500000
v 25.644754 -25.800001 -8.500000
v 27.182903 -25.800001 -10.000000
f -3 -2 -1
v 27.182903 -25.800001 -10.000000
v 25.644754 -25.800001 -8.500000
v 25.644754 -25.800001 -10.000000
f -3 -2 -1
v 25.644754 -25.800001 -10.000000
v 25.644754 -25.800001 -8.500000
v 1.800000 -25.800001 -10.000000
f -3 -2 -1
v 25.644754 -25.800001 -8.500000
v 0.000000 -25.800001 -8.500000
v 1.800000 -25.800001 -10.000000
f -3 -2 -1
v 1.800000 -25.800001 -10.000000
v 0.000000 -25.800001 -8.500000
v 1.800000 -25.800001 -13.000000
f -3 -2 -1
v 0.000000 -25.800001 -8.500000
v 0.000000 -25.800001 -14.000000
v 1.800000 -25.800001 -13.000000
f -3 -2 -1
v 1.800000 -25.800001 -13.000000
v 0.000000 -25.800001 -14.000000
v 25.644754 -25.800001 -13.000000
f -3 -2 -1
v 1.800000 -25.800001 -16.950071
v 1.800000 -25.800001 -15.000000
v 0.000000 -25.800001 -14.000000
f -3 -2 -1
v 1.800000 -25.800001 -15.000000
v 25.644754 -25.800001 -14.000000
v 0.000000 -25.800001 -14.000000
f -3 -2 -1
v 0.000000 -25.800001 -14.000000
v 25.644754 -25.800001 -14.000000
v 25.644754 -25.800001 -13.000000
f -3 -2 -1
v 25.644754 -25.800001 -14.000000
v 27.182903 -25.800001 -14.000000
v 25.644754 -25.800001 -13.000000
f -3 -2 -1
v 25.644754 -25.800001 -13.000000
v 27.182903 -25.800001 -14.000000
v 27.182903 -25.800001 -13.000000
f -3 -2 -1
v 27.182903 -25.800001 -14.000000
v 31.688030 -25.800001 -14.000000
v 27.182903 -25.800001 -13.000000
f -3 -2 -1
v 27.182903 -25.800001 -13.000000
v 31.688030 -25.800001 -14.000000
v 31.688030 -25.800001 -13.000000
f -3 -2 -1
v 31.688030 -25.800001 -14.000000
v 32.465580 -25.800001 -14.000000
v 31.688030 -25.800001 -13.000000
f -3 -2 -1
v 31.688030 -25.800001 -13.000000
v 32.465580 -25.800001 -14.000000
v 32.465580 -25.800001 -13.000000
f -3 -2 -1
v 32.465580 -25.800001 -14.000000
v 32.911129 -25.800001 -14.000000
v 32.465580 -25.800001 -13.000000
f -3 -2 -1
v 32.465580 -25.800001 -13.000000
v 32.911129 -25.800001 -14.000000
v 32.911129 -25.800001 -13.000000
f -3 -2 -1
v 32.911129 -25.800001 -14.000000
v 33.022903 -25.800001 -13.000000
v 32.911129 -25.800001 -13.000000
f -3 -2 -1
v 6.992390 -25.800001 -4.825688
v 25.644754 -25.800001 -8.500000
v 25.644754 -25.800001 0.000000
f -3 -2 -1
v 25.644754 -25.800001 -8.500000
v 27.182903 -25.800001 -8.500000
v 25.644754 -25.800001 0.000000
f -3 -2 -1
v 25.644754 -25.800001 0.000000
v 27.182903 -25.800001 -8.500000
v 27.182903 -25.800001 0.000000
f -3 -2 -1
v 27.182903 -25.800001 -8.500000
v 31.688030 -25.800001 -8.500000
v 27.182903 -25.800001 0.000000
f -3 -2 -1
v 27.182903 -25.800001 0.000000
v 31.688030 -25.800001 -8.500000
v 31.688030 -25.800001 0.000000
f -3 -2 -1
v 31.688030 -25.800001 -8.500000
v 32.465580 -25.800001 -8.500000
v 31.688030 -25.800001 0.000000
f -3 -2 -1
v 31.688030 -25.800001 0.000000
v 32.465580 -25.800001 -8.500000
v 32.465580 -25.800001 0.000000
f -3 -2 -1
v 32.465580 -25.800001 -8.500000
v 32.911129 -25.800001 -8.500000
v 32.465580 -25.800001 0.000000
f -3 -2 -1
v 32.465580 -25.800001 0.000000
v 32.911129 -25.800001 -8.500000
v 32.911129 -25.800001 0.000000
f -3 -2 -1
v 32.911129 -25.800001 -8.500000
v 33.000000 -25.800001 -5.000000
v 32.911129 -25.800001 0.000000
f -3 -2 -1
v 32.911129 -25.800001 0.000000
v 33.000000 -25.800001 -5.000000
v 33.001904 -25.800001 -4.912761
f -3 -2 -1
v 32.822262 -25.800001 -15.000000
v 32.351200 -25.800001 -19.239481
v 32.911129 -25.800001 -21.103415
f -3 -2 -1
v 32.351200 -25.800001 -19.239481
v 32.465580 -25.800001 -21.103415
v 32.911129 -25.800001 -21.103415
f -3 -2 -1
v 32.911129 -25.800001 -21.103415
v 32.465580 -25.800001 -21.103415
v 32.911129 -25.800001 -26.255507
f -3 -2 -1
v 32.465580 -25.800001 -21.103415
v 32.465580 -25.800001 -26.255507
v 32.911129 -25.800001 -26.255507
f -3 -2 -1
v 32.911129 -25.800001 -26.255507
v 32.465580 -25.800001 -26.255507
v 32.911129 -25.800001 -33.721882
f -3 -2 -1
v 32.465580 -25.800001 -26.255507
v 32.465580 -25.800001 -33.721882
v 32.911129 -25.800001 -33.721882
f -3 -2 -1
v 32.911129 -25.800001 -33.721882
v 32.465580 -25.800001 -33.721882
v 32.911129 -25.800001 -37.908504
f -3 -2 -1
v 32.465580 -25.800001 -33.721882
v 32.465580 -25.800001 -37.908504
v 32.911129 -25.800001 -37.908504
f -3 -2 -1
v 32.911129 -25.800001 -37.908504
v 32.465580 -25.800001 -37.908504
v 32.911129 -25.800001 -43.047668
f -3 -2 -1
v 32.465580 -25.800001 -37.908504
v 32.465580 -25.800001 -43.047668
v 32.911129 -25.800001 -43.047668
f -3 -2 -1
v 32.911129 -25.800001 -43.047668
v 32.465580 -25.800001 -43.047668
v 32.911129 -25.800001 -44.918316
f -3 -2 -1
v 32.465580 -25.800001 -43.047668
v 32.465580 -25.800001 -44.918316
v 32.911129 -25.800001 -44.918316
f -3 -2 -1
v 32.911129 -25.800001 -44.918316
v 32.465580 -25.800001 -44.918316
v 32.949188 -25.800001 -49.602558
f -3 -2 -1
v 32.465580 -25.800001 -44.918316
v 32.465580 -25.800001 -50.920654
v 32.949188 -25.800001 -49.602558
f -3 -2 -1
v 32.949188 -25.800001 -49.602558
v 32.465580 -25.800001 -50.920654
v 32.620037 -25.800001 -50.933117
f -3 -2 -1
v 32.465580 -25.800001 -50.920654
v 32.516083 -25.800001 -51.346886
v 32.620037 -25.800001 -50.933117
f -3 -2 -1
v 32.108898 -25.800001 -21.226933
v 31.551287 -25.800001 -25.428873
v 32.465580 -25.800001 -26.255507
f -3 -2 -1
v 31.551287 -25.800001 -25.428873
v 31.688030 -25.800001 -26.255507
v 32.465580 -25.800001 -26.255507
f -3 -2 -1
v 32.465580 -25.800001 -26.255507
v 31.688030 -25.800001 -26.255507
v 32.465580 -25.800001 -33.721882
f -3 -2 -1
v 31.688030 -25.800001 -26.255507
v 31.688030 -25.800001 -33.721882
v 32.465580 -25.800001 -33.721882
f -3 -2 -1
v 32.465580 -25.800001 -33.721882
v 31.688030 -25.800001 -33.721882
v 32.465580 -25.800001 -37.908504
f -3 -2 -1
v 31.688030 -25.800001 -33.721882
v 31.688030 -25.800001 -37.908504
v 32.465580 -25.800001 -37.908504
f -3 -2 -1
v 32.465580 -25.800001 -37.908504
v 31.688030 -25.800001 -37.908504
v 32.465580 -25.800001 -43.047668
f -3 -2 -1
v 31.688030 -25.800001 -37.908504
v 31.688030 -25.800001 -43.047668
v 32.465580 -25.800001 -43.047668
f -3 -2 -1
v 32.465580 -25.800001 -43.047668
v 31.688030 -25.800001 -43.047668
v 32.465580 -25.800001 -44.918316
f -3 -2 -1
v 31.688030 -25.800001 -43.047668
v 31.688030 -25.800001 -44.918316
v 32.465580 -25.800001 -44.918316
f -3 -2 -1
v 32.465580 -25.800001 -44.918316
v 31.688030 -25.800001 -44.918316
v 32.465580 -25.800001 -50.920654
f -3 -2 -1
v 31.688030 -25.800001 -44.918316
v 31.688030 -25.800001 -50.920654
v 32.465580 -25.800001 -50.920654
f -3 -2 -1
v 32.465580 -25.800001 -50.920654
v 31.688030 -25.800001 -50.920654
v 32.516083 -25.800001 -51.346886
f -3 -2 -1
v 31.688030 -25.800001 -50.920654
v 31.729963 -25.800001 -54.383240
v 32.516083 -25.800001 -51.346886
f -3 -2 -1
v 1.800000 -25.800001 -15.000000
v 1.800000 0.000000 -15.000000
v 25.644754 -25.800001 -15.000000
f -3 -2 -1
v 1.800000 0.000000 -15.000000
v 25.644754 0.000000 -15.000000
v 25.644754 -25.800001 -15.000000
f -3 -2 -1
v 25.644754 -25.800001 -15.000000
v 25.644754 0.000000 -15.000000
v 27.182903 -25.800001 -15.000000
f -3 -2 -1
v 25.644754 0.000000 -15.000000
v 27.182903 0.000000 -15.000000
v 27.182903 -25.800001 -15.000000
f -3 -2 -1
v 27.182903 -25.800001 -15.000000
v 27.182903 0.000000 -15.000000
v 31.688030 -25.800001 -15.000000
f -3 -2 -1
v 27.182903 0.000000 -15.000000
v 31.688030 0.000000 -15.000000
v 31.688030 -25.800001 -15.000000
f -3 -2 -1
v 31.688030 -25.800001 -15.000000
v 31.688030 0.000000 -15.000000
v 32.465580 -25.800001 -15.000000
f -3 -2 -1
v 31.688030 0.000000 -15.000000
v 32.465580 0.000000 -15.000000
v 32.465580 -25.800001 -15.000000
f -3 -2 -1
v 32.465580 -25.800001 -15.000000
v 32.465580 0.000000 -15.000000
v 32.822262 -25.800001 -15.000000
f -3 -2 -1
v 32.465580 0.000000 -15.000000
v 32.822262 0.000000 -15.000000
v 32.822262 -25.800001 -15.000000
f -3 -2 -1
v 24.827629 -25.800001 -59.035709
v 24.827629 0.000000 -59.035709
v 23.548916 -25.800001 -63.764175
f -3 -2 -1
v 24.827629 0.000000 -59.035709
v 23.548916 0.000000 -63.764175
v 23.548916 -25.800001 -63.764175
f -3 -2 -1
v 1.800000 -25.800001 -18.955679
v 1.800000 -25.800001 -20.944757
v 1.800000 0.000000 -18.955679
f -3 -2 -1
v 1.800000 -25.800001 -20.944757
v 1.800000 0.000000 -20.944757
v 1.800000 0.000000 -18.955679
f -3 -2 -1
v 1.800000 -25.800001 -35.835602
v 1.800000 0.000000 -35.835602
v 7.081889 -25.800001 -37.908504
f -3 -2 -1
v 1.800000 0.000000 -35.835602
v 7.081889 0.000000 -37.908504
v 7.081889 -25.800001 -37.908504
f -3 -2 -1
v 7.081889 -25.800001 -37.908504
v 7.081889 0.000000 -37.908504
v 20.176794 -25.800001 -43.047668
f -3 -2 -1
v 7.081889 0.000000 -37.908504
v 20.176794 0.000000 -43.047668
v 20.176794 -25.800001 -43.047668
f -3 -2 -1
v 20.176794 -25.800001 -43.047668
v 20.176794 0.000000 -43.047668
v 24.943325 -25.800001 -44.918316
f -3 -2 -1
v 20.176794 0.000000 -43.047668
v 24.943325 0.000000 -44.918316
v 24.943325 -25.800001 -44.918316
f -3 -2 -1
v 24.943325 -25.800001 -44.918316
v 24.943325 0.000000 -44.918316
v 25.644754 -25.800001 -45.193592
f -3 -2 -1
v 24.943325 0.000000 -44.918316
v 25.644754 0.000000 -45.193592
v 25.644754 -25.800001 -45.193592
f -3 -2 -1
v 25.644754 -25.800001 -45.193592
v 25.644754 0.000000 -45.193592
v 27.182903 -25.800001 -45.797253
f -3 -2 -1
v 25.644754 0.000000 -45.193592
v 27.182903 0.000000 -45.797253
v 27.182903 -25.800001 -45.797253
f -3 -2 -1
v 27.182903 -25.800001 -45.797253
v 27.182903 0.000000 -45.797253
v 27.903925 -25.800001 -46.080219
f -3 -2 -1
v 27.182903 0.000000 -45.797253
v 27.903925 0.000000 -46.080219
v 27.903925 -25.800001 -46.080219
f -3 -2 -1
v 1.800000 -25.800001 -57.592312
v 1.800000 -25.800001 -61.907631
v 1.800000 0.000000 -57.592312
f -3 -2 -1
v 1.800000 -25.800001 -61.907631
v 1.800000 0.000000 -61.907631
v 1.800000 0.000000 -57.592312
f -3 -2 -1
v 30.460598 0.000000 -21.103415
v 31.688030 0.000000 -21.103415
v 31.688030 0.000000 -21.195395
f -3 -2 -1
v 29.545931 0.000000 -37.817009
v 30.292091 0.000000 -33.585022
v 31.688030 0.000000 -33.721882
f -3 -2 -1
v 25.651325 0.000000 -43.047668
v 25.644754 0.000000 -43.047668
v 25.644754 0.000000 -43.045090
f -3 -2 -1
v 23.224710 0.000000 -50.920654
v 25.644754 0.000000 -50.920654
v 25.644754 0.000000 -52.086037
f -3 -2 -1
v 1.800000 0.000000 -45.741302
v 1.800000 0.000000 -48.936722
v 0.000000 0.000000 -50.920654
f -3 -2 -1
v 21.504438 0.000000 -70.747223
v 22.974243 0.000000 -65.792961
v 25.644754 0.000000 -67.255699
f -3 -2 -1
v 28.003836 -0.000000 -67.038681
v 27.932993 0.000000 -67.257233
v 27.182903 0.000000 -67.255699
f -3 -2 -1
v 0.890676 -0.000000 -123.358673
v 0.848070 -0.000000 -123.353065
v 1.845706 0.000000 -122.898315
f -3 -2 -1
v 5.087239 0.000000 -3.001904
v 5.000000 0.000000 -3.000000
v 3.000000 0.000000 0.000000
f -3 -2 -1
v 35.087238 0.000000 -38.001904
v 35.000000 0.000000 -38.000000
v 39.458008 -0.000000 -37.735893
f -3 -2 -1
v 35.779236 -0.000000 -44.943382
v 35.654354 -0.000000 -44.974796
v 32.911129 0.000000 -44.918316
f -3 -2 -1
v 33.797695 -0.000000 -46.463154
v 33.739861 -0.000000 -46.578205
v 32.911129 0.000000 -44.918316
f -3 -2 -1
v 33.739861 -0.000000 -46.578205
v 33.687016 -0.000000 -46.695633
v 32.911129 0.000000 -44.918316
f -3 -2 -1
v 34.076675 -0.000000 -46.030869
v 34.000034 -0.000000 -46.134350
v 32.911129 0.000000 -44.918316
f -3 -2 -1
v 34.000034 -0.000000 -46.134350
v 33.927902 -0.000000 -46.241020
v 32.911129 0.000000 -44.918316
f -3 -2 -1
v 33.927902 -0.000000 -46.241020
v 33.860416 -0.000000 -46.350693
v 32.911129 0.000000 -44.918316
f -3 -2 -1
v 32.911129 0.000000 -44.918316
v 33.860416 -0.000000 -46.350693
v 33.797695 -0.000000 -46.463154
f -3 -2 -1
v 34.332218 -0.000000 -45.741470
v 34.242924 -0.000000 -45.834251
v 32.911129 0.000000 -44.918316
f -3 -2 -1
v 34.242924 -0.000000 -45.834251
v 34.157688 -0.000000 -45.930775
v 32.911129 0.000000 -44.918316
f -3 -2 -1
v 32.911129 0.000000 -44.918316
v 34.157688 -0.000000 -45.930775
v 34.076675 -0.000000 -46.030869
f -3 -2 -1
v 33.687016 -0.000000 -46.695633
v 33.639259 -0.000000 -46.815224
v 32.911129 0.000000 -44.918316
f -3 -2 -1
v 33.639259 -0.000000 -46.815224
v 33.596680 -0.000000 -46.936752
v 32.911129 0.000000 -44.918316
f -3 -2 -1
v 32.911129 0.000000 -44.918316
v 33.596680 -0.000000 -46.936752
v 33.559353 -0.000000 -47.059994
f -3 -2 -1
v 35.654354 -0.000000 -44.974796
v 35.530941 -0.000000 -45.011547
v 32.911129 0.000000 -44.918316
f -3 -2 -1
v 35.530941 -0.000000 -45.011547
v 35.409214 -0.000000 -45.053555
v 32.911129 0.000000 -44.918316
f -3 -2 -1
v 32.911129 0.000000 -44.918316
v 35.409214 -0.000000 -45.053555
v 35.289402 -0.000000 -45.100750
f -3 -2 -1
v 35.289402 -0.000000 -45.100750
v 35.171730 -0.000000 -45.153042
v 32.911129 0.000000 -44.918316
f -3 -2 -1
v 35.171730 -0.000000 -45.153042
v 35.056404 -0.000000 -45.210335
v 32.911129 0.000000 -44.918316
f -3 -2 -1
v 32.911129 0.000000 -44.918316
v 35.056404 -0.000000 -45.210335
v 34.943649 -0.000000 -45.272530
f -3 -2 -1
v 34.943649 -0.000000 -45.272530
v 34.833664 -0.000000 -45.339500
v 32.911129 0.000000 -44.918316
f -3 -2 -1
v 34.833664 -0.000000 -45.339500
v 34.726654 -0.000000 -45.411129
v 32.911129 0.000000 -44.918316
f -3 -2 -1
v 32.911129 0.000000 -44.918316
v 34.726654 -0.000000 -45.411129
v 34.622814 -0.000000 -45.487289
f -3 -2 -1
v 34.622814 -0.000000 -45.487289
v 34.522343 -0.000000 -45.567829
v 32.911129 0.000000 -44.918316
f -3 -2 -1
v 34.522343 -0.000000 -45.567829
v 34.425419 -0.000000 -45.652611
v 32.911129 0.000000 -44.918316
f -3 -2 -1
v 32.911129 0.000000 -44.918316
v 34.425419 -0.000000 -45.652611
v 34.332218 -0.000000 -45.741470
f -3 -2 -1
v 32.911129 0.000000 -43.047668
v 38.833435 -0.000000 -43.210106
v 38.691139 -0.000000 -43.372753
f -3 -2 -1
v 35.779236 -0.000000 -44.943382
v 32.911129 0.000000 -44.918316
v 35.905350 0.000000 -44.917351
f -3 -2 -1
v 32.911129 0.000000 -44.918316
v 32.911129 0.000000 -43.047668
v 35.905350 0.000000 -44.917351
f -3 -2 -1
v 35.905350 0.000000 -44.917351
v 32.911129 0.000000 -43.047668
v 36.116989 -0.000000 -44.873634
f -3 -2 -1
v 38.691139 -0.000000 -43.372753
v 38.541954 -0.000000 -43.529102
v 32.911129 0.000000 -43.047668
f -3 -2 -1
v 38.541954 -0.000000 -43.529102
v 38.386150 -0.000000 -43.678856
v 32.911129 0.000000 -43.047668
f -3 -2 -1
v 32.911129 0.000000 -43.047668
v 38.386150 -0.000000 -43.678856
v 38.224018 -0.000000 -43.821735
f -3 -2 -1
v 37.136124 -0.000000 -44.520729
v 36.938782 -0.000000 -44.608810
v 32.911129 0.000000 -43.047668
f -3 -2 -1
v 36.938782 -0.000000 -44.608810
v 36.737820 -0.000000 -44.688282
v 32.911129 0.000000 -43.047668
f -3 -2 -1
v 38.224018 -0.000000 -43.821735
v 38.055866 -0.000000 -43.957481
v 32.911129 0.000000 -43.047668
f -3 -2 -1
v 38.055866 -0.000000 -43.957481
v 37.882008 -0.000000 -44.085835
v 32.911129 0.000000 -43.047668
f -3 -2 -1
v 32.911129 0.000000 -43.047668
v 37.882008 -0.000000 -44.085835
v 37.702763 -0.000000 -44.206551
f -3 -2 -1
v 37.702763 -0.000000 -44.206551
v 37.518471 -0.000000 -44.319408
v 32.911129 0.000000 -43.047668
f -3 -2 -1
v 37.518471 -0.000000 -44.319408
v 37.329472 -0.000000 -44.424202
v 32.911129 0.000000 -43.047668
f -3 -2 -1
v 32.911129 0.000000 -43.047668
v 37.329472 -0.000000 -44.424202
v 37.136124 -0.000000 -44.520729
f -3 -2 -1
v 36.737820 -0.000000 -44.688282
v 36.533611 -0.000000 -44.758995
v 32.911129 0.000000 -43.047668
f -3 -2 -1
v 36.533611 -0.000000 -44.758995
v 36.326538 -0.000000 -44.820820
v 32.911129 0.000000 -43.047668
f -3 -2 -1
v 32.911129 0.000000 -43.047668
v 36.326538 -0.000000 -44.820820
v 36.116989 -0.000000 -44.873634
f -3 -2 -1
v 33.525444 0.000000 -38.648823
v 33.467911 0.000000 -38.714424
v 32.911129 0.000000 -37.908504
f -3 -2 -1
v 33.782478 0.000000 -38.413292
v 33.714424 0.000000 -38.467911
v 32.911129 0.000000 -37.908504
f -3 -2 -1
v 33.782478 0.000000 -38.413292
v 32.911129 0.000000 -37.908504
v 33.852844 0.000000 -38.361694
f -3 -2 -1
v 33.714424 0.000000 -38.467911
v 33.648819 0.000000 -38.525444
v 32.911129 0.000000 -37.908504
f -3 -2 -1
v 33.648819 0.000000 -38.525444
v 33.585785 0.000000 -38.585785
v 32.911129 0.000000 -37.908504
f -3 -2 -1
v 32.911129 0.000000 -37.908504
v 33.585785 0.000000 -38.585785
v 33.525444 0.000000 -38.648823
f -3 -2 -1
v 33.467911 0.000000 -38.714424
v 33.413296 0.000000 -38.782478
v 32.911129 0.000000 -37.908504
f -3 -2 -1
v 33.413296 0.000000 -38.782478
v 33.361694 0.000000 -38.852848
v 32.911129 0.000000 -37.908504
f -3 -2 -1
v 32.911129 0.000000 -37.908504
v 33.361694 0.000000 -38.852848
v 33.313217 0.000000 -38.925404
f -3 -2 -1
v 33.313217 0.000000 -38.925404
v 33.267948 0.000000 -39.000000
v 32.911129 0.000000 -37.908504
f -3 -2 -1
v 33.267948 0.000000 -39.000000
v 33.225979 0.000000 -39.076504
v 32.911129 0.000000 -37.908504
f -3 -2 -1
v 32.911129 0.000000 -37.908504
v 33.225979 0.000000 -39.076504
v 33.187386 0.000000 -39.154766
f -3 -2 -1
v 34.000000 0.000000 -41.732052
v 34.076504 0.000000 -41.774025
v 32.911129 0.000000 -43.047668
f -3 -2 -1
v 34.076504 0.000000 -41.774025
v 34.154766 0.000000 -41.812618
v 32.911129 0.000000 -43.047668
f -3 -2 -1
v 36.732052 0.000000 -39.000000
v 36.686783 0.000000 -38.925404
v 39.458008 -0.000000 -37.735893
f -3 -2 -1
v 39.458008 -0.000000 -37.735893
v 35.000000 0.000000 -38.000000
v 32.911129 0.000000 -37.908504
f -3 -2 -1
v 35.000000 0.000000 -38.000000
v 34.912762 0.000000 -38.001904
v 32.911129 0.000000 -37.908504
f -3 -2 -1
v 32.911129 0.000000 -37.908504
v 34.912762 0.000000 -38.001904
v 34.825691 0.000000 -38.007610
f -3 -2 -1
v 34.567120 0.000000 -38.047405
v 34.482365 0.000000 -38.068150
v 32.911129 0.000000 -37.908504
f -3 -2 -1
v 34.482365 0.000000 -38.068150
v 34.398590 0.000000 -38.092564
v 32.911129 0.000000 -37.908504
f -3 -2 -1
v 32.911129 0.000000 -37.908504
v 34.398590 0.000000 -38.092564
v 34.315960 0.000000 -38.120617
f -3 -2 -1
v 34.315960 0.000000 -38.120617
v 34.234631 0.000000 -38.152241
v 32.911129 0.000000 -37.908504
f -3 -2 -1
v 34.234631 0.000000 -38.152241
v 34.154766 0.000000 -38.187386
v 32.911129 0.000000 -37.908504
f -3 -2 -1
v 32.911129 0.000000 -37.908504
v 34.154766 0.000000 -38.187386
v 34.076504 0.000000 -38.225979
f -3 -2 -1
v 33.187386 0.000000 -39.154766
v 33.152241 0.000000 -39.234634
v 32.911129 0.000000 -37.908504
f -3 -2 -1
v 33.152241 0.000000 -39.234634
v 33.120613 0.000000 -39.315960
v 32.911129 0.000000 -37.908504
f -3 -2 -1
v 32.911129 0.000000 -37.908504
v 33.120613 0.000000 -39.315960
v 33.092567 0.000000 -39.398590
f -3 -2 -1
v 34.154766 0.000000 -41.812618
v 34.234631 0.000000 -41.847759
v 32.911129 0.000000 -43.047668
f -3 -2 -1
v 34.234631 0.000000 -41.847759
v 34.315960 0.000000 -41.879387
v 32.911129 0.000000 -43.047668
f -3 -2 -1
v 32.911129 0.000000 -43.047668
v 34.315960 0.000000 -41.879387
v 34.398590 0.000000 -41.907433
f -3 -2 -1
v 35.261055 0.000000 -41.982887
v 35.347298 0.000000 -41.969616
v 38.833435 -0.000000 -43.210106
f -3 -2 -1
v 35.347298 0.000000 -41.969616
v 35.432880 0.000000 -41.952591
v 38.833435 -0.000000 -43.210106
f -3 -2 -1
v 35.432880 0.000000 -41.952591
v 35.517635 0.000000 -41.931854
v 38.833435 -0.000000 -43.210106
f -3 -2 -1
v 38.833435 -0.000000 -43.210106
v 35.517635 0.000000 -41.931854
v 35.601410 0.000000 -41.907433
f -3 -2 -1
v 36.686783 0.000000 -38.925404
v 36.638306 0.000000 -38.852848
v 39.458008 -0.000000 -37.735893
f -3 -2 -1
v 36.638306 0.000000 -38.852848
v 36.586704 0.000000 -38.782478
v 39.458008 -0.000000 -37.735893
f -3 -2 -1
v 39.458008 -0.000000 -37.735893
v 36.586704 0.000000 -38.782478
v 36.532089 0.000000 -38.714424
f -3 -2 -1
v 34.825691 0.000000 -38.007610
v 34.738945 0.000000 -38.017109
v 32.911129 0.000000 -37.908504
f -3 -2 -1
v 34.738945 0.000000 -38.017109
v 34.652702 0.000000 -38.030388
v 32.911129 0.000000 -37.908504
f -3 -2 -1
v 32.911129 0.000000 -37.908504
v 34.652702 0.000000 -38.030388
v 34.567120 0.000000 -38.047405
f -3 -2 -1
v 34.076504 0.000000 -38.225979
v 34.000000 0.000000 -38.267948
v 32.911129 0.000000 -37.908504
f -3 -2 -1
v 34.000000 0.000000 -38.267948
v 33.925400 0.000000 -38.313217
v 32.911129 0.000000 -37.908504
f -3 -2 -1
v 32.911129 0.000000 -37.908504
v 33.925400 0.000000 -38.313217
v 33.852844 0.000000 -38.361694
f -3 -2 -1
v 33.092567 0.000000 -39.398590
v 33.068146 0.000000 -39.482361
v 32.911129 0.000000 -37.908504
f -3 -2 -1
v 33.068146 0.000000 -39.482361
v 33.047409 0.000000 -39.567120
v 32.911129 0.000000 -37.908504
f -3 -2 -1
v 32.911129 0.000000 -37.908504
v 33.047409 0.000000 -39.567120
v 33.030384 0.000000 -39.652706
f -3 -2 -1
v 33.007610 0.000000 -40.174313
v 33.017109 0.000000 -40.261051
v 32.911129 0.000000 -43.047668
f -3 -2 -1
v 34.398590 0.000000 -41.907433
v 34.482365 0.000000 -41.931854
v 32.911129 0.000000 -43.047668
f -3 -2 -1
v 34.482365 0.000000 -41.931854
v 34.567120 0.000000 -41.952591
v 32.911129 0.000000 -43.047668
f -3 -2 -1
v 32.911129 0.000000 -43.047668
v 34.567120 0.000000 -41.952591
v 34.652702 0.000000 -41.969616
f -3 -2 -1
v 36.532089 0.000000 -38.714424
v 36.474556 0.000000 -38.648823
v 39.458008 -0.000000 -37.735893
f -3 -2 -1
v 36.474556 0.000000 -38.648823
v 36.414215 0.000000 -38.585785
v 39.458008 -0.000000 -37.735893
f -3 -2 -1
v 39.458008 -0.000000 -37.735893
v 36.414215 0.000000 -38.585785
v 36.351181 0.000000 -38.525444
f -3 -2 -1
v 32.911129 0.000000 -37.908504
v 33.001904 0.000000 -39.912762
v 33.000000 0.000000 -40.000000
f -3 -2 -1
v 32.911129 0.000000 -37.908504
v 33.000000 0.000000 -40.000000
v 32.911129 0.000000 -43.047668
f -3 -2 -1
v 33.000000 0.000000 -40.000000
v 33.001904 0.000000 -40.087238
v 32.911129 0.000000 -43.047668
f -3 -2 -1
v 32.911129 0.000000 -43.047668
v 33.001904 0.000000 -40.087238
v 33.007610 0.000000 -40.174313
f -3 -2 -1
v 33.017109 0.000000 -40.261051
v 33.030384 0.000000 -40.347298
v 32.911129 0.000000 -43.047668
f -3 -2 -1
v 33.030384 0.000000 -40.347298
v 33.047409 0.000000 -40.432877
v 32.911129 0.000000 -43.047668
f -3 -2 -1
v 32.911129 0.000000 -43.047668
v 33.047409 0.000000 -40.432877
v 33.068146 0.000000 -40.517639
f -3 -2 -1
v 33.782478 0.000000 -41.586708
v 33.852844 0.000000 -41.638302
v 32.911129 0.000000 -43.047668
f -3 -2 -1
v 33.852844 0.000000 -41.638302
v 33.925400 0.000000 -41.686783
v 32.911129 0.000000 -43.047668
f -3 -2 -1
v 32.911129 0.000000 -43.047668
v 33.925400 0.000000 -41.686783
v 34.000000 0.000000 -41.732052
f -3 -2 -1
v 34.912762 0.000000 -41.998096
v 35.000000 0.000000 -42.000000
v 32.911129 0.000000 -43.047668
f -3 -2 -1
v 35.000000 0.000000 -42.000000
v 35.087238 0.000000 -41.998096
v 32.911129 0.000000 -43.047668
f -3 -2 -1
v 32.911129 0.000000 -43.047668
v 35.087238 0.000000 -41.998096
v 38.833435 -0.000000 -43.210106
f -3 -2 -1
v 35.087238 0.000000 -41.998096
v 35.174309 0.000000 -41.992390
v 38.833435 -0.000000 -43.210106
f -3 -2 -1
v 38.833435 -0.000000 -43.210106
v 35.174309 0.000000 -41.992390
v 35.261055 0.000000 -41.982887
f -3 -2 -1
v 35.601410 0.000000 -41.907433
v 35.684040 0.000000 -41.879387
v 38.833435 -0.000000 -43.210106
f -3 -2 -1
v 35.684040 0.000000 -41.879387
v 35.765369 0.000000 -41.847759
v 38.833435 -0.000000 -43.210106
f -3 -2 -1
v 38.833435 -0.000000 -43.210106
v 35.765369 0.000000 -41.847759
v 35.845234 0.000000 -41.812618
f -3 -2 -1
v 36.074596 0.000000 -41.686783
v 36.147152 0.000000 -41.638302
v 38.833435 -0.000000 -43.210106
f -3 -2 -1
v 36.147152 0.000000 -41.638302
v 36.217522 0.000000 -41.586708
v 38.833435 -0.000000 -43.210106
f -3 -2 -1
v 36.217522 0.000000 -41.586708
v 36.285576 0.000000 -41.532089
v 38.833435 -0.000000 -43.210106
f -3 -2 -1
v 36.285576 0.000000 -41.532089
v 36.351181 0.000000 -41.474556
v 38.833435 -0.000000 -43.210106
f -3 -2 -1
v 38.833435 -0.000000 -43.210106
v 36.351181 0.000000 -41.474556
v 36.414215 0.000000 -41.414211
f -3 -2 -1
v 36.351181 0.000000 -38.525444
v 36.285576 0.000000 -38.467911
v 39.458008 -0.000000 -37.735893
f -3 -2 -1
v 36.285576 0.000000 -38.467911
v 36.217522 0.000000 -38.413292
v 39.458008 -0.000000 -37.735893
f -3 -2 -1
v 39.458008 -0.000000 -37.735893
v 36.217522 0.000000 -38.413292
v 36.147152 0.000000 -38.361694
f -3 -2 -1
v 39.458008 -0.000000 -37.735893
v 35.923496 0.000000 -38.225979
v 35.845234 0.000000 -38.187386
f -3 -2 -1
v 35.845234 0.000000 -38.187386
v 35.765369 0.000000 -38.152241
v 39.458008 -0.000000 -37.735893
f -3 -2 -1
v 35.765369 0.000000 -38.152241
v 35.684040 0.000000 -38.120617
v 39.458008 -0.000000 -37.735893
f -3 -2 -1
v 39.458008 -0.000000 -37.735893
v 35.684040 0.000000 -38.120617
v 35.601410 0.000000 -38.092564
f -3 -2 -1
v 35.601410 0.000000 -38.092564
v 35.517635 0.000000 -38.068150
v 39.458008 -0.000000 -37.735893
f -3 -2 -1
v 35.517635 0.000000 -38.068150
v 35.432880 0.000000 -38.047405
v 39.458008 -0.000000 -37.735893
f -3 -2 -1
v 39.458008 -0.000000 -37.735893
v 35.432880 0.000000 -38.047405
v 35.347298 0.000000 -38.030388
f -3 -2 -1
v 33.030384 0.000000 -39.652706
v 33.017109 0.000000 -39.738949
v 32.911129 0.000000 -37.908504
f -3 -2 -1
v 33.017109 0.000000 -39.738949
v 33.007610 0.000000 -39.825687
v 32.911129 0.000000 -37.908504
f -3 -2 -1
v 32.911129 0.000000 -37.908504
v 33.007610 0.000000 -39.825687
v 33.001904 0.000000 -39.912762
f -3 -2 -1
v 33.068146 0.000000 -40.517639
v 33.092567 0.000000 -40.601410
v 32.911129 0.000000 -43.047668
f -3 -2 -1
v 33.092567 0.000000 -40.601410
v 33.120613 0.000000 -40.684040
v 32.911129 0.000000 -43.047668
f -3 -2 -1
v 32.911129 0.000000 -43.047668
v 33.120613 0.000000 -40.684040
v 33.152241 0.000000 -40.765366
f -3 -2 -1
v 33.585785 0.000000 -41.414211
v 33.648819 0.000000 -41.474556
v 32.911129 0.000000 -43.047668
f -3 -2 -1
v 33.648819 0.000000 -41.474556
v 33.714424 0.000000 -41.532089
v 32.911129 0.000000 -43.047668
f -3 -2 -1
v 32.911129 0.000000 -43.047668
v 33.714424 0.000000 -41.532089
v 33.782478 0.000000 -41.586708
f -3 -2 -1
v 34.652702 0.000000 -41.969616
v 34.738945 0.000000 -41.982887
v 32.911129 0.000000 -43.047668
f -3 -2 -1
v 34.738945 0.000000 -41.982887
v 34.825691 0.000000 -41.992390
v 32.911129 0.000000 -43.047668
f -3 -2 -1
v 32.911129 0.000000 -43.047668
v 34.825691 0.000000 -41.992390
v 34.912762 0.000000 -41.998096
f -3 -2 -1
v 35.845234 0.000000 -41.812618
v 35.923496 0.000000 -41.774025
v 38.833435 -0.000000 -43.210106
f -3 -2 -1
v 35.923496 0.000000 -41.774025
v 36.000000 0.000000 -41.732052
v 38.833435 -0.000000 -43.210106
f -3 -2 -1
v 38.833435 -0.000000 -43.210106
v 36.000000 0.000000 -41.732052
v 36.074596 0.000000 -41.686783
f -3 -2 -1
v 35.347298 0.000000 -38.030388
v 35.261055 0.000000 -38.017109
v 39.458008 -0.000000 -37.735893
f -3 -2 -1
v 35.261055 0.000000 -38.017109
v 35.174309 0.000000 -38.007610
v 39.458008 -0.000000 -37.735893
f -3 -2 -1
v 39.458008 -0.000000 -37.735893
v 35.174309 0.000000 -38.007610
v 35.087238 0.000000 -38.001904
f -3 -2 -1
v 36.414215 0.000000 -41.414211
v 36.474556 0.000000 -41.351181
v 38.833435 -0.000000 -43.210106
f -3 -2 -1
v 36.474556 0.000000 -41.351181
v 36.532089 0.000000 -41.285576
v 38.833435 -0.000000 -43.210106
f -3 -2 -1
v 38.833435 -0.000000 -43.210106
v 36.532089 0.000000 -41.285576
v 38.968567 -0.000000 -43.041462
f -3 -2 -1
v 36.532089 0.000000 -41.285576
v 36.586704 0.000000 -41.217525
v 38.968567 -0.000000 -43.041462
f -3 -2 -1
v 38.968567 -0.000000 -43.041462
v 36.586704 0.000000 -41.217525
v 39.096283 -0.000000 -42.867134
f -3 -2 -1
v 36.586704 0.000000 -41.217525
v 36.638306 0.000000 -41.147152
v 39.096283 -0.000000 -42.867134
f -3 -2 -1
v 39.096283 -0.000000 -42.867134
v 36.638306 0.000000 -41.147152
v 39.216347 -0.000000 -42.687454
f -3 -2 -1
v 36.638306 0.000000 -41.147152
v 36.686783 0.000000 -41.074600
v 39.216347 -0.000000 -42.687454
f -3 -2 -1
v 39.216347 -0.000000 -42.687454
v 36.686783 0.000000 -41.074600
v 39.328537 -0.000000 -42.502750
f -3 -2 -1
v 36.686783 0.000000 -41.074600
v 36.732052 0.000000 -41.000000
v 39.328537 -0.000000 -42.502750
f -3 -2 -1
v 39.328537 -0.000000 -42.502750
v 36.732052 0.000000 -41.000000
v 39.432640 -0.000000 -42.313370
f -3 -2 -1
v 36.732052 0.000000 -41.000000
v 36.774021 0.000000 -40.923500
v 39.432640 -0.000000 -42.313370
f -3 -2 -1
v 39.432640 -0.000000 -42.313370
v 36.774021 0.000000 -40.923500
v 39.528461 -0.000000 -42.119675
f -3 -2 -1
v 36.774021 0.000000 -40.923500
v 36.812614 0.000000 -40.845238
v 39.528461 -0.000000 -42.119675
f -3 -2 -1
v 39.528461 -0.000000 -42.119675
v 36.812614 0.000000 -40.845238
v 39.615829 -0.000000 -41.922012
f -3 -2 -1
v 36.812614 0.000000 -40.845238
v 36.847759 0.000000 -40.765366
v 39.615829 -0.000000 -41.922012
f -3 -2 -1
v 39.615829 -0.000000 -41.922012
v 36.847759 0.000000 -40.765366
v 39.694569 -0.000000 -41.720764
f -3 -2 -1
v 36.847759 0.000000 -40.765366
v 36.879387 0.000000 -40.684040
v 39.694569 -0.000000 -41.720764
f -3 -2 -1
v 39.694569 -0.000000 -41.720764
v 36.879387 0.000000 -40.684040
v 39.764538 -0.000000 -41.516300
f -3 -2 -1
v 36.879387 0.000000 -40.684040
v 36.907433 0.000000 -40.601410
v 39.764538 -0.000000 -41.516300
f -3 -2 -1
v 39.764538 -0.000000 -41.516300
v 36.907433 0.000000 -40.601410
v 39.825611 -0.000000 -41.309002
f -3 -2 -1
v 36.907433 0.000000 -40.601410
v 36.931850 0.000000 -40.517639
v 39.825611 -0.000000 -41.309002
f -3 -2 -1
v 39.825611 -0.000000 -41.309002
v 36.931850 0.000000 -40.517639
v 39.877663 -0.000000 -41.099262
f -3 -2 -1
v 36.931850 0.000000 -40.517639
v 36.952591 0.000000 -40.432877
v 39.877663 -0.000000 -41.099262
f -3 -2 -1
v 39.877663 -0.000000 -41.099262
v 36.952591 0.000000 -40.432877
v 39.920609 -0.000000 -40.887466
f -3 -2 -1
v 36.952591 0.000000 -40.432877
v 36.969616 0.000000 -40.347298
v 39.920609 -0.000000 -40.887466
f -3 -2 -1
v 39.920609 -0.000000 -40.887466
v 36.969616 0.000000 -40.347298
v 39.954361 -0.000000 -40.674011
f -3 -2 -1
v 36.969616 0.000000 -40.347298
v 36.982891 0.000000 -40.261051
v 39.954361 -0.000000 -40.674011
f -3 -2 -1
v 39.954361 -0.000000 -40.674011
v 36.982891 0.000000 -40.261051
v 39.978859 -0.000000 -40.459301
f -3 -2 -1
v 36.982891 0.000000 -40.261051
v 36.992390 0.000000 -40.174313
v 39.978859 -0.000000 -40.459301
f -3 -2 -1
v 39.978859 -0.000000 -40.459301
v 36.992390 0.000000 -40.174313
v 39.994057 -0.000000 -40.243729
f -3 -2 -1
v 36.992390 0.000000 -40.174313
v 36.998096 0.000000 -40.087238
v 39.994057 -0.000000 -40.243729
f -3 -2 -1
v 39.994057 -0.000000 -40.243729
v 36.998096 0.000000 -40.087238
v 39.999924 -0.000000 -40.027702
f -3 -2 -1
v 36.998096 0.000000 -40.087238
v 37.000000 0.000000 -40.000000
v 39.999924 -0.000000 -40.027702
f -3 -2 -1
v 39.999924 -0.000000 -40.027702
v 37.000000 0.000000 -40.000000
v 39.996449 -0.000000 -39.811630
f -3 -2 -1
v 37.000000 0.000000 -40.000000
v 36.998096 0.000000 -39.912762
v 39.996449 -0.000000 -39.811630
f -3 -2 -1
v 39.996449 -0.000000 -39.811630
v 36.998096 0.000000 -39.912762
v 39.983646 -0.000000 -39.595901
f -3 -2 -1
v 36.998096 0.000000 -39.912762
v 36.992390 0.000000 -39.825687
v 39.983646 -0.000000 -39.595901
f -3 -2 -1
v 39.983646 -0.000000 -39.595901
v 36.992390 0.000000 -39.825687
v 39.961529 -0.000000 -39.380936
f -3 -2 -1
v 36.992390 0.000000 -39.825687
v 36.982891 0.000000 -39.738949
v 39.961529 -0.000000 -39.380936
f -3 -2 -1
v 39.961529 -0.000000 -39.380936
v 36.982891 0.000000 -39.738949
v 39.930141 -0.000000 -39.167118
f -3 -2 -1
v 36.982891 0.000000 -39.738949
v 36.969616 0.000000 -39.652706
v 39.930141 -0.000000 -39.167118
f -3 -2 -1
v 39.930141 -0.000000 -39.167118
v 36.969616 0.000000 -39.652706
v 39.889549 -0.000000 -38.954861
f -3 -2 -1
v 36.969616 0.000000 -39.652706
v 36.952591 0.000000 -39.567120
v 39.889549 -0.000000 -38.954861
f -3 -2 -1
v 39.889549 -0.000000 -38.954861
v 36.952591 0.000000 -39.567120
v 39.839821 -0.000000 -38.744553
f -3 -2 -1
v 36.952591 0.000000 -39.567120
v 36.931850 0.000000 -39.482361
v 39.839821 -0.000000 -38.744553
f -3 -2 -1
v 39.839821 -0.000000 -38.744553
v 36.931850 0.000000 -39.482361
v 39.781048 -0.000000 -38.536594
f -3 -2 -1
v 36.931850 0.000000 -39.482361
v 36.907433 0.000000 -39.398590
v 39.781048 -0.000000 -38.536594
f -3 -2 -1
v 39.781048 -0.000000 -38.536594
v 36.907433 0.000000 -39.398590
v 39.713348 -0.000000 -38.331367
f -3 -2 -1
v 36.907433 0.000000 -39.398590
v 36.879387 0.000000 -39.315960
v 39.713348 -0.000000 -38.331367
f -3 -2 -1
v 39.713348 -0.000000 -38.331367
v 36.879387 0.000000 -39.315960
v 39.636845 -0.000000 -38.129253
f -3 -2 -1
v 36.879387 0.000000 -39.315960
v 36.847759 0.000000 -39.234634
v 39.636845 -0.000000 -38.129253
f -3 -2 -1
v 39.636845 -0.000000 -38.129253
v 36.847759 0.000000 -39.234634
v 39.551674 -0.000000 -37.930641
f -3 -2 -1
v 36.847759 0.000000 -39.234634
v 36.812614 0.000000 -39.154766
v 39.551674 -0.000000 -37.930641
f -3 -2 -1
v 39.551674 -0.000000 -37.930641
v 36.812614 0.000000 -39.154766
v 39.458008 -0.000000 -37.735893
f -3 -2 -1
v 36.812614 0.000000 -39.154766
v 36.774021 0.000000 -39.076504
v 39.458008 -0.000000 -37.735893
f -3 -2 -1
v 39.458008 -0.000000 -37.735893
v 36.774021 0.000000 -39.076504
v 36.732052 0.000000 -39.000000
f -3 -2 -1
v 36.147152 0.000000 -38.361694
v 36.074596 0.000000 -38.313217
v 39.458008 -0.000000 -37.735893
f -3 -2 -1
v 36.074596 0.000000 -38.313217
v 36.000000 0.000000 -38.267948
v 39.458008 -0.000000 -37.735893
f -3 -2 -1
v 39.458008 -0.000000 -37.735893
v 36.000000 0.000000 -38.267948
v 35.923496 0.000000 -38.225979
f -3 -2 -1
v 33.152241 0.000000 -40.765366
v 33.187386 0.000000 -40.845238
v 32.911129 0.000000 -43.047668
f -3 -2 -1
v 33.187386 0.000000 -40.845238
v 33.225979 0.000000 -40.923500
v 32.911129 0.000000 -43.047668
f -3 -2 -1
v 32.911129 0.000000 -43.047668
v 33.225979 0.000000 -40.923500
v 33.267948 0.000000 -41.000000
f -3 -2 -1
v 33.267948 0.000000 -41.000000
v 33.313217 0.000000 -41.074600
v 32.911129 0.000000 -43.047668
f -3 -2 -1
v 33.313217 0.000000 -41.074600
v 33.361694 0.000000 -41.147152
v 32.911129 0.000000 -43.047668
f -3 -2 -1
v 32.911129 0.000000 -43.047668
v 33.361694 0.000000 -41.147152
v 33.413296 0.000000 -41.217525
f -3 -2 -1
v 33.413296 0.000000 -41.217525
v 33.467911 0.000000 -41.285576
v 32.911129 0.000000 -43.047668
f -3 -2 -1
v 33.467911 0.000000 -41.285576
v 33.525444 0.000000 -41.351181
v 32.911129 0.000000 -43.047668
f -3 -2 -1
v 32.911129 0.000000 -43.047668
v 33.525444 0.000000 -41.351181
v 33.585785 0.000000 -41.414211
f -3 -2 -1
v 36.621334 -0.000000 -34.451878
v 36.672558 -0.000000 -34.570019
v 32.911129 0.000000 -37.908504
f -3 -2 -1
v 36.443527 -0.000000 -33.834293
v 36.468414 -0.000000 -33.960636
v 32.911129 0.000000 -33.721882
f -3 -2 -1
v 32.911129 0.000000 -37.908504
v 37.643200 -0.000000 -35.750565
v 37.749214 0.000000 -35.823658
f -3 -2 -1
v 36.468414 -0.000000 -33.960636
v 36.498695 -0.000000 -34.085796
v 32.911129 0.000000 -33.721882
f -3 -2 -1
v 36.498695 -0.000000 -34.085796
v 36.534325 -0.000000 -34.209538
v 32.911129 0.000000 -33.721882
f -3 -2 -1
v 32.911129 0.000000 -33.721882
v 36.534325 -0.000000 -34.209538
v 32.911129 0.000000 -37.908504
f -3 -2 -1
v 36.534325 -0.000000 -34.209538
v 36.575230 -0.000000 -34.331642
v 32.911129 0.000000 -37.908504
f -3 -2 -1
v 32.911129 0.000000 -37.908504
v 36.575230 -0.000000 -34.331642
v 36.621334 -0.000000 -34.451878
f -3 -2 -1
v 36.672558 -0.000000 -34.570019
v 36.728802 -0.000000 -34.685856
v 32.911129 0.000000 -37.908504
f -3 -2 -1
v 36.728802 -0.000000 -34.685856
v 36.789974 -0.000000 -34.799175
v 32.911129 0.000000 -37.908504
f -3 -2 -1
v 32.911129 0.000000 -37.908504
v 36.789974 -0.000000 -34.799175
v 36.855942 -0.000000 -34.909763
f -3 -2 -1
v 37.345318 -0.000000 -35.504963
v 37.441063 -0.000000 -35.591068
v 32.911129 0.000000 -37.908504
f -3 -2 -1
v 37.441063 -0.000000 -35.591068
v 37.540421 -0.000000 -35.672985
v 32.911129 0.000000 -37.908504
f -3 -2 -1
v 32.911129 0.000000 -37.908504
v 37.540421 -0.000000 -35.672985
v 37.643200 -0.000000 -35.750565
f -3 -2 -1
v 36.855942 -0.000000 -34.909763
v 36.926601 -0.000000 -35.017414
v 32.911129 0.000000 -37.908504
f -3 -2 -1
v 36.926601 -0.000000 -35.017414
v 37.001812 -0.000000 -35.121941
v 32.911129 0.000000 -37.908504
f -3 -2 -1
v 32.911129 0.000000 -37.908504
v 37.001812 -0.000000 -35.121941
v 37.081440 -0.000000 -35.223141
f -3 -2 -1
v 37.081440 -0.000000 -35.223141
v 37.165340 -0.000000 -35.320831
v 32.911129 0.000000 -37.908504
f -3 -2 -1
v 37.165340 -0.000000 -35.320831
v 37.253349 -0.000000 -35.414825
v 32.911129 0.000000 -37.908504
f -3 -2 -1
v 32.911129 0.000000 -37.908504
v 37.253349 -0.000000 -35.414825
v 37.345318 -0.000000 -35.504963
f -3 -2 -1
v 37.749214 0.000000 -35.823658
v 37.927109 -0.000000 -35.946358
v 32.911129 0.000000 -37.908504
f -3 -2 -1
v 37.927109 -0.000000 -35.946358
v 38.099537 -0.000000 -36.076626
v 32.911129 0.000000 -37.908504
f -3 -2 -1
v 32.911129 0.000000 -37.908504
v 38.099537 -0.000000 -36.076626
v 38.266174 -0.000000 -36.214226
f -3 -2 -1
v 38.266174 -0.000000 -36.214226
v 38.426712 -0.000000 -36.358898
v 32.911129 0.000000 -37.908504
f -3 -2 -1
v 38.426712 -0.000000 -36.358898
v 38.580845 -0.000000 -36.510368
v 32.911129 0.000000 -37.908504
f -3 -2 -1
v 32.911129 0.000000 -37.908504
v 38.580845 -0.000000 -36.510368
v 38.728294 -0.000000 -36.668362
f -3 -2 -1
v 38.728294 -0.000000 -36.668362
v 38.868774 -0.000000 -36.832573
v 32.911129 0.000000 -37.908504
f -3 -2 -1
v 38.868774 -0.000000 -36.832573
v 39.002026 -0.000000 -37.002705
v 32.911129 0.000000 -37.908504
f -3 -2 -1
v 32.911129 0.000000 -37.908504
v 39.002026 -0.000000 -37.002705
v 39.127804 -0.000000 -37.178436
f -3 -2 -1
v 39.127804 -0.000000 -37.178436
v 39.245872 -0.000000 -37.359440
v 32.911129 0.000000 -37.908504
f -3 -2 -1
v 39.245872 -0.000000 -37.359440
v 39.356007 -0.000000 -37.545372
v 32.911129 0.000000 -37.908504
f -3 -2 -1
v 32.911129 0.000000 -37.908504
v 39.356007 -0.000000 -37.545372
v 39.458008 -0.000000 -37.735893
f -3 -2 -1
v 32.911129 0.000000 -33.721882
v 36.423088 -0.000000 -32.936447
v 36.409458 -0.000000 -33.064491
f -3 -2 -1
v 36.409458 -0.000000 -33.064491
v 36.401344 -0.000000 -33.193008
v 32.911129 0.000000 -33.721882
f -3 -2 -1
v 36.401344 -0.000000 -33.193008
v 36.398746 -0.000000 -33.321754
v 32.911129 0.000000 -33.721882
f -3 -2 -1
v 32.911129 0.000000 -33.721882
v 36.398746 -0.000000 -33.321754
v 36.401676 -0.000000 -33.450493
f -3 -2 -1
v 36.401676 -0.000000 -33.450493
v 36.410130 -0.000000 -33.578983
v 32.911129 0.000000 -33.721882
f -3 -2 -1
v 36.410130 -0.000000 -33.578983
v 36.424088 -0.000000 -33.706997
v 32.911129 0.000000 -33.721882
f -3 -2 -1
v 32.911129 0.000000 -33.721882
v 36.424088 -0.000000 -33.706997
v 36.443527 -0.000000 -33.834293
f -3 -2 -1
v 32.911129 0.000000 -26.255507
v 37.932365 -0.000000 -22.969088
v 32.911129 0.000000 -33.721882
f -3 -2 -1
v 37.932365 -0.000000 -22.969088
v 36.442200 0.000000 -32.809101
v 32.911129 0.000000 -33.721882
f -3 -2 -1
v 32.911129 0.000000 -33.721882
v 36.442200 0.000000 -32.809101
v 36.423088 -0.000000 -32.936447
f -3 -2 -1
v 33.068146 0.000000 -4.482362
v 33.047409 0.000000 -4.567121
v 32.911129 0.000000 0.000000
f -3 -2 -1
v 34.912762 0.000000 -3.001904
v 32.911129 0.000000 0.000000
v 35.000000 0.000000 -3.000000
f -3 -2 -1
v 32.911129 0.000000 0.000000
v 36.724026 0.000000 0.000000
v 35.000000 0.000000 -3.000000
f -3 -2 -1
v 35.000000 0.000000 -3.000000
v 36.724026 0.000000 0.000000
v 35.087238 0.000000 -3.001904
f -3 -2 -1
v 33.925400 0.000000 -3.313217
v 33.852844 0.000000 -3.361696
v 32.911129 0.000000 0.000000
f -3 -2 -1
v 32.911129 0.000000 -8.500000
v 33.187386 0.000000 -5.845237
v 33.225979 0.000000 -5.923497
f -3 -2 -1
v 33.007610 0.000000 -4.825688
v 33.001904 0.000000 -4.912761
v 32.911129 0.000000 0.000000
f -3 -2 -1
v 39.395535 0.000000 -8.503471
v 35.601410 0.000000 -6.907434
v 35.684040 0.000000 -6.879385
f -3 -2 -1
v 33.000000 0.000000 -5.000000
v 33.001904 0.000000 -5.087239
v 32.911129 0.000000 -8.500000
f -3 -2 -1
v 34.398590 0.000000 -6.907434
v 34.482365 0.000000 -6.931851
v 32.911129 0.000000 -8.500000
f -3 -2 -1
v 34.482365 0.000000 -6.931851
v 34.567120 0.000000 -6.952592
v 32.911129 0.000000 -8.500000
f -3 -2 -1
v 34.825691 0.000000 -6.992390
v 34.912762 0.000000 -6.998096
v 32.911129 0.000000 -8.500000
f -3 -2 -1
v 34.912762 0.000000 -6.998096
v 35.000000 0.000000 -7.000000
v 32.911129 0.000000 -8.500000
f -3 -2 -1
v 35.347298 0.000000 -6.969615
v 35.432880 0.000000 -6.952592
v 39.395535 0.000000 -8.503471
f -3 -2 -1
v 35.432880 0.000000 -6.952592
v 35.517635 0.000000 -6.931851
v 39.395535 0.000000 -8.503471
f -3 -2 -1
v 39.395535 0.000000 -8.503471
v 35.517635 0.000000 -6.931851
v 35.601410 0.000000 -6.907434
f -3 -2 -1
v 36.847759 0.000000 -5.765367
v 39.395535 0.000000 -8.503471
v 36.812614 0.000000 -5.845237
f -3 -2 -1
v 39.395535 0.000000 -8.503471
v 36.774021 0.000000 -5.923497
v 36.812614 0.000000 -5.845237
f -3 -2 -1
v 34.912762 0.000000 -3.001904
v 34.825691 0.000000 -3.007611
v 32.911129 0.000000 0.000000
f -3 -2 -1
v 34.825691 0.000000 -3.007611
v 34.738945 0.000000 -3.017110
v 32.911129 0.000000 0.000000
f -3 -2 -1
v 32.911129 0.000000 0.000000
v 34.738945 0.000000 -3.017110
v 34.652702 0.000000 -3.030385
f -3 -2 -1
v 32.911129 0.000000 0.000000
v 33.467911 0.000000 -3.714425
v 33.413296 0.000000 -3.782477
f -3 -2 -1
v 33.413296 0.000000 -3.782477
v 33.361694 0.000000 -3.852847
v 32.911129 0.000000 0.000000
f -3 -2 -1
v 33.361694 0.000000 -3.852847
v 33.313217 0.000000 -3.925401
v 32.911129 0.000000 0.000000
f -3 -2 -1
v 32.911129 0.000000 0.000000
v 33.313217 0.000000 -3.925401
v 33.267948 0.000000 -4.000000
f -3 -2 -1
v 33.152241 0.000000 -4.234633
v 33.120613 0.000000 -4.315960
v 32.911129 0.000000 0.000000
f -3 -2 -1
v 33.120613 0.000000 -4.315960
v 33.092567 0.000000 -4.398589
v 32.911129 0.000000 0.000000
f -3 -2 -1
v 32.911129 0.000000 0.000000
v 33.092567 0.000000 -4.398589
v 33.068146 0.000000 -4.482362
f -3 -2 -1
v 33.030384 0.000000 -5.347296
v 33.047409 0.000000 -5.432879
v 32.911129 0.000000 -8.500000
f -3 -2 -1
v 33.047409 0.000000 -5.432879
v 33.068146 0.000000 -5.517638
v 32.911129 0.000000 -8.500000
f -3 -2 -1
v 32.911129 0.000000 -8.500000
v 33.068146 0.000000 -5.517638
v 33.092567 0.000000 -5.601412
f -3 -2 -1
v 33.092567 0.000000 -5.601412
v 33.120613 0.000000 -5.684041
v 32.911129 0.000000 -8.500000
f -3 -2 -1
v 33.120613 0.000000 -5.684041
v 33.152241 0.000000 -5.765367
v 32.911129 0.000000 -8.500000
f -3 -2 -1
v 32.911129 0.000000 -8.500000
v 33.152241 0.000000 -5.765367
v 33.187386 0.000000 -5.845237
f -3 -2 -1
v 34.000000 0.000000 -6.732051
v 34.076504 0.000000 -6.774022
v 32.911129 0.000000 -8.500000
f -3 -2 -1
v 34.076504 0.000000 -6.774022
v 34.154766 0.000000 -6.812616
v 32.911129 0.000000 -8.500000
f -3 -2 -1
v 34.567120 0.000000 -6.952592
v 34.652702 0.000000 -6.969615
v 32.911129 0.000000 -8.500000
f -3 -2 -1
v 34.652702 0.000000 -6.969615
v 34.738945 0.000000 -6.982890
v 32.911129 0.000000 -8.500000
f -3 -2 -1
v 32.911129 0.000000 -8.500000
v 34.738945 0.000000 -6.982890
v 34.825691 0.000000 -6.992390
f -3 -2 -1
v 35.000000 0.000000 -7.000000
v 35.087238 0.000000 -6.998096
v 32.911129 0.000000 -8.500000
f -3 -2 -1
v 35.087238 0.000000 -6.998096
v 35.174309 0.000000 -6.992390
v 32.911129 0.000000 -8.500000
f -3 -2 -1
v 32.911129 0.000000 -8.500000
v 35.174309 0.000000 -6.992390
v 39.395535 0.000000 -8.503471
f -3 -2 -1
v 35.174309 0.000000 -6.992390
v 35.261055 0.000000 -6.982890
v 39.395535 0.000000 -8.503471
f -3 -2 -1
v 39.395535 0.000000 -8.503471
v 35.261055 0.000000 -6.982890
v 35.347298 0.000000 -6.969615
f -3 -2 -1
v 35.684040 0.000000 -6.879385
v 35.765369 0.000000 -6.847759
v 39.395535 0.000000 -8.503471
f -3 -2 -1
v 35.765369 0.000000 -6.847759
v 35.845234 0.000000 -6.812616
v 39.395535 0.000000 -8.503471
f -3 -2 -1
v 39.395535 0.000000 -8.503471
v 35.845234 0.000000 -6.812616
v 35.923496 0.000000 -6.774022
f -3 -2 -1
v 36.638306 0.000000 -6.147153
v 36.686783 0.000000 -6.074599
v 39.395535 0.000000 -8.503471
f -3 -2 -1
v 36.686783 0.000000 -6.074599
v 36.732052 0.000000 -6.000000
v 39.395535 0.000000 -8.503471
f -3 -2 -1
v 39.395535 0.000000 -8.503471
v 36.732052 0.000000 -6.000000
v 36.774021 0.000000 -5.923497
f -3 -2 -1
v 36.847759 0.000000 -5.765367
v 36.879387 0.000000 -5.684041
v 39.395535 0.000000 -8.503471
f -3 -2 -1
v 36.879387 0.000000 -5.684041
v 36.907433 0.000000 -5.601412
v 39.395535 0.000000 -8.503471
f -3 -2 -1
v 39.395535 0.000000 -8.503471
v 36.907433 0.000000 -5.601412
v 36.931850 0.000000 -5.517638
f -3 -2 -1
v 34.652702 0.000000 -3.030385
v 34.567120 0.000000 -3.047408
v 32.911129 0.000000 0.000000
f -3 -2 -1
v 34.567120 0.000000 -3.047408
v 34.482365 0.000000 -3.068148
v 32.911129 0.000000 0.000000
f -3 -2 -1
v 32.911129 0.000000 0.000000
v 34.482365 0.000000 -3.068148
v 34.398590 0.000000 -3.092566
f -3 -2 -1
v 34.398590 0.000000 -3.092566
v 34.315960 0.000000 -3.120615
v 32.911129 0.000000 0.000000
f -3 -2 -1
v 34.315960 0.000000 -3.120615
v 34.234631 0.000000 -3.152241
v 32.911129 0.000000 0.000000
f -3 -2 -1
v 32.911129 0.000000 0.000000
v 34.234631 0.000000 -3.152241
v 34.154766 0.000000 -3.187384
f -3 -2 -1
v 34.154766 0.000000 -3.187384
v 34.076504 0.000000 -3.225978
v 32.911129 0.000000 0.000000
f -3 -2 -1
v 34.076504 0.000000 -3.225978
v 34.000000 0.000000 -3.267949
v 32.911129 0.000000 0.000000
f -3 -2 -1
v 32.911129 0.000000 0.000000
v 34.000000 0.000000 -3.267949
v 33.925400 0.000000 -3.313217
f -3 -2 -1
v 33.852844 0.000000 -3.361696
v 33.782478 0.000000 -3.413293
v 32.911129 0.000000 0.000000
f -3 -2 -1
v 33.782478 0.000000 -3.413293
v 33.714424 0.000000 -3.467911
v 32.911129 0.000000 0.000000
f -3 -2 -1
v 32.911129 0.000000 0.000000
v 33.714424 0.000000 -3.467911
v 33.648819 0.000000 -3.525445
f -3 -2 -1
v 33.648819 0.000000 -3.525445
v 33.585785 0.000000 -3.585786
v 32.911129 0.000000 0.000000
f -3 -2 -1
v 33.585785 0.000000 -3.585786
v 33.525444 0.000000 -3.648820
v 32.911129 0.000000 0.000000
f -3 -2 -1
v 32.911129 0.000000 0.000000
v 33.525444 0.000000 -3.648820
v 33.467911 0.000000 -3.714425
f -3 -2 -1
v 33.267948 0.000000 -4.000000
v 33.225979 0.000000 -4.076503
v 32.911129 0.000000 0.000000
f -3 -2 -1
v 33.225979 0.000000 -4.076503
v 33.187386 0.000000 -4.154764
v 32.911129 0.000000 0.000000
f -3 -2 -1
v 32.911129 0.000000 0.000000
v 33.187386 0.000000 -4.154764
v 33.152241 0.000000 -4.234633
f -3 -2 -1
v 33.047409 0.000000 -4.567121
v 33.030384 0.000000 -4.652704
v 32.911129 0.000000 0.000000
f -3 -2 -1
v 33.030384 0.000000 -4.652704
v 33.017109 0.000000 -4.738948
v 32.911129 0.000000 0.000000
f -3 -2 -1
v 32.911129 0.000000 0.000000
v 33.017109 0.000000 -4.738948
v 33.007610 0.000000 -4.825688
f -3 -2 -1
v 33.225979 0.000000 -5.923497
v 33.267948 0.000000 -6.000000
v 32.911129 0.000000 -8.500000
f -3 -2 -1
v 33.267948 0.000000 -6.000000
v 33.313217 0.000000 -6.074599
v 32.911129 0.000000 -8.500000
f -3 -2 -1
v 32.911129 0.000000 -8.500000
v 33.313217 0.000000 -6.074599
v 33.361694 0.000000 -6.147153
f -3 -2 -1
v 32.911129 0.000000 -8.500000
v 33.525444 0.000000 -6.351181
v 33.585785 0.000000 -6.414214
f -3 -2 -1
v 34.154766 0.000000 -6.812616
v 34.234631 0.000000 -6.847759
v 32.911129 0.000000 -8.500000
f -3 -2 -1
v 34.234631 0.000000 -6.847759
v 34.315960 0.000000 -6.879385
v 32.911129 0.000000 -8.500000
f -3 -2 -1
v 32.911129 0.000000 -8.500000
v 34.315960 0.000000 -6.879385
v 34.398590 0.000000 -6.907434
f -3 -2 -1
v 35.923496 0.000000 -6.774022
v 36.000000 0.000000 -6.732051
v 39.395535 0.000000 -8.503471
f -3 -2 -1
v 36.000000 0.000000 -6.732051
v 36.074596 0.000000 -6.686783
v 39.395535 0.000000 -8.503471
f -3 -2 -1
v 39.395535 0.000000 -8.503471
v 36.074596 0.000000 -6.686783
v 36.147152 0.000000 -6.638304
f -3 -2 -1
v 36.474556 0.000000 -6.351181
v 39.395535 0.000000 -8.503471
v 36.414215 0.000000 -6.414214
f -3 -2 -1
v 39.395535 0.000000 -8.503471
v 36.351181 0.000000 -6.474555
v 36.414215 0.000000 -6.414214
f -3 -2 -1
v 36.474556 0.000000 -6.351181
v 36.532089 0.000000 -6.285575
v 39.395535 0.000000 -8.503471
f -3 -2 -1
v 36.532089 0.000000 -6.285575
v 36.586704 0.000000 -6.217523
v 39.395535 0.000000 -8.503471
f -3 -2 -1
v 39.395535 0.000000 -8.503471
v 36.586704 0.000000 -6.217523
v 36.638306 0.000000 -6.147153
f -3 -2 -1
v 36.992390 0.000000 -5.174311
v 36.998096 0.000000 -5.087239
v 39.720314 0.000000 -3.149174
f -3 -2 -1
v 36.998096 0.000000 -5.087239
v 37.000000 0.000000 -5.000000
v 39.720314 0.000000 -3.149174
f -3 -2 -1
v 38.303314 -0.000000 -0.449344
v 36.217522 0.000000 -3.413293
v 36.147152 0.000000 -3.361696
f -3 -2 -1
v 36.074596 0.000000 -3.313217
v 38.080292 -0.000000 -0.324079
v 36.147152 0.000000 -3.361696
f -3 -2 -1
v 38.080292 -0.000000 -0.324079
v 38.193142 -0.000000 -0.384333
v 36.147152 0.000000 -3.361696
f -3 -2 -1
v 36.147152 0.000000 -3.361696
v 38.193142 -0.000000 -0.384333
v 38.303314 -0.000000 -0.449344
f -3 -2 -1
v 33.001904 0.000000 -5.087239
v 33.007610 0.000000 -5.174311
v 32.911129 0.000000 -8.500000
f -3 -2 -1
v 33.007610 0.000000 -5.174311
v 33.017109 0.000000 -5.261053
v 32.911129 0.000000 -8.500000
f -3 -2 -1
v 32.911129 0.000000 -8.500000
v 33.017109 0.000000 -5.261053
v 33.030384 0.000000 -5.347296
f -3 -2 -1
v 33.361694 0.000000 -6.147153
v 33.413296 0.000000 -6.217523
v 32.911129 0.000000 -8.500000
f -3 -2 -1
v 33.413296 0.000000 -6.217523
v 33.467911 0.000000 -6.285575
v 32.911129 0.000000 -8.500000
f -3 -2 -1
v 32.911129 0.000000 -8.500000
v 33.467911 0.000000 -6.285575
v 33.525444 0.000000 -6.351181
f -3 -2 -1
v 33.585785 0.000000 -6.414214
v 33.648819 0.000000 -6.474555
v 32.911129 0.000000 -8.500000
f -3 -2 -1
v 33.648819 0.000000 -6.474555
v 33.714424 0.000000 -6.532089
v 32.911129 0.000000 -8.500000
f -3 -2 -1
v 32.911129 0.000000 -8.500000
v 33.714424 0.000000 -6.532089
v 33.782478 0.000000 -6.586707
f -3 -2 -1
v 33.782478 0.000000 -6.586707
v 33.852844 0.000000 -6.638304
v 32.911129 0.000000 -8.500000
f -3 -2 -1
v 33.852844 0.000000 -6.638304
v 33.925400 0.000000 -6.686783
v 32.911129 0.000000 -8.500000
f -3 -2 -1
v 32.911129 0.000000 -8.500000
v 33.925400 0.000000 -6.686783
v 34.000000 0.000000 -6.732051
f -3 -2 -1
v 36.147152 0.000000 -6.638304
v 36.217522 0.000000 -6.586707
v 39.395535 0.000000 -8.503471
f -3 -2 -1
v 36.217522 0.000000 -6.586707
v 36.285576 0.000000 -6.532089
v 39.395535 0.000000 -8.503471
f -3 -2 -1
v 39.395535 0.000000 -8.503471
v 36.285576 0.000000 -6.532089
v 36.351181 0.000000 -6.474555
f -3 -2 -1
v 37.000000 0.000000 -5.000000
v 36.998096 0.000000 -4.912761
v 39.720314 0.000000 -3.149174
f -3 -2 -1
v 36.998096 0.000000 -4.912761
v 36.992390 0.000000 -4.825688
v 39.720314 0.000000 -3.149174
f -3 -2 -1
v 39.720314 0.000000 -3.149174
v 36.992390 0.000000 -4.825688
v 36.982891 0.000000 -4.738948
f -3 -2 -1
v 36.982891 0.000000 -4.738948
v 36.969616 0.000000 -4.652704
v 39.720314 0.000000 -3.149174
f -3 -2 -1
v 36.969616 0.000000 -4.652704
v 36.952591 0.000000 -4.567121
v 39.720314 0.000000 -3.149174
f -3 -2 -1
v 39.720314 0.000000 -3.149174
v 36.952591 0.000000 -4.567121
v 36.931850 0.000000 -4.482362
f -3 -2 -1
v 36.474556 0.000000 -3.648820
v 36.414215 0.000000 -3.585786
v 39.065708 -0.000000 -1.124760
f -3 -2 -1
v 35.684040 0.000000 -3.120615
v 35.601410 0.000000 -3.092566
v 36.724026 0.000000 0.000000
f -3 -2 -1
v 35.347298 0.000000 -3.030385
v 35.261055 0.000000 -3.017110
v 36.724026 0.000000 0.000000
f -3 -2 -1
v 35.261055 0.000000 -3.017110
v 35.174309 0.000000 -3.007611
v 36.724026 0.000000 0.000000
f -3 -2 -1
v 36.724026 0.000000 0.000000
v 35.174309 0.000000 -3.007611
v 35.087238 0.000000 -3.001904
f -3 -2 -1
v 36.351181 0.000000 -3.525445
v 38.897446 -0.000000 -0.932093
v 36.414215 0.000000 -3.585786
f -3 -2 -1
v 38.897446 -0.000000 -0.932093
v 38.983631 -0.000000 -1.026632
v 36.414215 0.000000 -3.585786
f -3 -2 -1
v 36.414215 0.000000 -3.585786
v 38.983631 -0.000000 -1.026632
v 39.065708 -0.000000 -1.124760
f -3 -2 -1
v 38.303314 -0.000000 -0.449344
v 38.410622 -0.000000 -0.518993
v 36.217522 0.000000 -3.413293
f -3 -2 -1
v 38.410622 -0.000000 -0.518993
v 38.514858 -0.000000 -0.593153
v 36.217522 0.000000 -3.413293
f -3 -2 -1
v 36.217522 0.000000 -3.413293
v 38.514858 -0.000000 -0.593153
v 36.285576 0.000000 -3.467911
f -3 -2 -1
v 35.601410 0.000000 -3.092566
v 35.517635 0.000000 -3.068148
v 36.724026 0.000000 0.000000
f -3 -2 -1
v 35.517635 0.000000 -3.068148
v 35.432880 0.000000 -3.047408
v 36.724026 0.000000 0.000000
f -3 -2 -1
v 36.724026 0.000000 0.000000
v 35.432880 0.000000 -3.047408
v 35.347298 0.000000 -3.030385
f -3 -2 -1
v 36.931850 0.000000 -5.517638
v 36.952591 0.000000 -5.432879
v 39.395535 0.000000 -8.503471
f -3 -2 -1
v 36.952591 0.000000 -5.432879
v 36.969616 0.000000 -5.347296
v 39.395535 0.000000 -8.503471
f -3 -2 -1
v 39.395535 0.000000 -8.503471
v 36.969616 0.000000 -5.347296
v 39.720314 0.000000 -3.149174
f -3 -2 -1
v 36.969616 0.000000 -5.347296
v 36.982891 0.000000 -5.261053
v 39.720314 0.000000 -3.149174
f -3 -2 -1
v 39.720314 0.000000 -3.149174
v 36.982891 0.000000 -5.261053
v 36.992390 0.000000 -5.174311
f -3 -2 -1
v 36.931850 0.000000 -4.482362
v 36.907433 0.000000 -4.398589
v 39.720314 0.000000 -3.149174
f -3 -2 -1
v 36.907433 0.000000 -4.398589
v 36.879387 0.000000 -4.315960
v 39.720314 0.000000 -3.149174
f -3 -2 -1
v 39.720314 0.000000 -3.149174
v 36.879387 0.000000 -4.315960
v 39.723953 -0.000000 -3.021297
f -3 -2 -1
v 36.879387 0.000000 -4.315960
v 36.847759 0.000000 -4.234633
v 39.723953 -0.000000 -3.021297
f -3 -2 -1
v 39.723953 -0.000000 -3.021297
v 36.847759 0.000000 -4.234633
v 39.722134 -0.000000 -2.893383
f -3 -2 -1
v 36.847759 0.000000 -4.234633
v 36.812614 0.000000 -4.154764
v 39.722134 -0.000000 -2.893383
f -3 -2 -1
v 36.774021 0.000000 -4.076503
v 39.702152 -0.000000 -2.638367
v 36.812614 0.000000 -4.154764
f -3 -2 -1
v 39.702152 -0.000000 -2.638367
v 39.714863 -0.000000 -2.765662
v 36.812614 0.000000 -4.154764
f -3 -2 -1
v 36.812614 0.000000 -4.154764
v 39.714863 -0.000000 -2.765662
v 39.722134 -0.000000 -2.893383
f -3 -2 -1
v 38.514858 -0.000000 -0.593153
v 38.615845 -0.000000 -0.671690
v 36.285576 0.000000 -3.467911
f -3 -2 -1
v 38.615845 -0.000000 -0.671690
v 38.713387 -0.000000 -0.754460
v 36.285576 0.000000 -3.467911
f -3 -2 -1
v 36.285576 0.000000 -3.467911
v 38.713387 -0.000000 -0.754460
v 36.351181 0.000000 -3.525445
f -3 -2 -1
v 38.713387 -0.000000 -0.754460
v 38.807312 -0.000000 -0.841314
v 36.351181 0.000000 -3.525445
f -3 -2 -1
v 36.351181 0.000000 -3.525445
v 38.807312 -0.000000 -0.841314
v 38.897446 -0.000000 -0.932093
f -3 -2 -1
v 36.000000 0.000000 -3.267949
v 37.847404 -0.000000 -0.218269
v 36.074596 0.000000 -3.313217
f -3 -2 -1
v 37.847404 -0.000000 -0.218269
v 37.964973 -0.000000 -0.268691
v 36.074596 0.000000 -3.313217
f -3 -2 -1
v 36.074596 0.000000 -3.313217
v 37.964973 -0.000000 -0.268691
v 38.080292 -0.000000 -0.324079
f -3 -2 -1
v 35.923496 0.000000 -3.225978
v 37.606346 -0.000000 -0.132682
v 36.000000 0.000000 -3.267949
f -3 -2 -1
v 37.606346 -0.000000 -0.132682
v 37.727787 -0.000000 -0.172905
v 36.000000 0.000000 -3.267949
f -3 -2 -1
v 36.000000 0.000000 -3.267949
v 37.727787 -0.000000 -0.172905
v 37.847404 -0.000000 -0.218269
f -3 -2 -1
v 35.765369 0.000000 -3.152241
v 37.233299 -0.000000 -0.043542
v 35.845234 0.000000 -3.187384
f -3 -2 -1
v 37.233299 -0.000000 -0.043542
v 37.358875 -0.000000 -0.067942
v 35.845234 0.000000 -3.187384
f -3 -2 -1
v 35.845234 0.000000 -3.187384
v 37.358875 -0.000000 -0.067942
v 35.923496 0.000000 -3.225978
f -3 -2 -1
v 37.358875 -0.000000 -0.067942
v 37.483303 -0.000000 -0.097673
v 35.923496 0.000000 -3.225978
f -3 -2 -1
v 35.923496 0.000000 -3.225978
v 37.483303 -0.000000 -0.097673
v 37.606346 -0.000000 -0.132682
f -3 -2 -1
v 36.724026 0.000000 0.000000
v 36.851929 -0.000000 -0.002728
v 35.684040 0.000000 -3.120615
f -3 -2 -1
v 36.851929 -0.000000 -0.002728
v 36.979595 -0.000000 -0.010905
v 35.684040 0.000000 -3.120615
f -3 -2 -1
v 35.684040 0.000000 -3.120615
v 36.979595 -0.000000 -0.010905
v 35.765369 0.000000 -3.152241
f -3 -2 -1
v 36.979595 -0.000000 -0.010905
v 37.106792 -0.000000 -0.024519
v 35.765369 0.000000 -3.152241
f -3 -2 -1
v 35.765369 0.000000 -3.152241
v 37.106792 -0.000000 -0.024519
v 37.233299 -0.000000 -0.043542
f -3 -2 -1
v 36.732052 0.000000 -4.000000
v 39.660519 -0.000000 -2.385980
v 36.774021 0.000000 -4.076503
f -3 -2 -1
v 39.660519 -0.000000 -2.385980
v 39.684029 -0.000000 -2.511730
v 36.774021 0.000000 -4.076503
f -3 -2 -1
v 36.774021 0.000000 -4.076503
v 39.684029 -0.000000 -2.511730
v 39.702152 -0.000000 -2.638367
f -3 -2 -1
v 36.638306 0.000000 -3.852847
v 36.586704 0.000000 -3.782477
v 39.464077 -0.000000 -1.778475
f -3 -2 -1
v 39.464077 -0.000000 -1.778475
v 39.513664 -0.000000 -1.896402
v 36.638306 0.000000 -3.852847
f -3 -2 -1
v 39.513664 -0.000000 -1.896402
v 39.558174 -0.000000 -2.016335
v 36.638306 0.000000 -3.852847
f -3 -2 -1
v 36.638306 0.000000 -3.852847
v 39.558174 -0.000000 -2.016335
v 36.686783 0.000000 -3.925401
f -3 -2 -1
v 39.558174 -0.000000 -2.016335
v 39.597538 -0.000000 -2.138058
v 36.686783 0.000000 -3.925401
f -3 -2 -1
v 36.686783 0.000000 -3.925401
v 39.597538 -0.000000 -2.138058
v 36.732052 0.000000 -4.000000
f -3 -2 -1
v 39.597538 -0.000000 -2.138058
v 39.631672 -0.000000 -2.261347
v 36.732052 0.000000 -4.000000
f -3 -2 -1
v 36.732052 0.000000 -4.000000
v 39.631672 -0.000000 -2.261347
v 39.660519 -0.000000 -2.385980
f -3 -2 -1
v 36.532089 0.000000 -3.714425
v 39.350060 -0.000000 -1.549495
v 36.586704 0.000000 -3.782477
f -3 -2 -1
v 39.350060 -0.000000 -1.549495
v 39.409512 -0.000000 -1.662769
v 36.586704 0.000000 -3.782477
f -3 -2 -1
v 36.586704 0.000000 -3.782477
v 39.409512 -0.000000 -1.662769
v 39.464077 -0.000000 -1.778475
f -3 -2 -1
v 39.065708 -0.000000 -1.124760
v 39.143528 -0.000000 -1.226298
v 36.474556 0.000000 -3.648820
f -3 -2 -1
v 39.143528 -0.000000 -1.226298
v 39.216946 -0.000000 -1.331061
v 36.474556 0.000000 -3.648820
f -3 -2 -1
v 36.474556 0.000000 -3.648820
v 39.216946 -0.000000 -1.331061
v 36.532089 0.000000 -3.714425
f -3 -2 -1
v 39.216946 -0.000000 -1.331061
v 39.285831 -0.000000 -1.438859
v 36.532089 0.000000 -3.714425
f -3 -2 -1
v 36.532089 0.000000 -3.714425
v 39.285831 -0.000000 -1.438859
v 39.350060 -0.000000 -1.549495
f -3 -2 -1
v 4.398589 0.000000 -6.907434
v 4.482362 0.000000 -6.931851
v 0.000000 0.000000 -8.500000
f -3 -2 -1
v 4.000000 0.000000 -6.732051
v 4.076503 0.000000 -6.774022
v 0.000000 0.000000 -8.500000
f -3 -2 -1
v 4.076503 0.000000 -6.774022
v 4.154764 0.000000 -6.812616
v 0.000000 0.000000 -8.500000
f -3 -2 -1
v 4.482362 0.000000 -6.931851
v 4.567121 0.000000 -6.952592
v 0.000000 0.000000 -8.500000
f -3 -2 -1
v 4.567121 0.000000 -6.952592
v 4.652704 0.000000 -6.969615
v 0.000000 0.000000 -8.500000
f -3 -2 -1
v 0.000000 0.000000 -8.500000
v 4.652704 0.000000 -6.969615
v 4.738948 0.000000 -6.982890
f -3 -2 -1
v 5.000000 0.000000 -3.000000
v 4.912761 0.000000 -3.001904
v 3.000000 0.000000 0.000000
f -3 -2 -1
v 4.912761 0.000000 -3.001904
v 4.825688 0.000000 -3.007611
v 3.000000 0.000000 0.000000
f -3 -2 -1
v 3.000000 0.000000 0.000000
v 4.825688 0.000000 -3.007611
v 4.738948 0.000000 -3.017110
f -3 -2 -1
v 4.738948 0.000000 -3.017110
v 4.652704 0.000000 -3.030385
v 3.000000 0.000000 0.000000
f -3 -2 -1
v 4.652704 0.000000 -3.030385
v 4.567121 0.000000 -3.047408
v 3.000000 0.000000 0.000000
f -3 -2 -1
v 3.000000 0.000000 0.000000
v 4.567121 0.000000 -3.047408
v 4.482362 0.000000 -3.068148
f -3 -2 -1
v 4.154764 0.000000 -6.812616
v 4.234633 0.000000 -6.847759
v 0.000000 0.000000 -8.500000
f -3 -2 -1
v 4.234633 0.000000 -6.847759
v 4.315960 0.000000 -6.879385
v 0.000000 0.000000 -8.500000
f -3 -2 -1
v 0.000000 0.000000 -8.500000
v 4.315960 0.000000 -6.879385
v 4.398589 0.000000 -6.907434
f -3 -2 -1
v 3.313217 0.000000 -6.074599
v 0.000000 0.000000 -8.500000
v 3.267949 0.000000 -6.000000
f -3 -2 -1
v 0.000000 0.000000 -8.500000
v 3.225978 0.000000 -5.923497
v 3.267949 0.000000 -6.000000
f -3 -2 -1
v 4.738948 0.000000 -6.982890
v 4.825688 0.000000 -6.992390
v 0.000000 0.000000 -8.500000
f -3 -2 -1
v 4.825688 0.000000 -6.992390
v 4.912761 0.000000 -6.998096
v 0.000000 0.000000 -8.500000
f -3 -2 -1
v 0.000000 0.000000 -8.500000
v 4.912761 0.000000 -6.998096
v 5.000000 0.000000 -7.000000
f -3 -2 -1
v 5.765367 0.000000 -6.847759
v 5.845237 0.000000 -6.812616
v 25.644754 0.000000 -8.500000
f -3 -2 -1
v 3.852847 0.000000 -3.361696
v 3.782477 0.000000 -3.413293
v 1.614754 0.000000 -0.338968
f -3 -2 -1
v 3.092566 0.000000 -5.601412
v 3.120615 0.000000 -5.684041
v 0.000000 0.000000 -8.500000
f -3 -2 -1
v 3.782477 0.000000 -6.586707
v 0.000000 0.000000 -8.500000
v 3.714425 0.000000 -6.532089
f -3 -2 -1
v 0.000000 0.000000 -8.500000
v 3.648820 0.000000 -6.474555
v 3.714425 0.000000 -6.532089
f -3 -2 -1
v 3.782477 0.000000 -6.586707
v 3.852847 0.000000 -6.638304
v 0.000000 0.000000 -8.500000
f -3 -2 -1
v 3.852847 0.000000 -6.638304
v 3.925401 0.000000 -6.686783
v 0.000000 0.000000 -8.500000
f -3 -2 -1
v 0.000000 0.000000 -8.500000
v 3.925401 0.000000 -6.686783
v 4.000000 0.000000 -6.732051
f -3 -2 -1
v 0.788168 0.000000 -0.973229
v 3.585786 0.000000 -3.585786
v 3.525445 0.000000 -3.648820
f -3 -2 -1
v 3.120615 0.000000 -5.684041
v 3.152241 0.000000 -5.765367
v 0.000000 0.000000 -8.500000
f -3 -2 -1
v 3.152241 0.000000 -5.765367
v 3.187384 0.000000 -5.845237
v 0.000000 0.000000 -8.500000
f -3 -2 -1
v 0.000000 0.000000 -8.500000
v 3.187384 0.000000 -5.845237
v 3.225978 0.000000 -5.923497
f -3 -2 -1
v 3.313217 0.000000 -6.074599
v 3.361696 0.000000 -6.147153
v 0.000000 0.000000 -8.500000
f -3 -2 -1
v 3.361696 0.000000 -6.147153
v 3.413293 0.000000 -6.217523
v 0.000000 0.000000 -8.500000
f -3 -2 -1
v 0.000000 0.000000 -8.500000
v 3.413293 0.000000 -6.217523
v 3.467911 0.000000 -6.285575
f -3 -2 -1
v 3.467911 0.000000 -6.285575
v 3.525445 0.000000 -6.351181
v 0.000000 0.000000 -8.500000
f -3 -2 -1
v 3.525445 0.000000 -6.351181
v 3.585786 0.000000 -6.414214
v 0.000000 0.000000 -8.500000
f -3 -2 -1
v 0.000000 0.000000 -8.500000
v 3.585786 0.000000 -6.414214
v 3.648820 0.000000 -6.474555
f -3 -2 -1
v 5.845237 0.000000 -6.812616
v 5.923497 0.000000 -6.774022
v 25.644754 0.000000 -8.500000
f -3 -2 -1
v 5.923497 0.000000 -6.774022
v 6.000000 0.000000 -6.732051
v 25.644754 0.000000 -8.500000
f -3 -2 -1
v 25.644754 0.000000 -8.500000
v 6.000000 0.000000 -6.732051
v 6.074599 0.000000 -6.686783
f -3 -2 -1
v 4.076503 0.000000 -3.225978
v 4.000000 0.000000 -3.267949
v 2.350681 0.000000 -0.071112
f -3 -2 -1
v 3.925401 0.000000 -3.313217
v 2.097883 0.000000 -0.138849
v 4.000000 0.000000 -3.267949
f -3 -2 -1
v 2.097883 0.000000 -0.138849
v 2.223543 0.000000 -0.102223
v 4.000000 0.000000 -3.267949
f -3 -2 -1
v 4.000000 0.000000 -3.267949
v 2.223543 0.000000 -0.102223
v 2.350681 0.000000 -0.071112
f -3 -2 -1
v 1.614754 0.000000 -0.338968
v 1.732145 0.000000 -0.281077
v 3.852847 0.000000 -3.361696
f -3 -2 -1
v 1.732145 0.000000 -0.281077
v 1.851950 0.000000 -0.228361
v 3.852847 0.000000 -3.361696
f -3 -2 -1
v 3.852847 0.000000 -3.361696
v 1.851950 0.000000 -0.228361
v 3.925401 0.000000 -3.313217
f -3 -2 -1
v 1.851950 0.000000 -0.228361
v 1.973940 0.000000 -0.180922
v 3.925401 0.000000 -3.313217
f -3 -2 -1
v 3.925401 0.000000 -3.313217
v 1.973940 0.000000 -0.180922
v 2.097883 0.000000 -0.138849
f -3 -2 -1
v 0.788168 0.000000 -0.973229
v 0.878680 0.000000 -0.878680
v 3.585786 0.000000 -3.585786
f -3 -2 -1
v 0.878680 0.000000 -0.878680
v 0.973229 0.000000 -0.788168
v 3.585786 0.000000 -3.585786
f -3 -2 -1
v 3.585786 0.000000 -3.585786
v 0.973229 0.000000 -0.788168
v 3.648820 0.000000 -3.525445
f -3 -2 -1
v 3.467911 0.000000 -3.714425
v 0.619940 0.000000 -1.173716
v 3.525445 0.000000 -3.648820
f -3 -2 -1
v 0.619940 0.000000 -1.173716
v 0.701867 0.000000 -1.071637
v 3.525445 0.000000 -3.648820
f -3 -2 -1
v 3.525445 0.000000 -3.648820
v 0.701867 0.000000 -1.071637
v 0.788168 0.000000 -0.973229
f -3 -2 -1
v 3.120615 0.000000 -4.315960
v 3.092566 0.000000 -4.398589
v 0.000000 0.000000 -3.000000
f -3 -2 -1
v 3.092566 0.000000 -4.398589
v 3.068148 0.000000 -4.482362
v 0.000000 0.000000 -3.000000
f -3 -2 -1
v 5.432879 0.000000 -6.952592
v 5.517638 0.000000 -6.931851
v 25.644754 0.000000 -8.500000
f -3 -2 -1
v 5.432879 0.000000 -6.952592
v 25.644754 0.000000 -8.500000
v 5.347296 0.000000 -6.969615
f -3 -2 -1
v 5.517638 0.000000 -6.931851
v 5.601412 0.000000 -6.907434
v 25.644754 0.000000 -8.500000
f -3 -2 -1
v 5.601412 0.000000 -6.907434
v 5.684041 0.000000 -6.879385
v 25.644754 0.000000 -8.500000
f -3 -2 -1
v 25.644754 0.000000 -8.500000
v 5.684041 0.000000 -6.879385
v 5.765367 0.000000 -6.847759
f -3 -2 -1
v 4.482362 0.000000 -3.068148
v 4.398589 0.000000 -3.092566
v 3.000000 0.000000 0.000000
f -3 -2 -1
v 4.398589 0.000000 -3.092566
v 4.315960 0.000000 -3.120615
v 3.000000 0.000000 0.000000
f -3 -2 -1
v 3.000000 0.000000 0.000000
v 4.315960 0.000000 -3.120615
v 2.869142 0.000000 -0.002855
f -3 -2 -1
v 4.315960 0.000000 -3.120615
v 4.234633 0.000000 -3.152241
v 2.869142 0.000000 -0.002855
f -3 -2 -1
v 2.869142 0.000000 -0.002855
v 4.234633 0.000000 -3.152241
v 2.738533 0.000000 -0.011416
f -3 -2 -1
v 4.234633 0.000000 -3.152241
v 4.154764 0.000000 -3.187384
v 2.738533 0.000000 -0.011416
f -3 -2 -1
v 2.738533 0.000000 -0.011416
v 4.154764 0.000000 -3.187384
v 2.608422 0.000000 -0.025665
f -3 -2 -1
v 4.154764 0.000000 -3.187384
v 4.076503 0.000000 -3.225978
v 2.608422 0.000000 -0.025665
f -3 -2 -1
v 2.608422 0.000000 -0.025665
v 4.076503 0.000000 -3.225978
v 2.479055 0.000000 -0.045577
f -3 -2 -1
v 4.076503 0.000000 -3.225978
v 2.350681 0.000000 -0.071112
v 2.479055 0.000000 -0.045577
f -3 -2 -1
v 3.714425 0.000000 -3.467911
v 1.388101 0.000000 -0.469826
v 3.782477 0.000000 -3.413293
f -3 -2 -1
v 1.388101 0.000000 -0.469826
v 1.500000 0.000000 -0.401924
v 3.782477 0.000000 -3.413293
f -3 -2 -1
v 3.782477 0.000000 -3.413293
v 1.500000 0.000000 -0.401924
v 1.614754 0.000000 -0.338968
f -3 -2 -1
v 0.973229 0.000000 -0.788168
v 1.071637 0.000000 -0.701867
v 3.648820 0.000000 -3.525445
f -3 -2 -1
v 1.071637 0.000000 -0.701867
v 1.173716 0.000000 -0.619940
v 3.648820 0.000000 -3.525445
f -3 -2 -1
v 3.648820 0.000000 -3.525445
v 1.173716 0.000000 -0.619940
v 3.714425 0.000000 -3.467911
f -3 -2 -1
v 1.173716 0.000000 -0.619940
v 1.279271 0.000000 -0.542544
v 3.714425 0.000000 -3.467911
f -3 -2 -1
v 3.714425 0.000000 -3.467911
v 1.279271 0.000000 -0.542544
v 1.388101 0.000000 -0.469826
f -3 -2 -1
v 3.030385 0.000000 -5.347296
v 3.047408 0.000000 -5.432879
v 0.000000 0.000000 -8.500000
f -3 -2 -1
v 3.047408 0.000000 -5.432879
v 3.068148 0.000000 -5.517638
v 0.000000 0.000000 -8.500000
f -3 -2 -1
v 0.000000 0.000000 -8.500000
v 3.068148 0.000000 -5.517638
v 3.092566 0.000000 -5.601412
f -3 -2 -1
v 5.000000 0.000000 -7.000000
v 5.087239 0.000000 -6.998096
v 0.000000 0.000000 -8.500000
f -3 -2 -1
v 5.087239 0.000000 -6.998096
v 5.174311 0.000000 -6.992390
v 0.000000 0.000000 -8.500000
f -3 -2 -1
v 0.000000 0.000000 -8.500000
v 5.174311 0.000000 -6.992390
v 25.644754 0.000000 -8.500000
f -3 -2 -1
v 5.174311 0.000000 -6.992390
v 5.261053 0.000000 -6.982890
v 25.644754 0.000000 -8.500000
f -3 -2 -1
v 25.644754 0.000000 -8.500000
v 5.261053 0.000000 -6.982890
v 5.347296 0.000000 -6.969615
f -3 -2 -1
v 6.074599 0.000000 -6.686783
v 6.147153 0.000000 -6.638304
v 25.644754 0.000000 -8.500000
f -3 -2 -1
v 6.147153 0.000000 -6.638304
v 6.217523 0.000000 -6.586707
v 25.644754 0.000000 -8.500000
f -3 -2 -1
v 25.644754 0.000000 -8.500000
v 6.217523 0.000000 -6.586707
v 6.285575 0.000000 -6.532089
f -3 -2 -1
v 6.285575 0.000000 -6.532089
v 6.351181 0.000000 -6.474555
v 25.644754 0.000000 -8.500000
f -3 -2 -1
v 6.351181 0.000000 -6.474555
v 6.414214 0.000000 -6.414214
v 25.644754 0.000000 -8.500000
f -3 -2 -1
v 25.644754 0.000000 -8.500000
v 6.414214 0.000000 -6.414214
v 6.474555 0.000000 -6.351181
f -3 -2 -1
v 6.474555 0.000000 -6.351181
v 6.532089 0.000000 -6.285575
v 25.644754 0.000000 -8.500000
f -3 -2 -1
v 6.532089 0.000000 -6.285575
v 6.586707 0.000000 -6.217523
v 25.644754 0.000000 -8.500000
f -3 -2 -1
v 25.644754 0.000000 -8.500000
v 6.586707 0.000000 -6.217523
v 6.638304 0.000000 -6.147153
f -3 -2 -1
v 6.638304 0.000000 -6.147153
v 6.686783 0.000000 -6.074599
v 25.644754 0.000000 -8.500000
f -3 -2 -1
v 6.686783 0.000000 -6.074599
v 6.732051 0.000000 -6.000000
v 25.644754 0.000000 -8.500000
f -3 -2 -1
v 25.644754 0.000000 -8.500000
v 6.732051 0.000000 -6.000000
v 6.774022 0.000000 -5.923497
f -3 -2 -1
v 6.952592 0.000000 -4.567121
v 6.931851 0.000000 -4.482362
v 25.644754 0.000000 0.000000
f -3 -2 -1
v 6.732051 0.000000 -4.000000
v 6.686783 0.000000 -3.925401
v 25.644754 0.000000 0.000000
f -3 -2 -1
v 6.686783 0.000000 -3.925401
v 6.638304 0.000000 -3.852847
v 25.644754 0.000000 0.000000
f -3 -2 -1
v 25.644754 0.000000 0.000000
v 6.638304 0.000000 -3.852847
v 6.586707 0.000000 -3.782477
f -3 -2 -1
v 6.586707 0.000000 -3.782477
v 6.532089 0.000000 -3.714425
v 25.644754 0.000000 0.000000
f -3 -2 -1
v 6.532089 0.000000 -3.714425
v 6.474555 0.000000 -3.648820
v 25.644754 0.000000 0.000000
f -3 -2 -1
v 25.644754 0.000000 0.000000
v 6.474555 0.000000 -3.648820
v 6.414214 0.000000 -3.585786
f -3 -2 -1
v 3.413293 0.000000 -3.782477
v 0.469826 0.000000 -1.388101
v 3.467911 0.000000 -3.714425
f -3 -2 -1
v 0.469826 0.000000 -1.388101
v 0.542544 0.000000 -1.279271
v 3.467911 0.000000 -3.714425
f -3 -2 -1
v 3.467911 0.000000 -3.714425
v 0.542544 0.000000 -1.279271
v 0.619940 0.000000 -1.173716
f -3 -2 -1
v 3.361696 0.000000 -3.852847
v 0.338968 0.000000 -1.614754
v 3.413293 0.000000 -3.782477
f -3 -2 -1
v 0.338968 0.000000 -1.614754
v 0.401924 0.000000 -1.500000
v 3.413293 0.000000 -3.782477
f -3 -2 -1
v 3.413293 0.000000 -3.782477
v 0.401924 0.000000 -1.500000
v 0.469826 0.000000 -1.388101
f -3 -2 -1
v 3.313217 0.000000 -3.925401
v 0.228361 0.000000 -1.851950
v 3.361696 0.000000 -3.852847
f -3 -2 -1
v 0.228361 0.000000 -1.851950
v 0.281077 0.000000 -1.732145
v 3.361696 0.000000 -3.852847
f -3 -2 -1
v 3.361696 0.000000 -3.852847
v 0.281077 0.000000 -1.732145
v 0.338968 0.000000 -1.614754
f -3 -2 -1
v 3.267949 0.000000 -4.000000
v 0.138849 0.000000 -2.097883
v 3.313217 0.000000 -3.925401
f -3 -2 -1
v 0.138849 0.000000 -2.097883
v 0.180922 0.000000 -1.973940
v 3.313217 0.000000 -3.925401
f -3 -2 -1
v 3.313217 0.000000 -3.925401
v 0.180922 0.000000 -1.973940
v 0.228361 0.000000 -1.851950
f -3 -2 -1
v 3.225978 0.000000 -4.076503
v 0.071112 0.000000 -2.350681
v 3.267949 0.000000 -4.000000
f -3 -2 -1
v 0.071112 0.000000 -2.350681
v 0.102223 0.000000 -2.223543
v 3.267949 0.000000 -4.000000
f -3 -2 -1
v 3.267949 0.000000 -4.000000
v 0.102223 0.000000 -2.223543
v 0.138849 0.000000 -2.097883
f -3 -2 -1
v 25.644754 0.000000 -8.500000
v 6.879385 0.000000 -5.684041
v 6.907434 0.000000 -5.601412
f -3 -2 -1
v 25.644754 0.000000 0.000000
v 6.000000 0.000000 -3.267949
v 5.923497 0.000000 -3.225978
f -3 -2 -1
v 5.601412 0.000000 -3.092566
v 5.517638 0.000000 -3.068148
v 3.000000 0.000000 0.000000
f -3 -2 -1
v 5.517638 0.000000 -3.068148
v 5.432879 0.000000 -3.047408
v 3.000000 0.000000 0.000000
f -3 -2 -1
v 3.000000 0.000000 0.000000
v 5.432879 0.000000 -3.047408
v 5.347296 0.000000 -3.030385
f -3 -2 -1
v 5.347296 0.000000 -3.030385
v 5.261053 0.000000 -3.017110
v 3.000000 0.000000 0.000000
f -3 -2 -1
v 5.261053 0.000000 -3.017110
v 5.174311 0.000000 -3.007611
v 3.000000 0.000000 0.000000
f -3 -2 -1
v 3.000000 0.000000 0.000000
v 5.174311 0.000000 -3.007611
v 5.087239 0.000000 -3.001904
f -3 -2 -1
v 3.187384 0.000000 -4.154764
v 0.025665 0.000000 -2.608422
v 3.225978 0.000000 -4.076503
f -3 -2 -1
v 0.025665 0.000000 -2.608422
v 0.045577 0.000000 -2.479055
v 3.225978 0.000000 -4.076503
f -3 -2 -1
v 3.225978 0.000000 -4.076503
v 0.045577 0.000000 -2.479055
v 0.071112 0.000000 -2.350681
f -3 -2 -1
v 3.120615 0.000000 -4.315960
v 0.000000 0.000000 -3.000000
v 3.152241 0.000000 -4.234633
f -3 -2 -1
v 0.000000 0.000000 -3.000000
v 0.002855 0.000000 -2.869142
v 3.152241 0.000000 -4.234633
f -3 -2 -1
v 3.152241 0.000000 -4.234633
v 0.002855 0.000000 -2.869142
v 3.187384 0.000000 -4.154764
f -3 -2 -1
v 0.002855 0.000000 -2.869142
v 0.011416 0.000000 -2.738533
v 3.187384 0.000000 -4.154764
f -3 -2 -1
v 3.187384 0.000000 -4.154764
v 0.011416 0.000000 -2.738533
v 0.025665 0.000000 -2.608422
f -3 -2 -1
v 3.068148 0.000000 -4.482362
v 3.047408 0.000000 -4.567121
v 0.000000 0.000000 -3.000000
f -3 -2 -1
v 3.047408 0.000000 -4.567121
v 3.030385 0.000000 -4.652704
v 0.000000 0.000000 -3.000000
f -3 -2 -1
v 0.000000 0.000000 -3.000000
v 3.030385 0.000000 -4.652704
v 3.017110 0.000000 -4.738948
f -3 -2 -1
v 3.017110 0.000000 -4.738948
v 3.007611 0.000000 -4.825688
v 0.000000 0.000000 -3.000000
f -3 -2 -1
v 3.007611 0.000000 -4.825688
v 3.001904 0.000000 -4.912761
v 0.000000 0.000000 -3.000000
f -3 -2 -1
v 0.000000 0.000000 -3.000000
v 3.001904 0.000000 -4.912761
v 3.000000 0.000000 -5.000000
f -3 -2 -1
v 6.774022 0.000000 -5.923497
v 6.812616 0.000000 -5.845237
v 25.644754 0.000000 -8.500000
f -3 -2 -1
v 6.812616 0.000000 -5.845237
v 6.847759 0.000000 -5.765367
v 25.644754 0.000000 -8.500000
f -3 -2 -1
v 25.644754 0.000000 -8.500000
v 6.847759 0.000000 -5.765367
v 6.879385 0.000000 -5.684041
f -3 -2 -1
v 6.998096 0.000000 -4.912761
v 6.992390 0.000000 -4.825688
v 25.644754 0.000000 0.000000
f -3 -2 -1
v 6.847759 0.000000 -4.234633
v 6.812616 0.000000 -4.154764
v 25.644754 0.000000 0.000000
f -3 -2 -1
v 6.812616 0.000000 -4.154764
v 6.774022 0.000000 -4.076503
v 25.644754 0.000000 0.000000
f -3 -2 -1
v 25.644754 0.000000 0.000000
v 6.774022 0.000000 -4.076503
v 6.732051 0.000000 -4.000000
f -3 -2 -1
v 6.414214 0.000000 -3.585786
v 6.351181 0.000000 -3.525445
v 25.644754 0.000000 0.000000
f -3 -2 -1
v 6.351181 0.000000 -3.525445
v 6.285575 0.000000 -3.467911
v 25.644754 0.000000 0.000000
f -3 -2 -1
v 25.644754 0.000000 0.000000
v 6.285575 0.000000 -3.467911
v 6.217523 0.000000 -3.413293
f -3 -2 -1
v 6.217523 0.000000 -3.413293
v 6.147153 0.000000 -3.361696
v 25.644754 0.000000 0.000000
f -3 -2 -1
v 6.147153 0.000000 -3.361696
v 6.074599 0.000000 -3.313217
v 25.644754 0.000000 0.000000
f -3 -2 -1
v 25.644754 0.000000 0.000000
v 6.074599 0.000000 -3.313217
v 6.000000 0.000000 -3.267949
f -3 -2 -1
v 5.923497 0.000000 -3.225978
v 5.845237 0.000000 -3.187384
v 25.644754 0.000000 0.000000
f -3 -2 -1
v 5.845237 0.000000 -3.187384
v 5.765367 0.000000 -3.152241
v 25.644754 0.000000 0.000000
f -3 -2 -1
v 25.644754 0.000000 0.000000
v 5.765367 0.000000 -3.152241
v 3.000000 0.000000 0.000000
f -3 -2 -1
v 5.765367 0.000000 -3.152241
v 5.684041 0.000000 -3.120615
v 3.000000 0.000000 0.000000
f -3 -2 -1
v 3.000000 0.000000 0.000000
v 5.684041 0.000000 -3.120615
v 5.601412 0.000000 -3.092566
f -3 -2 -1
v 3.000000 0.000000 -5.000000
v 3.001904 0.000000 -5.087239
v 0.000000 0.000000 -3.000000
f -3 -2 -1
v 3.001904 0.000000 -5.087239
v 3.007611 0.000000 -5.174311
v 0.000000 0.000000 -3.000000
f -3 -2 -1
v 0.000000 0.000000 -3.000000
v 3.007611 0.000000 -5.174311
v 0.000000 0.000000 -8.500000
f -3 -2 -1
v 3.007611 0.000000 -5.174311
v 3.017110 0.000000 -5.261053
v 0.000000 0.000000 -8.500000
f -3 -2 -1
v 0.000000 0.000000 -8.500000
v 3.017110 0.000000 -5.261053
v 3.030385 0.000000 -5.347296
f -3 -2 -1
v 6.907434 0.000000 -5.601412
v 6.931851 0.000000 -5.517638
v 25.644754 0.000000 -8.500000
f -3 -2 -1
v 6.931851 0.000000 -5.517638
v 6.952592 0.000000 -5.432879
v 25.644754 0.000000 -8.500000
f -3 -2 -1
v 25.644754 0.000000 -8.500000
v 6.952592 0.000000 -5.432879
v 6.969615 0.000000 -5.347296
f -3 -2 -1
v 6.931851 0.000000 -4.482362
v 6.907434 0.000000 -4.398589
v 25.644754 0.000000 0.000000
f -3 -2 -1
v 6.907434 0.000000 -4.398589
v 6.879385 0.000000 -4.315960
v 25.644754 0.000000 0.000000
f -3 -2 -1
v 25.644754 0.000000 0.000000
v 6.879385 0.000000 -4.315960
v 6.847759 0.000000 -4.234633
f -3 -2 -1
v 6.969615 0.000000 -5.347296
v 6.982890 0.000000 -5.261053
v 25.644754 0.000000 -8.500000
f -3 -2 -1
v 6.982890 0.000000 -5.261053
v 6.992390 0.000000 -5.174311
v 25.644754 0.000000 -8.500000
f -3 -2 -1
v 25.644754 0.000000 -8.500000
v 6.992390 0.000000 -5.174311
v 6.998096 0.000000 -5.087239
f -3 -2 -1
v 6.998096 0.000000 -4.912761
v 25.644754 0.000000 0.000000
v 7.000000 0.000000 -5.000000
f -3 -2 -1
v 6.992390 0.000000 -4.825688
v 6.982890 0.000000 -4.738948
v 25.644754 0.000000 0.000000
f -3 -2 -1
v 6.982890 0.000000 -4.738948
v 6.969615 0.000000 -4.652704
v 25.644754 0.000000 0.000000
f -3 -2 -1
v 25.644754 0.000000 0.000000
v 6.969615 0.000000 -4.652704
v 6.952592 0.000000 -4.567121
f -3 -2 -1
v 0.763777 -0.000000 -123.336365
v 0.722246 -0.000000 -123.325325
v 0.000000 0.000000 -122.364670
f -3 -2 -1
v 1.845706 0.000000 -122.898315
v 0.848070 -0.000000 -123.353065
v 7.162917 -0.000000 -114.069641
f -3 -2 -1
v 0.000000 0.000000 -122.364670
v 0.000000 0.000000 -113.875107
v 1.800000 0.000000 -119.197716
f -3 -2 -1
v 1.355282 -0.000000 -123.299431
v 1.314792 -0.000000 -123.313828
v 1.845706 0.000000 -122.898315
f -3 -2 -1
v 1.845706 0.000000 -122.898315
v 1.190139 -0.000000 -123.346428
v 1.147782 -0.000000 -123.353691
f -3 -2 -1
v 0.722246 -0.000000 -123.325325
v 0.681229 -0.000000 -123.312500
v 0.000000 0.000000 -122.364670
f -3 -2 -1
v 0.681229 -0.000000 -123.312500
v 0.640800 -0.000000 -123.297928
v 0.000000 0.000000 -122.364670
f -3 -2 -1
v 0.000000 0.000000 -122.364670
v 0.640800 -0.000000 -123.297928
v 0.601034 -0.000000 -123.281639
f -3 -2 -1
v 1.581917 -0.000000 -123.177917
v 1.546439 -0.000000 -123.202164
v 1.845706 0.000000 -122.898315
f -3 -2 -1
v 1.546439 -0.000000 -123.202164
v 1.509951 -0.000000 -123.224876
v 1.845706 0.000000 -122.898315
f -3 -2 -1
v 1.845706 0.000000 -122.898315
v 1.509951 -0.000000 -123.224876
v 1.472522 -0.000000 -123.245995
f -3 -2 -1
v 1.314792 -0.000000 -123.313828
v 1.273721 -0.000000 -123.326477
v 1.845706 0.000000 -122.898315
f -3 -2 -1
v 1.273721 -0.000000 -123.326477
v 1.232144 -0.000000 -123.337349
v 1.845706 0.000000 -122.898315
f -3 -2 -1
v 1.845706 0.000000 -122.898315
v 1.232144 -0.000000 -123.337349
v 1.190139 -0.000000 -123.346428
f -3 -2 -1
v 1.147782 -0.000000 -123.353691
v 1.105153 -0.000000 -123.359131
v 1.845706 0.000000 -122.898315
f -3 -2 -1
v 1.105153 -0.000000 -123.359131
v 1.062329 -0.000000 -123.362724
v 1.845706 0.000000 -122.898315
f -3 -2 -1
v 1.845706 0.000000 -122.898315
v 1.062329 -0.000000 -123.362724
v 1.019390 -0.000000 -123.364487
f -3 -2 -1
v 1.019390 -0.000000 -123.364487
v 0.976415 -0.000000 -123.364388
v 1.845706 0.000000 -122.898315
f -3 -2 -1
v 0.976415 -0.000000 -123.364388
v 0.933484 -0.000000 -123.362457
v 1.845706 0.000000 -122.898315
f -3 -2 -1
v 1.845706 0.000000 -122.898315
v 0.933484 -0.000000 -123.362457
v 0.890676 -0.000000 -123.358673
f -3 -2 -1
v 0.000000 0.000000 -122.364670
v 0.486445 -0.000000 -123.222725
v 0.450053 -0.000000 -123.199875
f -3 -2 -1
v 1.845706 0.000000 -122.898315
v 1.821997 -0.000000 -122.934166
v 1.581917 -0.000000 -123.177917
f -3 -2 -1
v 1.821997 -0.000000 -122.934166
v 1.796770 -0.000000 -122.968956
v 1.581917 -0.000000 -123.177917
f -3 -2 -1
v 1.581917 -0.000000 -123.177917
v 1.796770 -0.000000 -122.968956
v 1.616321 -0.000000 -123.152168
f -3 -2 -1
v 1.796770 -0.000000 -122.968956
v 1.649586 -0.000000 -123.124954
v 1.616321 -0.000000 -123.152168
f -3 -2 -1
v 1.472522 -0.000000 -123.245995
v 1.434220 -0.000000 -123.265472
v 1.845706 0.000000 -122.898315
f -3 -2 -1
v 1.434220 -0.000000 -123.265472
v 1.395116 -0.000000 -123.283302
v 1.845706 0.000000 -122.898315
f -3 -2 -1
v 1.845706 0.000000 -122.898315
v 1.395116 -0.000000 -123.283302
v 1.355282 -0.000000 -123.299431
f -3 -2 -1
v 0.601034 -0.000000 -123.281639
v 0.562005 -0.000000 -123.263649
v 0.000000 0.000000 -122.364670
f -3 -2 -1
v 0.562005 -0.000000 -123.263649
v 0.523785 -0.000000 -123.244003
v 0.000000 0.000000 -122.364670
f -3 -2 -1
v 0.000000 0.000000 -122.364670
v 0.523785 -0.000000 -123.244003
v 0.486445 -0.000000 -123.222725
f -3 -2 -1
v 0.450053 -0.000000 -123.199875
v 0.414676 -0.000000 -123.175468
v 0.000000 0.000000 -122.364670
f -3 -2 -1
v 0.414676 -0.000000 -123.175468
v 0.380381 -0.000000 -123.149574
v 0.000000 0.000000 -122.364670
f -3 -2 -1
v 0.000000 0.000000 -122.364670
v 0.380381 -0.000000 -123.149574
v 0.347230 -0.000000 -123.122223
f -3 -2 -1
v 0.347230 -0.000000 -123.122223
v 0.315284 -0.000000 -123.093475
v 0.000000 0.000000 -122.364670
f -3 -2 -1
v 0.315284 -0.000000 -123.093475
v 0.284603 -0.000000 -123.063385
v 0.000000 0.000000 -122.364670
f -3 -2 -1
v 0.000000 0.000000 -122.364670
v 0.284603 -0.000000 -123.063385
v 0.255244 -0.000000 -123.032005
f -3 -2 -1
v 0.003692 -0.000000 -122.450523
v 0.000923 -0.000000 -122.407639
v 0.130070 -0.000000 -122.857849
f -3 -2 -1
v 0.000923 -0.000000 -122.407639
v 0.000000 0.000000 -122.364670
v 0.130070 -0.000000 -122.857849
f -3 -2 -1
v 0.130070 -0.000000 -122.857849
v 0.000000 0.000000 -122.364670
v 0.152063 -0.000000 -122.894760
f -3 -2 -1
v 0.000000 0.000000 -122.364670
v 0.175621 -0.000000 -122.930702
v 0.152063 -0.000000 -122.894760
f -3 -2 -1
v 0.255244 -0.000000 -123.032005
v 0.227259 -0.000000 -122.999390
v 0.000000 0.000000 -122.364670
f -3 -2 -1
v 0.227259 -0.000000 -122.999390
v 0.200702 -0.000000 -122.965607
v 0.000000 0.000000 -122.364670
f -3 -2 -1
v 0.000000 0.000000 -122.364670
v 0.200702 -0.000000 -122.965607
v 0.175621 -0.000000 -122.930702
f -3 -2 -1
v 0.130070 -0.000000 -122.857849
v 0.109684 -0.000000 -122.820015
v 0.003692 -0.000000 -122.450523
f -3 -2 -1
v 0.109684 -0.000000 -122.820015
v 0.090943 -0.000000 -122.781342
v 0.003692 -0.000000 -122.450523
f -3 -2 -1
v 0.003692 -0.000000 -122.450523
v 0.090943 -0.000000 -122.781342
v 0.008300 -0.000000 -122.493248
f -3 -2 -1
v 0.090943 -0.000000 -122.781342
v 0.014741 -0.000000 -122.535736
v 0.008300 -0.000000 -122.493248
f -3 -2 -1
v 0.044914 -0.000000 -122.661003
v 0.033064 -0.000000 -122.619690
v 0.058528 -0.000000 -122.701767
f -3 -2 -1
v 0.033064 -0.000000 -122.619690
v 0.073880 -0.000000 -122.741898
v 0.058528 -0.000000 -122.701767
f -3 -2 -1
v 1.796770 -0.000000 -122.968956
v 1.770071 -0.000000 -123.002625
v 1.649586 -0.000000 -123.124954
f -3 -2 -1
v 1.770071 -0.000000 -123.002625
v 1.741950 -0.000000 -123.035126
v 1.649586 -0.000000 -123.124954
f -3 -2 -1
v 1.649586 -0.000000 -123.124954
v 1.741950 -0.000000 -123.035126
v 1.681652 -0.000000 -123.096344
f -3 -2 -1
v 1.741950 -0.000000 -123.035126
v 1.712459 -0.000000 -123.066383
v 1.681652 -0.000000 -123.096344
f -3 -2 -1
v 0.073880 -0.000000 -122.741898
v 0.033064 -0.000000 -122.619690
v 0.090943 -0.000000 -122.781342
f -3 -2 -1
v 0.033064 -0.000000 -122.619690
v 0.023000 -0.000000 -122.577911
v 0.090943 -0.000000 -122.781342
f -3 -2 -1
v 0.090943 -0.000000 -122.781342
v 0.023000 -0.000000 -122.577911
v 0.014741 -0.000000 -122.535736
f -3 -2 -1
v 6.404593 0.000000 -109.847748
v 1.800000 0.000000 -102.477142
v 1.800000 0.000000 -100.212257
f -3 -2 -1
v 12.107889 -0.000000 -105.027214
v 7.162917 -0.000000 -114.069641
v 7.010340 0.000000 -108.552490
f -3 -2 -1
v 1.800000 0.000000 -90.126244
v 1.800000 0.000000 -100.212257
v 0.000000 0.000000 -101.423584
f -3 -2 -1
v 1.800000 0.000000 -100.212257
v 1.800000 0.000000 -102.477142
v 0.000000 0.000000 -101.423584
f -3 -2 -1
v 0.000000 0.000000 -101.423584
v 1.800000 0.000000 -102.477142
v 0.000000 0.000000 -113.875107
f -3 -2 -1
v 1.800000 0.000000 -102.477142
v 1.800000 0.000000 -113.875107
v 0.000000 0.000000 -113.875107
f -3 -2 -1
v 0.000000 0.000000 -113.875107
v 1.800000 0.000000 -113.875107
v 1.800000 0.000000 -119.197716
f -3 -2 -1
v 1.800000 0.000000 -100.212257
v 7.010340 0.000000 -108.552490
v 6.404593 0.000000 -109.847748
f -3 -2 -1
v 7.010340 0.000000 -108.552490
v 7.162917 -0.000000 -114.069641
v 6.404593 0.000000 -109.847748
f -3 -2 -1
v 6.404593 0.000000 -109.847748
v 7.162917 -0.000000 -114.069641
v 1.800000 0.000000 -119.197716
f -3 -2 -1
v 7.162917 -0.000000 -114.069641
v 0.848070 -0.000000 -123.353065
v 1.800000 0.000000 -119.197716
f -3 -2 -1
v 1.800000 0.000000 -119.197716
v 0.848070 -0.000000 -123.353065
v 0.000000 0.000000 -122.364670
f -3 -2 -1
v 0.848070 -0.000000 -123.353065
v 0.805744 -0.000000 -123.345619
v 0.000000 0.000000 -122.364670
f -3 -2 -1
v 0.000000 0.000000 -122.364670
v 0.805744 -0.000000 -123.345619
v 0.763777 -0.000000 -123.336365
f -3 -2 -1
v 0.000000 0.000000 -101.423584
v 0.000000 0.000000 -87.635147
v 1.800000 0.000000 -90.126244
f -3 -2 -1
v 0.000000 0.000000 -87.635147
v 1.800000 0.000000 -88.073891
v 1.800000 0.000000 -90.126244
f -3 -2 -1
v 1.800000 0.000000 -90.126244
v 1.800000 0.000000 -88.073891
v 10.108701 0.000000 -101.654388
f -3 -2 -1
v 1.800000 0.000000 -88.073891
v 10.662220 0.000000 -100.370033
v 10.108701 0.000000 -101.654388
f -3 -2 -1
v 16.223970 0.000000 -86.403404
v 20.847471 -0.000000 -86.364189
v 13.866414 0.000000 -92.579681
f -3 -2 -1
v 20.847471 -0.000000 -86.364189
v 16.672047 -0.000000 -95.786720
v 13.866414 0.000000 -92.579681
f -3 -2 -1
v 23.807467 0.000000 -78.957275
v 19.171513 0.000000 -78.025391
v 24.626919 -0.000000 -76.775970
f -3 -2 -1
v 19.171513 0.000000 -78.025391
v 20.868191 0.000000 -72.797913
v 24.626919 -0.000000 -76.775970
f -3 -2 -1
v 24.626919 -0.000000 -76.775970
v 20.868191 0.000000 -72.797913
v 25.687456 0.000000 -73.855865
f -3 -2 -1
v 20.868191 0.000000 -72.797913
v 25.644754 0.000000 -70.937248
v 25.687456 0.000000 -73.855865
f -3 -2 -1
v 25.687456 0.000000 -73.855865
v 25.644754 0.000000 -70.937248
v 26.700487 0.000000 -70.954140
f -3 -2 -1
v 25.644754 0.000000 -70.937248
v 27.220219 0.000000 -69.418762
v 26.700487 0.000000 -70.954140
f -3 -2 -1
v 32.465580 0.000000 -50.920654
v 32.516083 0.000000 -51.346886
v 31.729963 0.000000 -54.383240
f -3 -2 -1
v 33.559353 -0.000000 -47.059994
v 33.527351 0.000000 -47.184723
v 32.911129 0.000000 -44.918316
f -3 -2 -1
v 33.527351 0.000000 -47.184723
v 32.949188 0.000000 -49.602558
v 32.911129 0.000000 -44.918316
f -3 -2 -1
v 32.911129 0.000000 -44.918316
v 32.949188 0.000000 -49.602558
v 32.465580 0.000000 -50.920654
f -3 -2 -1
v 32.949188 0.000000 -49.602558
v 32.620037 0.000000 -50.933117
v 32.465580 0.000000 -50.920654
f -3 -2 -1
v 32.465580 0.000000 -50.920654
v 32.620037 0.000000 -50.933117
v 32.516083 0.000000 -51.346886
f -3 -2 -1
v 7.010340 0.000000 -108.552490
v 10.108701 0.000000 -101.654388
v 12.107889 -0.000000 -105.027214
f -3 -2 -1
v 10.108701 0.000000 -101.654388
v 10.662220 0.000000 -100.370033
v 12.107889 -0.000000 -105.027214
f -3 -2 -1
v 12.107889 -0.000000 -105.027214
v 10.662220 0.000000 -100.370033
v 16.672047 -0.000000 -95.786720
f -3 -2 -1
v 10.662220 0.000000 -100.370033
v 13.360944 0.000000 -93.851807
v 16.672047 -0.000000 -95.786720
f -3 -2 -1
v 16.672047 -0.000000 -95.786720
v 13.360944 0.000000 -93.851807
v 13.866414 0.000000 -92.579681
f -3 -2 -1
v 13.360944 0.000000 -93.851807
v 1.800000 0.000000 -77.977806
v 13.866414 0.000000 -92.579681
f -3 -2 -1
v 0.000000 0.000000 -78.943504
v 1.800000 0.000000 -79.861618
v 0.000000 0.000000 -87.635147
f -3 -2 -1
v 1.800000 0.000000 -79.861618
v 1.800000 0.000000 -87.635147
v 0.000000 0.000000 -87.635147
f -3 -2 -1
v 0.000000 0.000000 -87.635147
v 1.800000 0.000000 -87.635147
v 1.800000 0.000000 -88.073891
f -3 -2 -1
v 23.807467 0.000000 -78.957275
v 20.847471 -0.000000 -86.364189
v 16.685268 0.000000 -85.144051
f -3 -2 -1
v 20.847471 -0.000000 -86.364189
v 16.223970 0.000000 -86.403404
v 16.685268 0.000000 -85.144051
f -3 -2 -1
v 16.685268 0.000000 -85.144051
v 16.223970 0.000000 -86.403404
v 1.800000 0.000000 -69.379364
f -3 -2 -1
v 16.223970 0.000000 -86.403404
v 1.800000 0.000000 -71.127274
v 1.800000 0.000000 -69.379364
f -3 -2 -1
v 13.360944 0.000000 -93.851807
v 1.800000 0.000000 -79.861618
v 1.800000 0.000000 -77.977806
f -3 -2 -1
v 1.800000 0.000000 -79.861618
v 0.000000 0.000000 -78.943504
v 1.800000 0.000000 -77.977806
f -3 -2 -1
v 1.800000 0.000000 -77.977806
v 0.000000 0.000000 -78.943504
v 1.800000 0.000000 -71.127274
f -3 -2 -1
v 0.000000 0.000000 -78.943504
v 0.000000 0.000000 -70.937248
v 1.800000 0.000000 -71.127274
f -3 -2 -1
v 1.800000 0.000000 -71.127274
v 0.000000 0.000000 -70.937248
v 1.800000 0.000000 -69.379364
f -3 -2 -1
v 0.000000 0.000000 -70.937248
v 0.000000 0.000000 -67.255699
v 1.800000 0.000000 -69.379364
f -3 -2 -1
v 0.000000 0.000000 -50.920654
v 1.800000 0.000000 -63.544594
v 0.000000 0.000000 -67.255699
f -3 -2 -1
v 1.800000 0.000000 -63.544594
v 1.800000 0.000000 -67.255699
v 0.000000 0.000000 -67.255699
f -3 -2 -1
v 0.000000 0.000000 -67.255699
v 1.800000 0.000000 -67.255699
v 1.800000 0.000000 -69.379364
f -3 -2 -1
v 24.827629 0.000000 -59.035709
v 25.644754 0.000000 -67.255699
v 23.548916 0.000000 -63.764175
f -3 -2 -1
v 25.644754 0.000000 -67.255699
v 22.974243 0.000000 -65.792961
v 23.548916 0.000000 -63.764175
f -3 -2 -1
v 23.548916 0.000000 -63.764175
v 22.974243 0.000000 -65.792961
v 1.800000 0.000000 -48.936722
f -3 -2 -1
v 22.974243 0.000000 -65.792961
v 1.800000 0.000000 -51.357292
v 1.800000 0.000000 -48.936722
f -3 -2 -1
v 1.800000 0.000000 -48.936722
v 1.800000 0.000000 -51.357292
v 0.000000 0.000000 -50.920654
f -3 -2 -1
v 1.800000 0.000000 -51.357292
v 1.800000 0.000000 -55.034267
v 0.000000 0.000000 -50.920654
f -3 -2 -1
v 16.685268 0.000000 -85.144051
v 18.750858 0.000000 -79.272064
v 23.807467 0.000000 -78.957275
f -3 -2 -1
v 18.750858 0.000000 -79.272064
v 18.396744 0.000000 -78.943504
v 23.807467 0.000000 -78.957275
f -3 -2 -1
v 23.807467 0.000000 -78.957275
v 18.396744 0.000000 -78.943504
v 19.171513 0.000000 -78.025391
f -3 -2 -1
v 18.396744 0.000000 -78.943504
v 9.767707 0.000000 -70.937248
v 19.171513 0.000000 -78.025391
f -3 -2 -1
v 19.171513 0.000000 -78.025391
v 9.767707 0.000000 -70.937248
v 7.564079 0.000000 -67.255699
f -3 -2 -1
v 9.767707 0.000000 -70.937248
v 5.799783 0.000000 -67.255699
v 7.564079 0.000000 -67.255699
f -3 -2 -1
v 7.564079 0.000000 -67.255699
v 5.799783 0.000000 -67.255699
v 1.800000 0.000000 -61.907631
f -3 -2 -1
v 5.799783 0.000000 -67.255699
v 1.800000 0.000000 -63.544594
v 1.800000 0.000000 -61.907631
f -3 -2 -1
v 1.800000 0.000000 -63.544594
v 0.000000 0.000000 -50.920654
v 1.800000 0.000000 -61.907631
f -3 -2 -1
v 1.800000 0.000000 -61.907631
v 0.000000 0.000000 -50.920654
v 1.800000 0.000000 -57.592312
f -3 -2 -1
v 0.000000 0.000000 -50.920654
v 1.800000 0.000000 -55.034267
v 1.800000 0.000000 -57.592312
f -3 -2 -1
v 1.800000 0.000000 -57.592312
v 1.800000 0.000000 -55.034267
v 20.868191 0.000000 -72.797913
f -3 -2 -1
v 1.800000 0.000000 -55.034267
v 21.504438 0.000000 -70.747223
v 20.868191 0.000000 -72.797913
f -3 -2 -1
v 20.868191 0.000000 -72.797913
v 21.504438 0.000000 -70.747223
v 25.644754 0.000000 -70.937248
f -3 -2 -1
v 21.504438 0.000000 -70.747223
v 25.644754 0.000000 -67.255699
v 25.644754 0.000000 -70.937248
f -3 -2 -1
v 25.644754 0.000000 -70.937248
v 25.644754 0.000000 -67.255699
v 27.220219 0.000000 -69.418762
f -3 -2 -1
v 1.800000 0.000000 -40.603497
v 1.800000 0.000000 -43.047668
v 0.000000 0.000000 -43.047668
f -3 -2 -1
v 1.800000 0.000000 -43.047668
v 1.800000 0.000000 -43.431923
v 0.000000 0.000000 -43.047668
f -3 -2 -1
v 0.000000 0.000000 -43.047668
v 1.800000 0.000000 -43.431923
v 0.000000 0.000000 -44.918316
f -3 -2 -1
v 0.000000 0.000000 -43.047668
v 0.000000 0.000000 -37.908504
v 1.800000 0.000000 -40.603497
f -3 -2 -1
v 0.000000 0.000000 -37.908504
v 1.800000 0.000000 -38.383682
v 1.800000 0.000000 -40.603497
f -3 -2 -1
v 1.800000 0.000000 -40.603497
v 1.800000 0.000000 -38.383682
v 6.875587 0.000000 -43.047668
f -3 -2 -1
v 1.800000 0.000000 -38.383682
v 11.485276 0.000000 -43.047668
v 6.875587 0.000000 -43.047668
f -3 -2 -1
v 11.485276 0.000000 -43.047668
v 15.369885 0.000000 -44.918316
v 6.875587 0.000000 -43.047668
f -3 -2 -1
v 6.875587 0.000000 -43.047668
v 15.369885 0.000000 -44.918316
v 10.760197 0.000000 -44.918316
f -3 -2 -1
v 15.369885 0.000000 -44.918316
v 23.224710 0.000000 -50.920654
v 10.760197 0.000000 -44.918316
f -3 -2 -1
v 26.461880 0.000000 -52.479527
v 27.182903 0.000000 -50.920654
v 27.182903 0.000000 -67.255699
f -3 -2 -1
v 26.461880 0.000000 -52.479527
v 27.182903 0.000000 -67.255699
v 25.345755 0.000000 -57.025463
f -3 -2 -1
v 0.000000 0.000000 -50.920654
v 0.000000 0.000000 -44.918316
v 1.800000 0.000000 -45.741302
f -3 -2 -1
v 0.000000 0.000000 -44.918316
v 1.800000 0.000000 -43.431923
v 1.800000 0.000000 -45.741302
f -3 -2 -1
v 1.800000 0.000000 -45.741302
v 1.800000 0.000000 -43.431923
v 24.827629 0.000000 -59.035709
f -3 -2 -1
v 1.800000 0.000000 -43.431923
v 25.345755 0.000000 -57.025463
v 24.827629 0.000000 -59.035709
f -3 -2 -1
v 24.827629 0.000000 -59.035709
v 25.345755 0.000000 -57.025463
v 25.644754 0.000000 -67.255699
f -3 -2 -1
v 25.345755 0.000000 -57.025463
v 27.182903 0.000000 -67.255699
v 25.644754 0.000000 -67.255699
f -3 -2 -1
v 25.644754 0.000000 -67.255699
v 27.182903 0.000000 -67.255699
v 27.220219 0.000000 -69.418762
f -3 -2 -1
v 27.182903 0.000000 -67.255699
v 27.932993 0.000000 -67.257233
v 27.220219 0.000000 -69.418762
f -3 -2 -1
v 23.224710 0.000000 -50.920654
v 15.369885 0.000000 -44.918316
v 25.644754 0.000000 -50.920654
f -3 -2 -1
v 15.369885 0.000000 -44.918316
v 25.644754 0.000000 -49.866222
v 25.644754 0.000000 -50.920654
f -3 -2 -1
v 25.644754 0.000000 -50.920654
v 25.644754 0.000000 -49.866222
v 26.927670 0.000000 -50.484016
f -3 -2 -1
v 0.000000 0.000000 -33.721882
v 1.800000 0.000000 -35.835602
v 0.000000 0.000000 -37.908504
f -3 -2 -1
v 1.800000 0.000000 -35.835602
v 1.800000 0.000000 -37.908504
v 0.000000 0.000000 -37.908504
f -3 -2 -1
v 0.000000 0.000000 -37.908504
v 1.800000 0.000000 -37.908504
v 1.800000 0.000000 -38.383682
f -3 -2 -1
v 25.644754 0.000000 -43.045090
v 25.644754 0.000000 -43.047668
v 12.556418 0.000000 -37.908504
f -3 -2 -1
v 27.903925 0.000000 -46.080219
v 27.182903 0.000000 -45.797253
v 27.182903 0.000000 -44.918316
f -3 -2 -1
v 27.182903 0.000000 -45.797253
v 25.644754 0.000000 -45.193592
v 27.182903 0.000000 -44.918316
f -3 -2 -1
v 27.182903 0.000000 -44.918316
v 25.644754 0.000000 -45.193592
v 25.644754 0.000000 -44.918316
f -3 -2 -1
v 25.644754 0.000000 -45.193592
v 24.943325 0.000000 -44.918316
v 25.644754 0.000000 -44.918316
f -3 -2 -1
v 25.644754 0.000000 -44.918316
v 24.943325 0.000000 -44.918316
v 20.176794 0.000000 -43.047668
f -3 -2 -1
v 31.688030 0.000000 -44.918316
v 31.688030 0.000000 -50.920654
v 26.927670 0.000000 -50.484016
f -3 -2 -1
v 31.688030 0.000000 -50.920654
v 27.182903 0.000000 -50.920654
v 26.927670 0.000000 -50.484016
f -3 -2 -1
v 26.927670 0.000000 -50.484016
v 27.182903 0.000000 -50.920654
v 25.644754 0.000000 -50.920654
f -3 -2 -1
v 27.182903 0.000000 -50.920654
v 26.461880 0.000000 -52.479527
v 25.644754 0.000000 -50.920654
f -3 -2 -1
v 25.644754 0.000000 -50.920654
v 26.461880 0.000000 -52.479527
v 25.644754 0.000000 -52.086037
f -3 -2 -1
v 27.182903 0.000000 -43.648743
v 28.320845 0.000000 -44.095333
v 27.182903 0.000000 -44.918316
f -3 -2 -1
v 28.320845 0.000000 -44.095333
v 31.688030 0.000000 -44.918316
v 27.182903 0.000000 -44.918316
f -3 -2 -1
v 27.182903 0.000000 -44.918316
v 31.688030 0.000000 -44.918316
v 27.903925 0.000000 -46.080219
f -3 -2 -1
v 31.688030 0.000000 -44.918316
v 26.927670 0.000000 -50.484016
v 27.903925 0.000000 -46.080219
f -3 -2 -1
v 27.182903 0.000000 -43.648743
v 27.182903 0.000000 -44.918316
v 25.651325 0.000000 -43.047668
f -3 -2 -1
v 27.182903 0.000000 -44.918316
v 25.644754 0.000000 -44.918316
v 25.651325 0.000000 -43.047668
f -3 -2 -1
v 25.651325 0.000000 -43.047668
v 25.644754 0.000000 -44.918316
v 25.644754 0.000000 -43.047668
f -3 -2 -1
v 25.644754 0.000000 -44.918316
v 20.176794 0.000000 -43.047668
v 25.644754 0.000000 -43.047668
f -3 -2 -1
v 25.644754 0.000000 -43.047668
v 20.176794 0.000000 -43.047668
v 12.556418 0.000000 -37.908504
f -3 -2 -1
v 20.176794 0.000000 -43.047668
v 7.081889 0.000000 -37.908504
v 12.556418 0.000000 -37.908504
f -3 -2 -1
v 12.556418 0.000000 -37.908504
v 7.081889 0.000000 -37.908504
v 1.888651 0.000000 -33.721882
f -3 -2 -1
v 7.081889 0.000000 -37.908504
v 1.800000 0.000000 -35.835602
v 1.888651 0.000000 -33.721882
f -3 -2 -1
v 1.800000 0.000000 -35.835602
v 0.000000 0.000000 -33.721882
v 1.888651 0.000000 -33.721882
f -3 -2 -1
v 1.888651 0.000000 -33.721882
v 0.000000 0.000000 -33.721882
v 1.800000 0.000000 -33.687092
f -3 -2 -1
v 0.000000 0.000000 -33.721882
v 1.800000 0.000000 -31.351839
v 1.800000 0.000000 -33.687092
f -3 -2 -1
v 0.000000 0.000000 -26.255507
v 1.800000 0.000000 -27.082140
v 1.800000 0.000000 -29.258858
f -3 -2 -1
v 0.000000 0.000000 -33.721882
v 0.000000 0.000000 -26.255507
v 1.800000 0.000000 -31.351839
f -3 -2 -1
v 0.000000 0.000000 -26.255507
v 1.800000 0.000000 -29.258858
v 1.800000 0.000000 -31.351839
f -3 -2 -1
v 1.800000 0.000000 -31.351839
v 1.800000 0.000000 -29.258858
v 9.483807 0.000000 -33.721882
f -3 -2 -1
v 1.800000 0.000000 -29.258858
v 16.269342 0.000000 -33.721882
v 9.483807 0.000000 -33.721882
f -3 -2 -1
v 9.483807 0.000000 -33.721882
v 16.269342 0.000000 -33.721882
v 23.057028 0.000000 -37.908504
f -3 -2 -1
v 16.269342 0.000000 -33.721882
v 25.644754 0.000000 -37.908504
v 23.057028 0.000000 -37.908504
f -3 -2 -1
v 23.057028 0.000000 -37.908504
v 25.644754 0.000000 -37.908504
v 25.644754 0.000000 -38.706680
f -3 -2 -1
v 25.644754 0.000000 -37.908504
v 27.182903 0.000000 -37.908504
v 25.644754 0.000000 -38.706680
f -3 -2 -1
v 25.644754 0.000000 -38.706680
v 27.182903 0.000000 -37.908504
v 27.182903 0.000000 -39.181118
f -3 -2 -1
v 27.182903 0.000000 -39.181118
v 27.182903 0.000000 -37.908504
v 29.175138 0.000000 -39.795620
f -3 -2 -1
v 27.182903 0.000000 -37.908504
v 31.688030 0.000000 -37.908504
v 29.175138 0.000000 -39.795620
f -3 -2 -1
v 29.175138 0.000000 -39.795620
v 31.688030 0.000000 -37.908504
v 28.320845 0.000000 -44.095333
f -3 -2 -1
v 31.688030 0.000000 -37.908504
v 31.688030 0.000000 -43.047668
v 28.320845 0.000000 -44.095333
f -3 -2 -1
v 28.320845 0.000000 -44.095333
v 31.688030 0.000000 -43.047668
v 31.688030 0.000000 -44.918316
f -3 -2 -1
v 16.269342 0.000000 -33.721882
v 25.644754 0.000000 -36.613701
v 25.644754 0.000000 -37.908504
f -3 -2 -1
v 25.644754 0.000000 -36.613701
v 27.182903 0.000000 -37.088142
v 25.644754 0.000000 -37.908504
f -3 -2 -1
v 25.644754 0.000000 -37.908504
v 27.182903 0.000000 -37.088142
v 27.182903 0.000000 -37.908504
f -3 -2 -1
v 27.182903 0.000000 -37.088142
v 29.545931 0.000000 -37.817009
v 27.182903 0.000000 -37.908504
f -3 -2 -1
v 27.182903 0.000000 -37.908504
v 29.545931 0.000000 -37.817009
v 31.688030 0.000000 -37.908504
f -3 -2 -1
v 29.545931 0.000000 -37.817009
v 31.688030 0.000000 -33.721882
v 31.688030 0.000000 -37.908504
f -3 -2 -1
v 7.166392 0.000000 -26.255507
v 25.644754 0.000000 -30.472910
v 25.644754 0.000000 -32.524342
f -3 -2 -1
v 25.644754 0.000000 -30.472910
v 27.182903 0.000000 -30.823969
v 25.644754 0.000000 -32.524342
f -3 -2 -1
v 25.644754 0.000000 -32.524342
v 27.182903 0.000000 -30.823969
v 30.292091 0.000000 -33.585022
f -3 -2 -1
v 31.267159 0.000000 -27.408640
v 31.688030 0.000000 -26.255507
v 31.688030 0.000000 -33.721882
f -3 -2 -1
v 30.292091 0.000000 -33.585022
v 27.182903 0.000000 -30.823969
v 31.688030 0.000000 -33.721882
f -3 -2 -1
v 27.182903 0.000000 -30.823969
v 30.618839 0.000000 -31.608168
v 31.688030 0.000000 -33.721882
f -3 -2 -1
v 31.688030 0.000000 -33.721882
v 30.618839 0.000000 -31.608168
v 31.267159 0.000000 -27.408640
f -3 -2 -1
v 0.000000 0.000000 -26.255507
v 0.000000 0.000000 -21.103415
v 1.800000 0.000000 -22.967346
f -3 -2 -1
v 25.644754 0.000000 -32.524342
v 1.800000 0.000000 -27.082140
v 7.166392 0.000000 -26.255507
f -3 -2 -1
v 1.800000 0.000000 -27.082140
v 0.000000 0.000000 -26.255507
v 7.166392 0.000000 -26.255507
f -3 -2 -1
v 7.166392 0.000000 -26.255507
v 0.000000 0.000000 -26.255507
v 1.800000 0.000000 -25.030710
f -3 -2 -1
v 0.000000 0.000000 -26.255507
v 1.800000 0.000000 -22.967346
v 1.800000 0.000000 -25.030710
f -3 -2 -1
v 31.267159 0.000000 -27.408640
v 27.182903 0.000000 -26.793058
v 27.182903 0.000000 -26.255507
f -3 -2 -1
v 27.182903 0.000000 -26.793058
v 25.644754 0.000000 -26.561228
v 27.182903 0.000000 -26.255507
f -3 -2 -1
v 27.182903 0.000000 -26.255507
v 25.644754 0.000000 -26.561228
v 25.644754 0.000000 -26.255507
f -3 -2 -1
v 25.644754 0.000000 -26.561228
v 23.616339 0.000000 -26.255507
v 25.644754 0.000000 -26.255507
f -3 -2 -1
v 31.551287 0.000000 -25.428873
v 27.182903 0.000000 -26.255507
v 27.182903 0.000000 -24.770470
f -3 -2 -1
v 27.182903 0.000000 -26.255507
v 25.644754 0.000000 -26.255507
v 27.182903 0.000000 -24.770470
f -3 -2 -1
v 27.182903 0.000000 -24.770470
v 25.644754 0.000000 -26.255507
v 25.644754 0.000000 -24.538639
f -3 -2 -1
v 25.644754 0.000000 -26.255507
v 23.616339 0.000000 -26.255507
v 25.644754 0.000000 -24.538639
f -3 -2 -1
v 25.644754 0.000000 -24.538639
v 23.616339 0.000000 -26.255507
v 2.852661 0.000000 -21.103415
f -3 -2 -1
v 23.616339 0.000000 -26.255507
v 1.800000 0.000000 -22.967346
v 2.852661 0.000000 -21.103415
f -3 -2 -1
v 1.800000 0.000000 -22.967346
v 0.000000 0.000000 -21.103415
v 2.852661 0.000000 -21.103415
f -3 -2 -1
v 2.852661 0.000000 -21.103415
v 0.000000 0.000000 -21.103415
v 1.800000 0.000000 -20.944757
f -3 -2 -1
v 0.000000 0.000000 -21.103415
v 1.800000 0.000000 -18.955679
v 1.800000 0.000000 -20.944757
f -3 -2 -1
v 0.000000 0.000000 -14.000000
v 1.800000 0.000000 -15.000000
v 1.800000 0.000000 -16.950071
f -3 -2 -1
v 0.000000 0.000000 -21.103415
v 0.000000 0.000000 -14.000000
v 1.800000 0.000000 -18.955679
f -3 -2 -1
v 0.000000 0.000000 -14.000000
v 1.800000 0.000000 -16.950071
v 1.800000 0.000000 -18.955679
f -3 -2 -1
v 1.800000 0.000000 -18.955679
v 1.800000 0.000000 -16.950071
v 25.644754 0.000000 -20.742531
f -3 -2 -1
v 1.800000 0.000000 -16.950071
v 25.644754 0.000000 -18.736923
v 25.644754 0.000000 -20.742531
f -3 -2 -1
v 25.644754 0.000000 -20.742531
v 25.644754 0.000000 -18.736923
v 27.182903 0.000000 -18.852186
f -3 -2 -1
v 31.551287 0.000000 -25.428873
v 32.108898 0.000000 -21.226933
v 32.465580 0.000000 -21.103415
f -3 -2 -1
v 32.351200 0.000000 -19.239481
v 31.688030 0.000000 -21.103415
v 31.688030 0.000000 -19.189787
f -3 -2 -1
v 31.688030 0.000000 -21.103415
v 30.460598 0.000000 -21.103415
v 31.688030 0.000000 -19.189787
f -3 -2 -1
v 31.688030 0.000000 -19.189787
v 30.460598 0.000000 -21.103415
v 27.182903 0.000000 -18.852186
f -3 -2 -1
v 30.460598 0.000000 -21.103415
v 27.182903 0.000000 -20.857794
v 27.182903 0.000000 -18.852186
f -3 -2 -1
v 27.182903 0.000000 -18.852186
v 27.182903 0.000000 -20.857794
v 25.644754 0.000000 -20.742531
f -3 -2 -1
v 1.800000 0.000000 -15.000000
v 0.000000 0.000000 -14.000000
v 25.644754 0.000000 -15.000000
f -3 -2 -1
v 0.000000 0.000000 -14.000000
v 25.644754 0.000000 -14.000000
v 25.644754 0.000000 -15.000000
f -3 -2 -1
v 25.644754 0.000000 -15.000000
v 25.644754 0.000000 -14.000000
v 27.182903 0.000000 -15.000000
f -3 -2 -1
v 25.644754 0.000000 -14.000000
v 27.182903 0.000000 -14.000000
v 27.182903 0.000000 -15.000000
f -3 -2 -1
v 27.182903 0.000000 -15.000000
v 27.182903 0.000000 -14.000000
v 31.688030 0.000000 -15.000000
f -3 -2 -1
v 27.182903 0.000000 -14.000000
v 31.688030 0.000000 -14.000000
v 31.688030 0.000000 -15.000000
f -3 -2 -1
v 31.688030 0.000000 -15.000000
v 31.688030 0.000000 -14.000000
v 32.465580 0.000000 -15.000000
f -3 -2 -1
v 31.688030 0.000000 -14.000000
v 32.465580 0.000000 -14.000000
v 32.465580 0.000000 -15.000000
f -3 -2 -1
v 32.465580 0.000000 -15.000000
v 32.465580 0.000000 -14.000000
v 32.822262 0.000000 -15.000000
f -3 -2 -1
v 32.465580 0.000000 -14.000000
v 32.911129 0.000000 -14.000000
v 32.822262 0.000000 -15.000000
f -3 -2 -1
v 32.911129 0.000000 -14.000000
v 32.911129 0.000000 -21.103415
v 32.822262 0.000000 -15.000000
f -3 -2 -1
v 32.822262 0.000000 -15.000000
v 32.911129 0.000000 -21.103415
v 32.351200 0.000000 -19.239481
f -3 -2 -1
v 32.911129 0.000000 -21.103415
v 32.465580 0.000000 -21.103415
v 32.351200 0.000000 -19.239481
f -3 -2 -1
v 32.351200 0.000000 -19.239481
v 32.465580 0.000000 -21.103415
v 31.688030 0.000000 -21.103415
f -3 -2 -1
v 32.465580 0.000000 -21.103415
v 32.108898 0.000000 -21.226933
v 31.688030 0.000000 -21.103415
f -3 -2 -1
v 31.688030 0.000000 -21.103415
v 32.108898 0.000000 -21.226933
v 31.688030 0.000000 -21.195395
f -3 -2 -1
v 32.465580 0.000000 -50.920654
v 32.465580 0.000000 -44.918316
v 32.911129 0.000000 -44.918316
f -3 -2 -1
v 32.465580 0.000000 -44.918316
v 32.465580 0.000000 -43.047668
v 32.911129 0.000000 -44.918316
f -3 -2 -1
v 32.911129 0.000000 -44.918316
v 32.465580 0.000000 -43.047668
v 32.911129 0.000000 -43.047668
f -3 -2 -1
v 32.465580 0.000000 -43.047668
v 32.465580 0.000000 -37.908504
v 32.911129 0.000000 -43.047668
f -3 -2 -1
v 32.911129 0.000000 -43.047668
v 32.465580 0.000000 -37.908504
v 32.911129 0.000000 -37.908504
f -3 -2 -1
v 32.465580 0.000000 -37.908504
v 32.465580 0.000000 -33.721882
v 32.911129 0.000000 -37.908504
f -3 -2 -1
v 32.911129 0.000000 -37.908504
v 32.465580 0.000000 -33.721882
v 32.911129 0.000000 -33.721882
f -3 -2 -1
v 32.465580 0.000000 -33.721882
v 32.465580 0.000000 -26.255507
v 32.911129 0.000000 -33.721882
f -3 -2 -1
v 32.911129 0.000000 -33.721882
v 32.465580 0.000000 -26.255507
v 32.911129 0.000000 -26.255507
f -3 -2 -1
v 28.003836 -0.000000 -67.038681
v 27.182903 0.000000 -67.255699
v 30.972363 -0.000000 -57.169228
f -3 -2 -1
v 27.182903 0.000000 -67.255699
v 27.182903 0.000000 -50.920654
v 30.972363 -0.000000 -57.169228
f -3 -2 -1
v 30.972363 -0.000000 -57.169228
v 27.182903 0.000000 -50.920654
v 31.729963 0.000000 -54.383240
f -3 -2 -1
v 27.182903 0.000000 -50.920654
v 31.688030 0.000000 -50.920654
v 31.729963 0.000000 -54.383240
f -3 -2 -1
v 31.729963 0.000000 -54.383240
v 31.688030 0.000000 -50.920654
v 32.465580 0.000000 -50.920654
f -3 -2 -1
v 31.688030 0.000000 -50.920654
v 31.688030 0.000000 -44.918316
v 32.465580 0.000000 -50.920654
f -3 -2 -1
v 32.465580 0.000000 -50.920654
v 31.688030 0.000000 -44.918316
v 32.465580 0.000000 -44.918316
f -3 -2 -1
v 31.688030 0.000000 -44.918316
v 31.688030 0.000000 -43.047668
v 32.465580 0.000000 -44.918316
f -3 -2 -1
v 32.465580 0.000000 -44.918316
v 31.688030 0.000000 -43.047668
v 32.465580 0.000000 -43.047668
f -3 -2 -1
v 31.688030 0.000000 -43.047668
v 31.688030 0.000000 -37.908504
v 32.465580 0.000000 -43.047668
f -3 -2 -1
v 32.465580 0.000000 -43.047668
v 31.688030 0.000000 -37.908504
v 32.465580 0.000000 -37.908504
f -3 -2 -1
v 31.688030 0.000000 -37.908504
v 31.688030 0.000000 -33.721882
v 32.465580 0.000000 -37.908504
f -3 -2 -1
v 32.465580 0.000000 -37.908504
v 31.688030 0.000000 -33.721882
v 32.465580 0.000000 -33.721882
f -3 -2 -1
v 31.688030 0.000000 -33.721882
v 31.688030 0.000000 -26.255507
v 32.465580 0.000000 -33.721882
f -3 -2 -1
v 32.465580 0.000000 -33.721882
v 31.688030 0.000000 -26.255507
v 32.465580 0.000000 -26.255507
f -3 -2 -1
v 31.267159 0.000000 -27.408640
v 27.182903 0.000000 -26.255507
v 31.688030 0.000000 -26.255507
f -3 -2 -1
v 27.182903 0.000000 -26.255507
v 31.551287 0.000000 -25.428873
v 31.688030 0.000000 -26.255507
f -3 -2 -1
v 31.688030 0.000000 -26.255507
v 31.551287 0.000000 -25.428873
v 32.465580 0.000000 -26.255507
f -3 -2 -1
v 31.551287 0.000000 -25.428873
v 32.465580 0.000000 -21.103415
v 32.465580 0.000000 -26.255507
f -3 -2 -1
v 32.465580 0.000000 -26.255507
v 32.465580 0.000000 -21.103415
v 32.911129 0.000000 -26.255507
f -3 -2 -1
v 32.465580 0.000000 -21.103415
v 32.911129 0.000000 -21.103415
v 32.911129 0.000000 -26.255507
f -3 -2 -1
v 32.911129 0.000000 -26.255507
v 32.911129 0.000000 -21.103415
v 37.932365 -0.000000 -22.969088
f -3 -2 -1
v 32.911129 0.000000 -21.103415
v 32.911129 0.000000 -14.000000
v 37.932365 -0.000000 -22.969088
f -3 -2 -1
v 37.932365 -0.000000 -22.969088
v 32.911129 0.000000 -14.000000
v 39.025665 -0.000000 -13.077111
f -3 -2 -1
v 32.911129 0.000000 -14.000000
v 33.022903 0.000000 -13.000000
v 39.025665 -0.000000 -13.077111
f -3 -2 -1
v 39.025665 -0.000000 -13.077111
v 33.022903 0.000000 -13.000000
v 39.395535 0.000000 -8.503471
f -3 -2 -1
v 33.022903 0.000000 -13.000000
v 33.298000 0.000000 -10.000000
v 39.395535 0.000000 -8.503471
f -3 -2 -1
v 39.395535 0.000000 -8.503471
v 33.298000 0.000000 -10.000000
v 32.911129 0.000000 -8.500000
f -3 -2 -1
v 33.298000 0.000000 -10.000000
v 32.911129 0.000000 -10.000000
v 32.911129 0.000000 -8.500000
f -3 -2 -1
v 32.911129 0.000000 -8.500000
v 32.911129 0.000000 -10.000000
v 32.465580 0.000000 -8.500000
f -3 -2 -1
v 32.911129 0.000000 -10.000000
v 32.465580 0.000000 -10.000000
v 32.465580 0.000000 -8.500000
f -3 -2 -1
v 32.465580 0.000000 -8.500000
v 32.465580 0.000000 -10.000000
v 31.688030 0.000000 -8.500000
f -3 -2 -1
v 32.465580 0.000000 -10.000000
v 31.688030 0.000000 -10.000000
v 31.688030 0.000000 -8.500000
f -3 -2 -1
v 31.688030 0.000000 -8.500000
v 31.688030 0.000000 -10.000000
v 27.182903 0.000000 -8.500000
f -3 -2 -1
v 31.688030 0.000000 -10.000000
v 27.182903 0.000000 -10.000000
v 27.182903 0.000000 -8.500000
f -3 -2 -1
v 27.182903 0.000000 -8.500000
v 27.182903 0.000000 -10.000000
v 25.644754 0.000000 -8.500000
f -3 -2 -1
v 27.182903 0.000000 -10.000000
v 25.644754 0.000000 -10.000000
v 25.644754 0.000000 -8.500000
f -3 -2 -1
v 25.644754 0.000000 -8.500000
v 25.644754 0.000000 -10.000000
v 0.000000 0.000000 -8.500000
f -3 -2 -1
v 25.644754 0.000000 -10.000000
v 1.800000 0.000000 -10.000000
v 0.000000 0.000000 -8.500000
f -3 -2 -1
v 0.000000 0.000000 -8.500000
v 1.800000 0.000000 -10.000000
v 0.000000 0.000000 -14.000000
f -3 -2 -1
v 1.800000 0.000000 -10.000000
v 1.800000 0.000000 -13.000000
v 0.000000 0.000000 -14.000000
f -3 -2 -1
v 0.000000 0.000000 -14.000000
v 1.800000 0.000000 -13.000000
v 25.644754 0.000000 -14.000000
f -3 -2 -1
v 1.800000 0.000000 -13.000000
v 25.644754 0.000000 -13.000000
v 25.644754 0.000000 -14.000000
f -3 -2 -1
v 25.644754 0.000000 -14.000000
v 25.644754 0.000000 -13.000000
v 27.182903 0.000000 -14.000000
f -3 -2 -1
v 25.644754 0.000000 -13.000000
v 27.182903 0.000000 -13.000000
v 27.182903 0.000000 -14.000000
f -3 -2 -1
v 27.182903 0.000000 -14.000000
v 27.182903 0.000000 -13.000000
v 31.688030 0.000000 -14.000000
f -3 -2 -1
v 27.182903 0.000000 -13.000000
v 31.688030 0.000000 -13.000000
v 31.688030 0.000000 -14.000000
f -3 -2 -1
v 31.688030 0.000000 -14.000000
v 31.688030 0.000000 -13.000000
v 32.465580 0.000000 -14.000000
f -3 -2 -1
v 31.688030 0.000000 -13.000000
v 32.465580 0.000000 -13.000000
v 32.465580 0.000000 -14.000000
f -3 -2 -1
v 32.465580 0.000000 -14.000000
v 32.465580 0.000000 -13.000000
v 32.911129 0.000000 -14.000000
f -3 -2 -1
v 32.465580 0.000000 -13.000000
v 32.911129 0.000000 -13.000000
v 32.911129 0.000000 -14.000000
f -3 -2 -1
v 32.911129 0.000000 -14.000000
v 32.911129 0.000000 -13.000000
v 33.022903 0.000000 -13.000000
f -3 -2 -1
v 6.998096 0.000000 -5.087239
v 7.000000 0.000000 -5.000000
v 25.644754 0.000000 -8.500000
f -3 -2 -1
v 7.000000 0.000000 -5.000000
v 25.644754 0.000000 0.000000
v 25.644754 0.000000 -8.500000
f -3 -2 -1
v 25.644754 0.000000 -8.500000
v 25.644754 0.000000 0.000000
v 27.182903 0.000000 -8.500000
f -3 -2 -1
v 25.644754 0.000000 0.000000
v 27.182903 0.000000 0.000000
v 27.182903 0.000000 -8.500000
f -3 -2 -1
v 27.182903 0.000000 -8.500000
v 27.182903 0.000000 0.000000
v 31.688030 0.000000 -8.500000
f -3 -2 -1
v 27.182903 0.000000 0.000000
v 31.688030 0.000000 0.000000
v 31.688030 0.000000 -8.500000
f -3 -2 -1
v 31.688030 0.000000 -8.500000
v 31.688030 0.000000 0.000000
v 32.465580 0.000000 -8.500000
f -3 -2 -1
v 31.688030 0.000000 0.000000
v 32.465580 0.000000 0.000000
v 32.465580 0.000000 -8.500000
f -3 -2 -1
v 32.465580 0.000000 -8.500000
v 32.465580 0.000000 0.000000
v 32.911129 0.000000 -8.500000
f -3 -2 -1
v 32.465580 0.000000 0.000000
v 32.911129 0.000000 0.000000
v 32.911129 0.000000 -8.500000
f -3 -2 -1
v 32.911129 0.000000 -8.500000
v 32.911129 0.000000 0.000000
v 33.000000 0.000000 -5.000000
f -3 -2 -1
v 32.911129 0.000000 0.000000
v 33.001904 0.000000 -4.912761
v 33.000000 0.000000 -5.000000
f -3 -2 -1
v 32.822262 -25.800001 -15.000000
v 32.822262 0.000000 -15.000000
v 32.351200 -25.800001 -19.239481
f -3 -2 -1
v 32.822262 0.000000 -15.000000
v 32.351200 0.000000 -19.239481
v 32.351200 -25.800001 -19.239481
f -3 -2 -1
v 39.025665 -0.000000 -13.077111
v 37.932365 -25.800001 -22.969088
v 37.932365 -0.000000 -22.969088
f -3 -2 -1
v 37.932365 -25.800001 -22.969088
v 36.442200 -25.800001 -32.809101
v 37.932365 -0.000000 -22.969088
f -3 -2 -1
v 37.932365 -0.000000 -22.969088
v 36.442200 -25.800001 -32.809101
v 36.442200 0.000000 -32.809101
f -3 -2 -1
v 39.720314 0.000000 -3.149174
v 39.720314 -25.800001 -3.149174
v 39.395535 0.000000 -8.503471
f -3 -2 -1
v 39.720314 -25.800001 -3.149174
v 39.395535 -25.800001 -8.503471
v 39.395535 0.000000 -8.503471
f -3 -2 -1
v 39.395535 0.000000 -8.503471
v 39.395535 -25.800001 -8.503471
v 39.025665 -0.000000 -13.077111
f -3 -2 -1
v 39.395535 -25.800001 -8.503471
v 39.025665 -25.800001 -13.077111
v 39.025665 -0.000000 -13.077111
f -3 -2 -1
v 39.025665 -0.000000 -13.077111
v 39.025665 -25.800001 -13.077111
v 37.932365 -25.800001 -22.969088
f -3 -2 -1
v 33.022903 -25.800001 -13.000000
v 33.022903 0.000000 -13.000000
v 32.911129 -25.800001 -13.000000
f -3 -2 -1
v 33.022903 0.000000 -13.000000
v 32.911129 0.000000 -13.000000
v 32.911129 -25.800001 -13.000000
f -3 -2 -1
v 32.911129 -25.800001 -13.000000
v 32.911129 0.000000 -13.000000
v 32.465580 -25.800001 -13.000000
f -3 -2 -1
v 32.911129 0.000000 -13.000000
v 32.465580 0.000000 -13.000000
v 32.465580 -25.800001 -13.000000
f -3 -2 -1
v 32.465580 -25.800001 -13.000000
v 32.465580 0.000000 -13.000000
v 31.688030 -25.800001 -13.000000
f -3 -2 -1
v 32.465580 0.000000 -13.000000
v 31.688030 0.000000 -13.000000
v 31.688030 -25.800001 -13.000000
f -3 -2 -1
v 31.688030 -25.800001 -13.000000
v 31.688030 0.000000 -13.000000
v 27.182903 -25.800001 -13.000000
f -3 -2 -1
v 31.688030 0.000000 -13.000000
v 27.182903 0.000000 -13.000000
v 27.182903 -25.800001 -13.000000
f -3 -2 -1
v 27.182903 -25.800001 -13.000000
v 27.182903 0.000000 -13.000000
v 25.644754 -25.800001 -13.000000
f -3 -2 -1
v 27.182903 0.000000 -13.000000
v 25.644754 0.000000 -13.000000
v 25.644754 -25.800001 -13.000000
f -3 -2 -1
v 25.644754 -25.800001 -13.000000
v 25.644754 0.000000 -13.000000
v 1.800000 -25.800001 -13.000000
f -3 -2 -1
v 25.644754 0.000000 -13.000000
v 1.800000 0.000000 -13.000000
v 1.800000 -25.800001 -13.000000
f -3 -2 -1
v 26.461880 -25.800001 -52.479527
v 26.461880 0.000000 -52.479527
v 25.345755 -25.800001 -57.025463
f -3 -2 -1
v 26.461880 0.000000 -52.479527
v 25.345755 0.000000 -57.025463
v 25.345755 -25.800001 -57.025463
f -3 -2 -1
v 1.800000 -25.800001 -15.000000
v 1.800000 -25.800001 -16.950071
v 1.800000 0.000000 -15.000000
f -3 -2 -1
v 1.800000 -25.800001 -16.950071
v 1.800000 0.000000 -16.950071
v 1.800000 0.000000 -15.000000
f -3 -2 -1
v 28.320845 -25.800001 -44.095333
v 28.320845 0.000000 -44.095333
v 27.182903 -25.800001 -43.648743
f -3 -2 -1
v 28.320845 0.000000 -44.095333
v 27.182903 0.000000 -43.648743
v 27.182903 -25.800001 -43.648743
f -3 -2 -1
v 27.182903 -25.800001 -43.648743
v 27.182903 0.000000 -43.648743
v 25.651325 -25.800001 -43.047668
f -3 -2 -1
v 27.182903 0.000000 -43.648743
v 25.651325 0.000000 -43.047668
v 25.651325 -25.800001 -43.047668
f -3 -2 -1
v 25.651325 -25.800001 -43.047668
v 25.651325 0.000000 -43.047668
v 25.644754 -25.800001 -43.045090
f -3 -2 -1
v 25.651325 0.000000 -43.047668
v 25.644754 0.000000 -43.045090
v 25.644754 -25.800001 -43.045090
f -3 -2 -1
v 25.644754 -25.800001 -43.045090
v 25.644754 0.000000 -43.045090
v 12.556418 -25.800001 -37.908504
f -3 -2 -1
v 25.644754 0.000000 -43.045090
v 12.556418 0.000000 -37.908504
v 12.556418 -25.800001 -37.908504
f -3 -2 -1
v 12.556418 -25.800001 -37.908504
v 12.556418 0.000000 -37.908504
v 1.888651 -25.800001 -33.721882
f -3 -2 -1
v 12.556418 0.000000 -37.908504
v 1.888651 0.000000 -33.721882
v 1.888651 -25.800001 -33.721882
f -3 -2 -1
v 1.888651 -25.800001 -33.721882
v 1.888651 0.000000 -33.721882
v 1.800000 -25.800001 -33.687092
f -3 -2 -1
v 1.888651 0.000000 -33.721882
v 1.800000 0.000000 -33.687092
v 1.800000 -25.800001 -33.687092
f -3 -2 -1
v 33.298000 -25.800001 -10.000000
v 33.298000 0.000000 -10.000000
v 33.022903 -25.800001 -13.000000
f -3 -2 -1
v 33.298000 0.000000 -10.000000
v 33.022903 0.000000 -13.000000
v 33.022903 -25.800001 -13.000000
f -3 -2 -1
v 30.618839 -25.800001 -31.608168
v 30.618839 0.000000 -31.608168
v 27.182903 -25.800001 -30.823969
f -3 -2 -1
v 30.618839 0.000000 -31.608168
v 27.182903 0.000000 -30.823969
v 27.182903 -25.800001 -30.823969
f -3 -2 -1
v 27.182903 -25.800001 -30.823969
v 27.182903 0.000000 -30.823969
v 25.644754 -25.800001 -30.472910
f -3 -2 -1
v 27.182903 0.000000 -30.823969
v 25.644754 0.000000 -30.472910
v 25.644754 -25.800001 -30.472910
f -3 -2 -1
v 25.644754 -25.800001 -30.472910
v 25.644754 0.000000 -30.472910
v 7.166392 -25.800001 -26.255507
f -3 -2 -1
v 25.644754 0.000000 -30.472910
v 7.166392 0.000000 -26.255507
v 7.166392 -25.800001 -26.255507
f -3 -2 -1
v 7.166392 -25.800001 -26.255507
v 7.166392 0.000000 -26.255507
v 1.800000 -25.800001 -25.030710
f -3 -2 -1
v 7.166392 0.000000 -26.255507
v 1.800000 0.000000 -25.030710
v 1.800000 -25.800001 -25.030710
f -3 -2 -1
v 30.292091 -25.800001 -33.585022
v 30.292091 0.000000 -33.585022
v 29.545931 -25.800001 -37.817009
f -3 -2 -1
v 30.292091 0.000000 -33.585022
v 29.545931 0.000000 -37.817009
v 29.545931 -25.800001 -37.817009
f -3 -2 -1
v 1.800000 -25.800001 -27.082140
v 1.800000 -25.800001 -29.258858
v 1.800000 0.000000 -27.082140
f -3 -2 -1
v 1.800000 -25.800001 -29.258858
v 1.800000 0.000000 -29.258858
v 1.800000 0.000000 -27.082140
f -3 -2 -1
v 1.800000 -25.800001 -40.603497
v 1.800000 0.000000 -40.603497
v 6.875587 -25.800001 -43.047668
f -3 -2 -1
v 1.800000 0.000000 -40.603497
v 6.875587 0.000000 -43.047668
v 6.875587 -25.800001 -43.047668
f -3 -2 -1
v 6.875587 -25.800001 -43.047668
v 6.875587 0.000000 -43.047668
v 10.760197 -25.800001 -44.918316
f -3 -2 -1
v 6.875587 0.000000 -43.047668
v 10.760197 0.000000 -44.918316
v 10.760197 -25.800001 -44.918316
f -3 -2 -1
v 10.760197 -25.800001 -44.918316
v 10.760197 0.000000 -44.918316
v 23.224710 -25.800001 -50.920654
f -3 -2 -1
v 10.760197 0.000000 -44.918316
v 23.224710 0.000000 -50.920654
v 23.224710 -25.800001 -50.920654
f -3 -2 -1
v 23.224710 -25.800001 -50.920654
v 23.224710 0.000000 -50.920654
v 25.644754 -25.800001 -52.086037
f -3 -2 -1
v 23.224710 0.000000 -50.920654
v 25.644754 0.000000 -52.086037
v 25.644754 -25.800001 -52.086037
f -3 -2 -1
v 25.644754 -25.800001 -52.086037
v 25.644754 0.000000 -52.086037
v 26.461880 -25.800001 -52.479527
f -3 -2 -1
v 25.644754 0.000000 -52.086037
v 26.461880 0.000000 -52.479527
v 26.461880 -25.800001 -52.479527
f -3 -2 -1
v 1.800000 -25.800001 -10.000000
v 1.800000 0.000000 -10.000000
v 25.644754 -25.800001 -10.000000
f -3 -2 -1
v 1.800000 0.000000 -10.000000
v 25.644754 0.000000 -10.000000
v 25.644754 -25.800001 -10.000000
f -3 -2 -1
v 25.644754 -25.800001 -10.000000
v 25.644754 0.000000 -10.000000
v 27.182903 -25.800001 -10.000000
f -3 -2 -1
v 25.644754 0.000000 -10.000000
v 27.182903 0.000000 -10.000000
v 27.182903 -25.800001 -10.000000
f -3 -2 -1
v 27.182903 -25.800001 -10.000000
v 27.182903 0.000000 -10.000000
v 31.688030 -25.800001 -10.000000
f -3 -2 -1
v 27.182903 0.000000 -10.000000
v 31.688030 0.000000 -10.000000
v 31.688030 -25.800001 -10.000000
f -3 -2 -1
v 31.688030 -25.800001 -10.000000
v 31.688030 0.000000 -10.000000
v 32.465580 -25.800001 -10.000000
f -3 -2 -1
v 31.688030 0.000000 -10.000000
v 32.465580 0.000000 -10.000000
v 32.465580 -25.800001 -10.000000
f -3 -2 -1
v 32.465580 -25.800001 -10.000000
v 32.465580 0.000000 -10.000000
v 32.911129 -25.800001 -10.000000
f -3 -2 -1
v 32.465580 0.000000 -10.000000
v 32.911129 0.000000 -10.000000
v 32.911129 -25.800001 -10.000000
f -3 -2 -1
v 32.911129 -25.800001 -10.000000
v 32.911129 0.000000 -10.000000
v 33.298000 -25.800001 -10.000000
f -3 -2 -1
v 32.911129 0.000000 -10.000000
v 33.298000 0.000000 -10.000000
v 33.298000 -25.800001 -10.000000
f -3 -2 -1
v 1.800000 -25.800001 -31.351839
v 1.800000 0.000000 -31.351839
v 9.483807 -25.800001 -33.721882
f -3 -2 -1
v 1.800000 0.000000 -31.351839
v 9.483807 0.000000 -33.721882
v 9.483807 -25.800001 -33.721882
f -3 -2 -1
v 9.483807 -25.800001 -33.721882
v 9.483807 0.000000 -33.721882
v 23.057028 -25.800001 -37.908504
f -3 -2 -1
v 9.483807 0.000000 -33.721882
v 23.057028 0.000000 -37.908504
v 23.057028 -25.800001 -37.908504
f -3 -2 -1
v 23.057028 -25.800001 -37.908504
v 23.057028 0.000000 -37.908504
v 25.644754 -25.800001 -38.706680
f -3 -2 -1
v 23.057028 0.000000 -37.908504
v 25.644754 0.000000 -38.706680
v 25.644754 -25.800001 -38.706680
f -3 -2 -1
v 25.644754 -25.800001 -38.706680
v 25.644754 0.000000 -38.706680
v 27.182903 -25.800001 -39.181118
f -3 -2 -1
v 25.644754 0.000000 -38.706680
v 27.182903 0.000000 -39.181118
v 27.182903 -25.800001 -39.181118
f -3 -2 -1
v 27.182903 -25.800001 -39.181118
v 27.182903 0.000000 -39.181118
v 29.175138 -25.800001 -39.795620
f -3 -2 -1
v 27.182903 0.000000 -39.181118
v 29.175138 0.000000 -39.795620
v 29.175138 -25.800001 -39.795620
f -3 -2 -1
v 29.545931 -25.800001 -37.817009
v 29.545931 0.000000 -37.817009
v 27.182903 -25.800001 -37.088142
f -3 -2 -1
v 29.545931 0.000000 -37.817009
v 27.182903 0.000000 -37.088142
v 27.182903 -25.800001 -37.088142
f -3 -2 -1
v 27.182903 -25.800001 -37.088142
v 27.182903 0.000000 -37.088142
v 25.644754 -25.800001 -36.613701
f -3 -2 -1
v 27.182903 0.000000 -37.088142
v 25.644754 0.000000 -36.613701
v 25.644754 -25.800001 -36.613701
f -3 -2 -1
v 25.644754 -25.800001 -36.613701
v 25.644754 0.000000 -36.613701
v 16.269342 -25.800001 -33.721882
f -3 -2 -1
v 25.644754 0.000000 -36.613701
v 16.269342 0.000000 -33.721882
v 16.269342 -25.800001 -33.721882
f -3 -2 -1
v 16.269342 -25.800001 -33.721882
v 16.269342 0.000000 -33.721882
v 1.800000 -25.800001 -29.258858
f -3 -2 -1
v 16.269342 0.000000 -33.721882
v 1.800000 0.000000 -29.258858
v 1.800000 -25.800001 -29.258858
f -3 -2 -1
v 29.175138 -25.800001 -39.795620
v 29.175138 0.000000 -39.795620
v 28.320845 -25.800001 -44.095333
f -3 -2 -1
v 29.175138 0.000000 -39.795620
v 28.320845 0.000000 -44.095333
v 28.320845 -25.800001 -44.095333
f -3 -2 -1
v 1.800000 -25.800001 -31.351839
v 1.800000 -25.800001 -33.687092
v 1.800000 0.000000 -31.351839
f -3 -2 -1
v 1.800000 -25.800001 -33.687092
v 1.800000 0.000000 -33.687092
v 1.800000 0.000000 -31.351839
f -3 -2 -1
v 25.345755 -25.800001 -57.025463
v 25.345755 0.000000 -57.025463
v 1.800000 -25.800001 -43.431923
f -3 -2 -1
v 25.345755 0.000000 -57.025463
v 1.800000 0.000000 -43.431923
v 1.800000 -25.800001 -43.431923
f -3 -2 -1
v 27.903925 -25.800001 -46.080219
v 27.903925 0.000000 -46.080219
v 26.927670 -25.800001 -50.484016
f -3 -2 -1
v 27.903925 0.000000 -46.080219
v 26.927670 0.000000 -50.484016
v 26.927670 -25.800001 -50.484016
f -3 -2 -1
v 1.800000 0.000000 -35.835602
v 1.800000 -25.800001 -35.835602
v 1.800000 0.000000 -37.908504
f -3 -2 -1
v 1.800000 -25.800001 -35.835602
v 1.800000 -25.800001 -37.908504
v 1.800000 0.000000 -37.908504
f -3 -2 -1
v 1.800000 0.000000 -37.908504
v 1.800000 -25.800001 -37.908504
v 1.800000 0.000000 -38.383682
f -3 -2 -1
v 1.800000 -25.800001 -37.908504
v 1.800000 -25.800001 -38.383682
v 1.800000 0.000000 -38.383682
f -3 -2 -1
v 24.827629 0.000000 -59.035709
v 24.827629 -25.800001 -59.035709
v 1.800000 0.000000 -45.741302
f -3 -2 -1
v 24.827629 -25.800001 -59.035709
v 1.800000 -25.800001 -45.741302
v 1.800000 0.000000 -45.741302
f -3 -2 -1
v 35.000000 0.000000 -7.000000
v 35.000000 -25.800001 -7.000000
v 35.087238 0.000000 -6.998096
f -3 -2 -1
v 35.000000 -25.800001 -7.000000
v 35.087238 -25.800001 -6.998096
v 35.087238 0.000000 -6.998096
f -3 -2 -1
v 35.087238 0.000000 -6.998096
v 35.087238 -25.800001 -6.998096
v 35.174309 0.000000 -6.992390
f -3 -2 -1
v 35.087238 -25.800001 -6.998096
v 35.174309 -25.800001 -6.992390
v 35.174309 0.000000 -6.992390
f -3 -2 -1
v 35.174309 0.000000 -6.992390
v 35.174309 -25.800001 -6.992390
v 35.261055 0.000000 -6.982890
f -3 -2 -1
v 35.174309 -25.800001 -6.992390
v 35.261055 -25.800001 -6.982890
v 35.261055 0.000000 -6.982890
f -3 -2 -1
v 35.261055 0.000000 -6.982890
v 35.261055 -25.800001 -6.982890
v 35.347298 0.000000 -6.969615
f -3 -2 -1
v 35.261055 -25.800001 -6.982890
v 35.347298 -25.800001 -6.969615
v 35.347298 0.000000 -6.969615
f -3 -2 -1
v 35.347298 0.000000 -6.969615
v 35.347298 -25.800001 -6.969615
v 35.432880 0.000000 -6.952592
f -3 -2 -1
v 35.347298 -25.800001 -6.969615
v 35.432880 -25.800001 -6.952592
v 35.432880 0.000000 -6.952592
f -3 -2 -1
v 35.432880 0.000000 -6.952592
v 35.432880 -25.800001 -6.952592
v 35.517635 0.000000 -6.931851
f -3 -2 -1
v 35.432880 -25.800001 -6.952592
v 35.517635 -25.800001 -6.931851
v 35.517635 0.000000 -6.931851
f -3 -2 -1
v 35.517635 0.000000 -6.931851
v 35.517635 -25.800001 -6.931851
v 35.601410 0.000000 -6.907434
f -3 -2 -1
v 35.517635 -25.800001 -6.931851
v 35.601410 -25.800001 -6.907434
v 35.601410 0.000000 -6.907434
f -3 -2 -1
v 35.601410 0.000000 -6.907434
v 35.601410 -25.800001 -6.907434
v 35.684040 0.000000 -6.879385
f -3 -2 -1
v 35.601410 -25.800001 -6.907434
v 35.684040 -25.800001 -6.879385
v 35.684040 0.000000 -6.879385
f -3 -2 -1
v 35.684040 0.000000 -6.879385
v 35.684040 -25.800001 -6.879385
v 35.765369 0.000000 -6.847759
f -3 -2 -1
v 35.684040 -25.800001 -6.879385
v 35.765369 -25.800001 -6.847759
v 35.765369 0.000000 -6.847759
f -3 -2 -1
v 35.765369 0.000000 -6.847759
v 35.765369 -25.800001 -6.847759
v 35.845234 0.000000 -6.812616
f -3 -2 -1
v 35.765369 -25.800001 -6.847759
v 35.845234 -25.800001 -6.812616
v 35.845234 0.000000 -6.812616
f -3 -2 -1
v 35.845234 0.000000 -6.812616
v 35.845234 -25.800001 -6.812616
v 35.923496 0.000000 -6.774022
f -3 -2 -1
v 35.845234 -25.800001 -6.812616
v 35.923496 -25.800001 -6.774022
v 35.923496 0.000000 -6.774022
f -3 -2 -1
v 35.923496 0.000000 -6.774022
v 35.923496 -25.800001 -6.774022
v 36.000000 0.000000 -6.732051
f -3 -2 -1
v 35.923496 -25.800001 -6.774022
v 36.000000 -25.800001 -6.732051
v 36.000000 0.000000 -6.732051
f -3 -2 -1
v 36.000000 0.000000 -6.732051
v 36.000000 -25.800001 -6.732051
v 36.074596 0.000000 -6.686783
f -3 -2 -1
v 36.000000 -25.800001 -6.732051
v 36.074596 -25.800001 -6.686783
v 36.074596 0.000000 -6.686783
f -3 -2 -1
v 36.074596 0.000000 -6.686783
v 36.074596 -25.800001 -6.686783
v 36.147152 0.000000 -6.638304
f -3 -2 -1
v 36.074596 -25.800001 -6.686783
v 36.147152 -25.800001 -6.638304
v 36.147152 0.000000 -6.638304
f -3 -2 -1
v 36.147152 0.000000 -6.638304
v 36.147152 -25.800001 -6.638304
v 36.217522 0.000000 -6.586707
f -3 -2 -1
v 36.147152 -25.800001 -6.638304
v 36.217522 -25.800001 -6.586707
v 36.217522 0.000000 -6.586707
f -3 -2 -1
v 36.217522 0.000000 -6.586707
v 36.217522 -25.800001 -6.586707
v 36.285576 0.000000 -6.532089
f -3 -2 -1
v 36.217522 -25.800001 -6.586707
v 36.285576 -25.800001 -6.532089
v 36.285576 0.000000 -6.532089
f -3 -2 -1
v 36.285576 0.000000 -6.532089
v 36.285576 -25.800001 -6.532089
v 36.351181 0.000000 -6.474555
f -3 -2 -1
v 36.285576 -25.800001 -6.532089
v 36.351181 -25.800001 -6.474555
v 36.351181 0.000000 -6.474555
f -3 -2 -1
v 36.351181 0.000000 -6.474555
v 36.351181 -25.800001 -6.474555
v 36.414215 0.000000 -6.414214
f -3 -2 -1
v 36.351181 -25.800001 -6.474555
v 36.414215 -25.800001 -6.414214
v 36.414215 0.000000 -6.414214
f -3 -2 -1
v 36.414215 0.000000 -6.414214
v 36.414215 -25.800001 -6.414214
v 36.474556 0.000000 -6.351181
f -3 -2 -1
v 36.414215 -25.800001 -6.414214
v 36.474556 -25.800001 -6.351181
v 36.474556 0.000000 -6.351181
f -3 -2 -1
v 36.474556 0.000000 -6.351181
v 36.474556 -25.800001 -6.351181
v 36.532089 0.000000 -6.285575
f -3 -2 -1
v 36.474556 -25.800001 -6.351181
v 36.532089 -25.800001 -6.285575
v 36.532089 0.000000 -6.285575
f -3 -2 -1
v 36.532089 0.000000 -6.285575
v 36.532089 -25.800001 -6.285575
v 36.586704 0.000000 -6.217523
f -3 -2 -1
v 36.532089 -25.800001 -6.285575
v 36.586704 -25.800001 -6.217523
v 36.586704 0.000000 -6.217523
f -3 -2 -1
v 36.586704 0.000000 -6.217523
v 36.586704 -25.800001 -6.217523
v 36.638306 0.000000 -6.147153
f -3 -2 -1
v 36.586704 -25.800001 -6.217523
v 36.638306 -25.800001 -6.147153
v 36.638306 0.000000 -6.147153
f -3 -2 -1
v 36.638306 0.000000 -6.147153
v 36.638306 -25.800001 -6.147153
v 36.686783 0.000000 -6.074599
f -3 -2 -1
v 36.638306 -25.800001 -6.147153
v 36.686783 -25.800001 -6.074599
v 36.686783 0.000000 -6.074599
f -3 -2 -1
v 36.686783 0.000000 -6.074599
v 36.686783 -25.800001 -6.074599
v 36.732052 0.000000 -6.000000
f -3 -2 -1
v 36.686783 -25.800001 -6.074599
v 36.732052 -25.800001 -6.000000
v 36.732052 0.000000 -6.000000
f -3 -2 -1
v 36.732052 0.000000 -6.000000
v 36.732052 -25.800001 -6.000000
v 36.774021 0.000000 -5.923497
f -3 -2 -1
v 36.732052 -25.800001 -6.000000
v 36.774021 -25.800001 -5.923497
v 36.774021 0.000000 -5.923497
f -3 -2 -1
v 36.774021 0.000000 -5.923497
v 36.774021 -25.800001 -5.923497
v 36.812614 0.000000 -5.845237
f -3 -2 -1
v 36.774021 -25.800001 -5.923497
v 36.812614 -25.800001 -5.845237
v 36.812614 0.000000 -5.845237
f -3 -2 -1
v 36.812614 0.000000 -5.845237
v 36.812614 -25.800001 -5.845237
v 36.847759 0.000000 -5.765367
f -3 -2 -1
v 36.812614 -25.800001 -5.845237
v 36.847759 -25.800001 -5.765367
v 36.847759 0.000000 -5.765367
f -3 -2 -1
v 36.847759 0.000000 -5.765367
v 36.847759 -25.800001 -5.765367
v 36.879387 0.000000 -5.684041
f -3 -2 -1
v 36.847759 -25.800001 -5.765367
v 36.879387 -25.800001 -5.684041
v 36.879387 0.000000 -5.684041
f -3 -2 -1
v 36.879387 0.000000 -5.684041
v 36.879387 -25.800001 -5.684041
v 36.907433 0.000000 -5.601412
f -3 -2 -1
v 36.879387 -25.800001 -5.684041
v 36.907433 -25.800001 -5.601412
v 36.907433 0.000000 -5.601412
f -3 -2 -1
v 36.907433 0.000000 -5.601412
v 36.907433 -25.800001 -5.601412
v 36.931850 0.000000 -5.517638
f -3 -2 -1
v 36.907433 -25.800001 -5.601412
v 36.931850 -25.800001 -5.517638
v 36.931850 0.000000 -5.517638
f -3 -2 -1
v 36.931850 0.000000 -5.517638
v 36.931850 -25.800001 -5.517638
v 36.952591 0.000000 -5.432879
f -3 -2 -1
v 36.931850 -25.800001 -5.517638
v 36.952591 -25.800001 -5.432879
v 36.952591 0.000000 -5.432879
f -3 -2 -1
v 36.952591 0.000000 -5.432879
v 36.952591 -25.800001 -5.432879
v 36.969616 0.000000 -5.347296
f -3 -2 -1
v 36.952591 -25.800001 -5.432879
v 36.969616 -25.800001 -5.347296
v 36.969616 0.000000 -5.347296
f -3 -2 -1
v 36.969616 0.000000 -5.347296
v 36.969616 -25.800001 -5.347296
v 36.982891 0.000000 -5.261053
f -3 -2 -1
v 36.969616 -25.800001 -5.347296
v 36.982891 -25.800001 -5.261053
v 36.982891 0.000000 -5.261053
f -3 -2 -1
v 36.982891 0.000000 -5.261053
v 36.982891 -25.800001 -5.261053
v 36.992390 0.000000 -5.174311
f -3 -2 -1
v 36.982891 -25.800001 -5.261053
v 36.992390 -25.800001 -5.174311
v 36.992390 0.000000 -5.174311
f -3 -2 -1
v 36.992390 0.000000 -5.174311
v 36.992390 -25.800001 -5.174311
v 36.998096 0.000000 -5.087239
f -3 -2 -1
v 36.992390 -25.800001 -5.174311
v 36.998096 -25.800001 -5.087239
v 36.998096 0.000000 -5.087239
f -3 -2 -1
v 36.998096 0.000000 -5.087239
v 36.998096 -25.800001 -5.087239
v 37.000000 0.000000 -5.000000
f -3 -2 -1
v 36.998096 -25.800001 -5.087239
v 37.000000 -25.800001 -5.000000
v 37.000000 0.000000 -5.000000
f -3 -2 -1
v 37.000000 0.000000 -5.000000
v 37.000000 -25.800001 -5.000000
v 36.998096 0.000000 -4.912761
f -3 -2 -1
v 37.000000 -25.800001 -5.000000
v 36.998096 -25.800001 -4.912761
v 36.998096 0.000000 -4.912761
f -3 -2 -1
v 36.998096 0.000000 -4.912761
v 36.998096 -25.800001 -4.912761
v 36.992390 0.000000 -4.825688
f -3 -2 -1
v 36.998096 -25.800001 -4.912761
v 36.992390 -25.800001 -4.825688
v 36.992390 0.000000 -4.825688
f -3 -2 -1
v 36.992390 0.000000 -4.825688
v 36.992390 -25.800001 -4.825688
v 36.982891 0.000000 -4.738948
f -3 -2 -1
v 36.992390 -25.800001 -4.825688
v 36.982891 -25.800001 -4.738948
v 36.982891 0.000000 -4.738948
f -3 -2 -1
v 36.982891 0.000000 -4.738948
v 36.982891 -25.800001 -4.738948
v 36.969616 0.000000 -4.652704
f -3 -2 -1
v 36.982891 -25.800001 -4.738948
v 36.969616 -25.800001 -4.652704
v 36.969616 0.000000 -4.652704
f -3 -2 -1
v 36.969616 0.000000 -4.652704
v 36.969616 -25.800001 -4.652704
v 36.952591 0.000000 -4.567121
f -3 -2 -1
v 36.969616 -25.800001 -4.652704
v 36.952591 -25.800001 -4.567121
v 36.952591 0.000000 -4.567121
f -3 -2 -1
v 36.952591 0.000000 -4.567121
v 36.952591 -25.800001 -4.567121
v 36.931850 0.000000 -4.482362
f -3 -2 -1
v 36.952591 -25.800001 -4.567121
v 36.931850 -25.800001 -4.482362
v 36.931850 0.000000 -4.482362
f -3 -2 -1
v 36.931850 0.000000 -4.482362
v 36.931850 -25.800001 -4.482362
v 36.907433 0.000000 -4.398589
f -3 -2 -1
v 36.931850 -25.800001 -4.482362
v 36.907433 -25.800001 -4.398589
v 36.907433 0.000000 -4.398589
f -3 -2 -1
v 36.907433 0.000000 -4.398589
v 36.907433 -25.800001 -4.398589
v 36.879387 0.000000 -4.315960
f -3 -2 -1
v 36.907433 -25.800001 -4.398589
v 36.879387 -25.800001 -4.315960
v 36.879387 0.000000 -4.315960
f -3 -2 -1
v 36.879387 0.000000 -4.315960
v 36.879387 -25.800001 -4.315960
v 36.847759 0.000000 -4.234633
f -3 -2 -1
v 36.879387 -25.800001 -4.315960
v 36.847759 -25.800001 -4.234633
v 36.847759 0.000000 -4.234633
f -3 -2 -1
v 36.847759 0.000000 -4.234633
v 36.847759 -25.800001 -4.234633
v 36.812614 0.000000 -4.154764
f -3 -2 -1
v 36.847759 -25.800001 -4.234633
v 36.812614 -25.800001 -4.154764
v 36.812614 0.000000 -4.154764
f -3 -2 -1
v 36.812614 0.000000 -4.154764
v 36.812614 -25.800001 -4.154764
v 36.774021 0.000000 -4.076503
f -3 -2 -1
v 36.812614 -25.800001 -4.154764
v 36.774021 -25.800001 -4.076503
v 36.774021 0.000000 -4.076503
f -3 -2 -1
v 36.774021 0.000000 -4.076503
v 36.774021 -25.800001 -4.076503
v 36.732052 0.000000 -4.000000
f -3 -2 -1
v 36.774021 -25.800001 -4.076503
v 36.732052 -25.800001 -4.000000
v 36.732052 0.000000 -4.000000
f -3 -2 -1
v 36.732052 0.000000 -4.000000
v 36.732052 -25.800001 -4.000000
v 36.686783 0.000000 -3.925401
f -3 -2 -1
v 36.732052 -25.800001 -4.000000
v 36.686783 -25.800001 -3.925401
v 36.686783 0.000000 -3.925401
f -3 -2 -1
v 36.686783 0.000000 -3.925401
v 36.686783 -25.800001 -3.925401
v 36.638306 0.000000 -3.852847
f -3 -2 -1
v 36.686783 -25.800001 -3.925401
v 36.638306 -25.800001 -3.852847
v 36.638306 0.000000 -3.852847
f -3 -2 -1
v 36.638306 0.000000 -3.852847
v 36.638306 -25.800001 -3.852847
v 36.586704 0.000000 -3.782477
f -3 -2 -1
v 36.638306 -25.800001 -3.852847
v 36.586704 -25.800001 -3.782477
v 36.586704 0.000000 -3.782477
f -3 -2 -1
v 36.586704 0.000000 -3.782477
v 36.586704 -25.800001 -3.782477
v 36.532089 0.000000 -3.714425
f -3 -2 -1
v 36.586704 -25.800001 -3.782477
v 36.532089 -25.800001 -3.714425
v 36.532089 0.000000 -3.714425
f -3 -2 -1
v 36.532089 0.000000 -3.714425
v 36.532089 -25.800001 -3.714425
v 36.474556 0.000000 -3.648820
f -3 -2 -1
v 36.532089 -25.800001 -3.714425
v 36.474556 -25.800001 -3.648820
v 36.474556 0.000000 -3.648820
f -3 -2 -1
v 36.474556 0.000000 -3.648820
v 36.474556 -25.800001 -3.648820
v 36.414215 0.000000 -3.585786
f -3 -2 -1
v 36.474556 -25.800001 -3.648820
v 36.414215 -25.800001 -3.585786
v 36.414215 0.000000 -3.585786
f -3 -2 -1
v 36.414215 0.000000 -3.585786
v 36.414215 -25.800001 -3.585786
v 36.351181 0.000000 -3.525445
f -3 -2 -1
v 36.414215 -25.800001 -3.585786
v 36.351181 -25.800001 -3.525445
v 36.351181 0.000000 -3.525445
f -3 -2 -1
v 36.351181 0.000000 -3.525445
v 36.351181 -25.800001 -3.525445
v 36.285576 0.000000 -3.467911
f -3 -2 -1
v 36.351181 -25.800001 -3.525445
v 36.285576 -25.800001 -3.467911
v 36.285576 0.000000 -3.467911
f -3 -2 -1
v 36.285576 0.000000 -3.467911
v 36.285576 -25.800001 -3.467911
v 36.217522 0.000000 -3.413293
f -3 -2 -1
v 36.285576 -25.800001 -3.467911
v 36.217522 -25.800001 -3.413293
v 36.217522 0.000000 -3.413293
f -3 -2 -1
v 36.217522 0.000000 -3.413293
v 36.217522 -25.800001 -3.413293
v 36.147152 0.000000 -3.361696
f -3 -2 -1
v 36.217522 -25.800001 -3.413293
v 36.147152 -25.800001 -3.361696
v 36.147152 0.000000 -3.361696
f -3 -2 -1
v 36.147152 0.000000 -3.361696
v 36.147152 -25.800001 -3.361696
v 36.074596 0.000000 -3.313217
f -3 -2 -1
v 36.147152 -25.800001 -3.361696
v 36.074596 -25.800001 -3.313217
v 36.074596 0.000000 -3.313217
f -3 -2 -1
v 36.074596 0.000000 -3.313217
v 36.074596 -25.800001 -3.313217
v 36.000000 0.000000 -3.267949
f -3 -2 -1
v 36.074596 -25.800001 -3.313217
v 36.000000 -25.800001 -3.267949
v 36.000000 0.000000 -3.267949
f -3 -2 -1
v 36.000000 0.000000 -3.267949
v 36.000000 -25.800001 -3.267949
v 35.923496 0.000000 -3.225978
f -3 -2 -1
v 36.000000 -25.800001 -3.267949
v 35.923496 -25.800001 -3.225978
v 35.923496 0.000000 -3.225978
f -3 -2 -1
v 35.923496 0.000000 -3.225978
v 35.923496 -25.800001 -3.225978
v 35.845234 0.000000 -3.187384
f -3 -2 -1
v 35.923496 -25.800001 -3.225978
v 35.845234 -25.800001 -3.187384
v 35.845234 0.000000 -3.187384
f -3 -2 -1
v 35.845234 0.000000 -3.187384
v 35.845234 -25.800001 -3.187384
v 35.765369 0.000000 -3.152241
f -3 -2 -1
v 35.845234 -25.800001 -3.187384
v 35.765369 -25.800001 -3.152241
v 35.765369 0.000000 -3.152241
f -3 -2 -1
v 35.765369 0.000000 -3.152241
v 35.765369 -25.800001 -3.152241
v 35.684040 0.000000 -3.120615
f -3 -2 -1
v 35.765369 -25.800001 -3.152241
v 35.684040 -25.800001 -3.120615
v 35.684040 0.000000 -3.120615
f -3 -2 -1
v 35.684040 0.000000 -3.120615
v 35.684040 -25.800001 -3.120615
v 35.601410 0.000000 -3.092566
f -3 -2 -1
v 35.684040 -25.800001 -3.120615
v 35.601410 -25.800001 -3.092566
v 35.601410 0.000000 -3.092566
f -3 -2 -1
v 35.601410 0.000000 -3.092566
v 35.601410 -25.800001 -3.092566
v 35.517635 0.000000 -3.068148
f -3 -2 -1
v 35.601410 -25.800001 -3.092566
v 35.517635 -25.800001 -3.068148
v 35.517635 0.000000 -3.068148
f -3 -2 -1
v 35.517635 0.000000 -3.068148
v 35.517635 -25.800001 -3.068148
v 35.432880 0.000000 -3.047408
f -3 -2 -1
v 35.517635 -25.800001 -3.068148
v 35.432880 -25.800001 -3.047408
v 35.432880 0.000000 -3.047408
f -3 -2 -1
v 35.432880 0.000000 -3.047408
v 35.432880 -25.800001 -3.047408
v 35.347298 0.000000 -3.030385
f -3 -2 -1
v 35.432880 -25.800001 -3.047408
v 35.347298 -25.800001 -3.030385
v 35.347298 0.000000 -3.030385
f -3 -2 -1
v 35.347298 0.000000 -3.030385
v 35.347298 -25.800001 -3.030385
v 35.261055 0.000000 -3.017110
f -3 -2 -1
v 35.347298 -25.800001 -3.030385
v 35.261055 -25.800001 -3.017110
v 35.261055 0.000000 -3.017110
f -3 -2 -1
v 35.261055 0.000000 -3.017110
v 35.261055 -25.800001 -3.017110
v 35.174309 0.000000 -3.007611
f -3 -2 -1
v 35.261055 -25.800001 -3.017110
v 35.174309 -25.800001 -3.007611
v 35.174309 0.000000 -3.007611
f -3 -2 -1
v 35.174309 0.000000 -3.007611
v 35.174309 -25.800001 -3.007611
v 35.087238 0.000000 -3.001904
f -3 -2 -1
v 35.174309 -25.800001 -3.007611
v 35.087238 -25.800001 -3.001904
v 35.087238 0.000000 -3.001904
f -3 -2 -1
v 35.087238 0.000000 -3.001904
v 35.087238 -25.800001 -3.001904
v 35.000000 0.000000 -3.000000
f -3 -2 -1
v 35.087238 -25.800001 -3.001904
v 35.000000 -25.800001 -3.000000
v 35.000000 0.000000 -3.000000
f -3 -2 -1
v 35.000000 0.000000 -3.000000
v 35.000000 -25.800001 -3.000000
v 34.912762 0.000000 -3.001904
f -3 -2 -1
v 35.000000 -25.800001 -3.000000
v 34.912762 -25.800001 -3.001904
v 34.912762 0.000000 -3.001904
f -3 -2 -1
v 34.912762 0.000000 -3.001904
v 34.912762 -25.800001 -3.001904
v 34.825691 0.000000 -3.007611
f -3 -2 -1
v 34.912762 -25.800001 -3.001904
v 34.825691 -25.800001 -3.007611
v 34.825691 0.000000 -3.007611
f -3 -2 -1
v 34.825691 0.000000 -3.007611
v 34.825691 -25.800001 -3.007611
v 34.738945 0.000000 -3.017110
f -3 -2 -1
v 34.825691 -25.800001 -3.007611
v 34.738945 -25.800001 -3.017110
v 34.738945 0.000000 -3.017110
f -3 -2 -1
v 34.738945 0.000000 -3.017110
v 34.738945 -25.800001 -3.017110
v 34.652702 0.000000 -3.030385
f -3 -2 -1
v 34.738945 -25.800001 -3.017110
v 34.652702 -25.800001 -3.030385
v 34.652702 0.000000 -3.030385
f -3 -2 -1
v 34.652702 0.000000 -3.030385
v 34.652702 -25.800001 -3.030385
v 34.567120 0.000000 -3.047408
f -3 -2 -1
v 34.652702 -25.800001 -3.030385
v 34.567120 -25.800001 -3.047408
v 34.567120 0.000000 -3.047408
f -3 -2 -1
v 34.567120 0.000000 -3.047408
v 34.567120 -25.800001 -3.047408
v 34.482365 0.000000 -3.068148
f -3 -2 -1
v 34.567120 -25.800001 -3.047408
v 34.482365 -25.800001 -3.068148
v 34.482365 0.000000 -3.068148
f -3 -2 -1
v 34.482365 0.000000 -3.068148
v 34.482365 -25.800001 -3.068148
v 34.398590 0.000000 -3.092566
f -3 -2 -1
v 34.482365 -25.800001 -3.068148
v 34.398590 -25.800001 -3.092566
v 34.398590 0.000000 -3.092566
f -3 -2 -1
v 34.398590 0.000000 -3.092566
v 34.398590 -25.800001 -3.092566
v 34.315960 0.000000 -3.120615
f -3 -2 -1
v 34.398590 -25.800001 -3.092566
v 34.315960 -25.800001 -3.120615
v 34.315960 0.000000 -3.120615
f -3 -2 -1
v 34.315960 0.000000 -3.120615
v 34.315960 -25.800001 -3.120615
v 34.234631 0.000000 -3.152241
f -3 -2 -1
v 34.315960 -25.800001 -3.120615
v 34.234631 -25.800001 -3.152241
v 34.234631 0.000000 -3.152241
f -3 -2 -1
v 34.234631 0.000000 -3.152241
v 34.234631 -25.800001 -3.152241
v 34.154766 0.000000 -3.187384
f -3 -2 -1
v 34.234631 -25.800001 -3.152241
v 34.154766 -25.800001 -3.187384
v 34.154766 0.000000 -3.187384
f -3 -2 -1
v 34.154766 0.000000 -3.187384
v 34.154766 -25.800001 -3.187384
v 34.076504 0.000000 -3.225978
f -3 -2 -1
v 34.154766 -25.800001 -3.187384
v 34.076504 -25.800001 -3.225978
v 34.076504 0.000000 -3.225978
f -3 -2 -1
v 34.076504 0.000000 -3.225978
v 34.076504 -25.800001 -3.225978
v 34.000000 0.000000 -3.267949
f -3 -2 -1
v 34.076504 -25.800001 -3.225978
v 34.000000 -25.800001 -3.267949
v 34.000000 0.000000 -3.267949
f -3 -2 -1
v 34.000000 0.000000 -3.267949
v 34.000000 -25.800001 -3.267949
v 33.925400 0.000000 -3.313217
f -3 -2 -1
v 34.000000 -25.800001 -3.267949
v 33.925400 -25.800001 -3.313217
v 33.925400 0.000000 -3.313217
f -3 -2 -1
v 33.925400 0.000000 -3.313217
v 33.925400 -25.800001 -3.313217
v 33.852844 0.000000 -3.361696
f -3 -2 -1
v 33.925400 -25.800001 -3.313217
v 33.852844 -25.800001 -3.361696
v 33.852844 0.000000 -3.361696
f -3 -2 -1
v 33.852844 0.000000 -3.361696
v 33.852844 -25.800001 -3.361696
v 33.782478 0.000000 -3.413293
f -3 -2 -1
v 33.852844 -25.800001 -3.361696
v 33.782478 -25.800001 -3.413293
v 33.782478 0.000000 -3.413293
f -3 -2 -1
v 33.782478 0.000000 -3.413293
v 33.782478 -25.800001 -3.413293
v 33.714424 0.000000 -3.467911
f -3 -2 -1
v 33.782478 -25.800001 -3.413293
v 33.714424 -25.800001 -3.467911
v 33.714424 0.000000 -3.467911
f -3 -2 -1
v 33.714424 0.000000 -3.467911
v 33.714424 -25.800001 -3.467911
v 33.648819 0.000000 -3.525445
f -3 -2 -1
v 33.714424 -25.800001 -3.467911
v 33.648819 -25.800001 -3.525445
v 33.648819 0.000000 -3.525445
f -3 -2 -1
v 33.648819 0.000000 -3.525445
v 33.648819 -25.800001 -3.525445
v 33.585785 0.000000 -3.585786
f -3 -2 -1
v 33.648819 -25.800001 -3.525445
v 33.585785 -25.800001 -3.585786
v 33.585785 0.000000 -3.585786
f -3 -2 -1
v 33.585785 0.000000 -3.585786
v 33.585785 -25.800001 -3.585786
v 33.525444 0.000000 -3.648820
f -3 -2 -1
v 33.585785 -25.800001 -3.585786
v 33.525444 -25.800001 -3.648820
v 33.525444 0.000000 -3.648820
f -3 -2 -1
v 33.525444 0.000000 -3.648820
v 33.525444 -25.800001 -3.648820
v 33.467911 0.000000 -3.714425
f -3 -2 -1
v 33.525444 -25.800001 -3.648820
v 33.467911 -25.800001 -3.714425
v 33.467911 0.000000 -3.714425
f -3 -2 -1
v 33.467911 0.000000 -3.714425
v 33.467911 -25.800001 -3.714425
v 33.413296 0.000000 -3.782477
f -3 -2 -1
v 33.467911 -25.800001 -3.714425
v 33.413296 -25.800001 -3.782477
v 33.413296 0.000000 -3.782477
f -3 -2 -1
v 33.413296 0.000000 -3.782477
v 33.413296 -25.800001 -3.782477
v 33.361694 0.000000 -3.852847
f -3 -2 -1
v 33.413296 -25.800001 -3.782477
v 33.361694 -25.800001 -3.852847
v 33.361694 0.000000 -3.852847
f -3 -2 -1
v 33.361694 0.000000 -3.852847
v 33.361694 -25.800001 -3.852847
v 33.313217 0.000000 -3.925401
f -3 -2 -1
v 33.361694 -25.800001 -3.852847
v 33.313217 -25.800001 -3.925401
v 33.313217 0.000000 -3.925401
f -3 -2 -1
v 33.313217 0.000000 -3.925401
v 33.313217 -25.800001 -3.925401
v 33.267948 0.000000 -4.000000
f -3 -2 -1
v 33.313217 -25.800001 -3.925401
v 33.267948 -25.800001 -4.000000
v 33.267948 0.000000 -4.000000
f -3 -2 -1
v 33.267948 0.000000 -4.000000
v 33.267948 -25.800001 -4.000000
v 33.225979 0.000000 -4.076503
f -3 -2 -1
v 33.267948 -25.800001 -4.000000
v 33.225979 -25.800001 -4.076503
v 33.225979 0.000000 -4.076503
f -3 -2 -1
v 33.225979 0.000000 -4.076503
v 33.225979 -25.800001 -4.076503
v 33.187386 0.000000 -4.154764
f -3 -2 -1
v 33.225979 -25.800001 -4.076503
v 33.187386 -25.800001 -4.154764
v 33.187386 0.000000 -4.154764
f -3 -2 -1
v 33.187386 0.000000 -4.154764
v 33.187386 -25.800001 -4.154764
v 33.152241 0.000000 -4.234633
f -3 -2 -1
v 33.187386 -25.800001 -4.154764
v 33.152241 -25.800001 -4.234633
v 33.152241 0.000000 -4.234633
f -3 -2 -1
v 33.152241 0.000000 -4.234633
v 33.152241 -25.800001 -4.234633
v 33.120613 0.000000 -4.315960
f -3 -2 -1
v 33.152241 -25.800001 -4.234633
v 33.120613 -25.800001 -4.315960
v 33.120613 0.000000 -4.315960
f -3 -2 -1
v 33.120613 0.000000 -4.315960
v 33.120613 -25.800001 -4.315960
v 33.092567 0.000000 -4.398589
f -3 -2 -1
v 33.120613 -25.800001 -4.315960
v 33.092567 -25.800001 -4.398589
v 33.092567 0.000000 -4.398589
f -3 -2 -1
v 33.092567 0.000000 -4.398589
v 33.092567 -25.800001 -4.398589
v 33.068146 0.000000 -4.482362
f -3 -2 -1
v 33.092567 -25.800001 -4.398589
v 33.068146 -25.800001 -4.482362
v 33.068146 0.000000 -4.482362
f -3 -2 -1
v 33.068146 0.000000 -4.482362
v 33.068146 -25.800001 -4.482362
v 33.047409 0.000000 -4.567121
f -3 -2 -1
v 33.068146 -25.800001 -4.482362
v 33.047409 -25.800001 -4.567121
v 33.047409 0.000000 -4.567121
f -3 -2 -1
v 33.047409 0.000000 -4.567121
v 33.047409 -25.800001 -4.567121
v 33.030384 0.000000 -4.652704
f -3 -2 -1
v 33.047409 -25.800001 -4.567121
v 33.030384 -25.800001 -4.652704
v 33.030384 0.000000 -4.652704
f -3 -2 -1
v 33.030384 0.000000 -4.652704
v 33.030384 -25.800001 -4.652704
v 33.017109 0.000000 -4.738948
f -3 -2 -1
v 33.030384 -25.800001 -4.652704
v 33.017109 -25.800001 -4.738948
v 33.017109 0.000000 -4.738948
f -3 -2 -1
v 33.017109 0.000000 -4.738948
v 33.017109 -25.800001 -4.738948
v 33.007610 0.000000 -4.825688
f -3 -2 -1
v 33.017109 -25.800001 -4.738948
v 33.007610 -25.800001 -4.825688
v 33.007610 0.000000 -4.825688
f -3 -2 -1
v 33.007610 0.000000 -4.825688
v 33.007610 -25.800001 -4.825688
v 33.001904 0.000000 -4.912761
f -3 -2 -1
v 33.007610 -25.800001 -4.825688
v 33.001904 -25.800001 -4.912761
v 33.001904 0.000000 -4.912761
f -3 -2 -1
v 33.001904 0.000000 -4.912761
v 33.001904 -25.800001 -4.912761
v 33.000000 0.000000 -5.000000
f -3 -2 -1
v 33.001904 -25.800001 -4.912761
v 33.000000 -25.800001 -5.000000
v 33.000000 0.000000 -5.000000
f -3 -2 -1
v 33.000000 0.000000 -5.000000
v 33.000000 -25.800001 -5.000000
v 33.001904 0.000000 -5.087239
f -3 -2 -1
v 33.000000 -25.800001 -5.000000
v 33.001904 -25.800001 -5.087239
v 33.001904 0.000000 -5.087239
f -3 -2 -1
v 33.001904 0.000000 -5.087239
v 33.001904 -25.800001 -5.087239
v 33.007610 0.000000 -5.174311
f -3 -2 -1
v 33.001904 -25.800001 -5.087239
v 33.007610 -25.800001 -5.174311
v 33.007610 0.000000 -5.174311
f -3 -2 -1
v 33.007610 0.000000 -5.174311
v 33.007610 -25.800001 -5.174311
v 33.017109 0.000000 -5.261053
f -3 -2 -1
v 33.007610 -25.800001 -5.174311
v 33.017109 -25.800001 -5.261053
v 33.017109 0.000000 -5.261053
f -3 -2 -1
v 33.017109 0.000000 -5.261053
v 33.017109 -25.800001 -5.261053
v 33.030384 0.000000 -5.347296
f -3 -2 -1
v 33.017109 -25.800001 -5.261053
v 33.030384 -25.800001 -5.347296
v 33.030384 0.000000 -5.347296
f -3 -2 -1
v 33.030384 0.000000 -5.347296
v 33.030384 -25.800001 -5.347296
v 33.047409 0.000000 -5.432879
f -3 -2 -1
v 33.030384 -25.800001 -5.347296
v 33.047409 -25.800001 -5.432879
v 33.047409 0.000000 -5.432879
f -3 -2 -1
v 33.047409 0.000000 -5.432879
v 33.047409 -25.800001 -5.432879
v 33.068146 0.000000 -5.517638
f -3 -2 -1
v 33.047409 -25.800001 -5.432879
v 33.068146 -25.800001 -5.517638
v 33.068146 0.000000 -5.517638
f -3 -2 -1
v 33.068146 0.000000 -5.517638
v 33.068146 -25.800001 -5.517638
v 33.092567 0.000000 -5.601412
f -3 -2 -1
v 33.068146 -25.800001 -5.517638
v 33.092567 -25.800001 -5.601412
v 33.092567 0.000000 -5.601412
f -3 -2 -1
v 33.092567 0.000000 -5.601412
v 33.092567 -25.800001 -5.601412
v 33.120613 0.000000 -5.684041
f -3 -2 -1
v 33.092567 -25.800001 -5.601412
v 33.120613 -25.800001 -5.684041
v 33.120613 0.000000 -5.684041
f -3 -2 -1
v 33.120613 0.000000 -5.684041
v 33.120613 -25.800001 -5.684041
v 33.152241 0.000000 -5.765367
f -3 -2 -1
v 33.120613 -25.800001 -5.684041
v 33.152241 -25.800001 -5.765367
v 33.152241 0.000000 -5.765367
f -3 -2 -1
v 33.152241 0.000000 -5.765367
v 33.152241 -25.800001 -5.765367
v 33.187386 0.000000 -5.845237
f -3 -2 -1
v 33.152241 -25.800001 -5.765367
v 33.187386 -25.800001 -5.845237
v 33.187386 0.000000 -5.845237
f -3 -2 -1
v 33.187386 0.000000 -5.845237
v 33.187386 -25.800001 -5.845237
v 33.225979 0.000000 -5.923497
f -3 -2 -1
v 33.187386 -25.800001 -5.845237
v 33.225979 -25.800001 -5.923497
v 33.225979 0.000000 -5.923497
f -3 -2 -1
v 33.225979 0.000000 -5.923497
v 33.225979 -25.800001 -5.923497
v 33.267948 0.000000 -6.000000
f -3 -2 -1
v 33.225979 -25.800001 -5.923497
v 33.267948 -25.800001 -6.000000
v 33.267948 0.000000 -6.000000
f -3 -2 -1
v 33.267948 0.000000 -6.000000
v 33.267948 -25.800001 -6.000000
v 33.313217 0.000000 -6.074599
f -3 -2 -1
v 33.267948 -25.800001 -6.000000
v 33.313217 -25.800001 -6.074599
v 33.313217 0.000000 -6.074599
f -3 -2 -1
v 33.313217 0.000000 -6.074599
v 33.313217 -25.800001 -6.074599
v 33.361694 0.000000 -6.147153
f -3 -2 -1
v 33.313217 -25.800001 -6.074599
v 33.361694 -25.800001 -6.147153
v 33.361694 0.000000 -6.147153
f -3 -2 -1
v 33.361694 0.000000 -6.147153
v 33.361694 -25.800001 -6.147153
v 33.413296 0.000000 -6.217523
f -3 -2 -1
v 33.361694 -25.800001 -6.147153
v 33.413296 -25.800001 -6.217523
v 33.413296 0.000000 -6.217523
f -3 -2 -1
v 33.413296 0.000000 -6.217523
v 33.413296 -25.800001 -6.217523
v 33.467911 0.000000 -6.285575
f -3 -2 -1
v 33.413296 -25.800001 -6.217523
v 33.467911 -25.800001 -6.285575
v 33.467911 0.000000 -6.285575
f -3 -2 -1
v 33.467911 0.000000 -6.285575
v 33.467911 -25.800001 -6.285575
v 33.525444 0.000000 -6.351181
f -3 -2 -1
v 33.467911 -25.800001 -6.285575
v 33.525444 -25.800001 -6.351181
v 33.525444 0.000000 -6.351181
f -3 -2 -1
v 33.525444 0.000000 -6.351181
v 33.525444 -25.800001 -6.351181
v 33.585785 0.000000 -6.414214
f -3 -2 -1
v 33.525444 -25.800001 -6.351181
v 33.585785 -25.800001 -6.414214
v 33.585785 0.000000 -6.414214
f -3 -2 -1
v 33.585785 0.000000 -6.414214
v 33.585785 -25.800001 -6.414214
v 33.648819 0.000000 -6.474555
f -3 -2 -1
v 33.585785 -25.800001 -6.414214
v 33.648819 -25.800001 -6.474555
v 33.648819 0.000000 -6.474555
f -3 -2 -1
v 33.648819 0.000000 -6.474555
v 33.648819 -25.800001 -6.474555
v 33.714424 0.000000 -6.532089
f -3 -2 -1
v 33.648819 -25.800001 -6.474555
v 33.714424 -25.800001 -6.532089
v 33.714424 0.000000 -6.532089
f -3 -2 -1
v 33.714424 0.000000 -6.532089
v 33.714424 -25.800001 -6.532089
v 33.782478 0.000000 -6.586707
f -3 -2 -1
v 33.714424 -25.800001 -6.532089
v 33.782478 -25.800001 -6.586707
v 33.782478 0.000000 -6.586707
f -3 -2 -1
v 33.782478 0.000000 -6.586707
v 33.782478 -25.800001 -6.586707
v 33.852844 0.000000 -6.638304
f -3 -2 -1
v 33.782478 -25.800001 -6.586707
v 33.852844 -25.800001 -6.638304
v 33.852844 0.000000 -6.638304
f -3 -2 -1
v 33.852844 0.000000 -6.638304
v 33.852844 -25.800001 -6.638304
v 33.925400 0.000000 -6.686783
f -3 -2 -1
v 33.852844 -25.800001 -6.638304
v 33.925400 -25.800001 -6.686783
v 33.925400 0.000000 -6.686783
f -3 -2 -1
v 33.925400 0.000000 -6.686783
v 33.925400 -25.800001 -6.686783
v 34.000000 0.000000 -6.732051
f -3 -2 -1
v 33.925400 -25.800001 -6.686783
v 34.000000 -25.800001 -6.732051
v 34.000000 0.000000 -6.732051
f -3 -2 -1
v 34.000000 0.000000 -6.732051
v 34.000000 -25.800001 -6.732051
v 34.076504 0.000000 -6.774022
f -3 -2 -1
v 34.000000 -25.800001 -6.732051
v 34.076504 -25.800001 -6.774022
v 34.076504 0.000000 -6.774022
f -3 -2 -1
v 34.076504 0.000000 -6.774022
v 34.076504 -25.800001 -6.774022
v 34.154766 0.000000 -6.812616
f -3 -2 -1
v 34.076504 -25.800001 -6.774022
v 34.154766 -25.800001 -6.812616
v 34.154766 0.000000 -6.812616
f -3 -2 -1
v 34.154766 0.000000 -6.812616
v 34.154766 -25.800001 -6.812616
v 34.234631 0.000000 -6.847759
f -3 -2 -1
v 34.154766 -25.800001 -6.812616
v 34.234631 -25.800001 -6.847759
v 34.234631 0.000000 -6.847759
f -3 -2 -1
v 34.234631 0.000000 -6.847759
v 34.234631 -25.800001 -6.847759
v 34.315960 0.000000 -6.879385
f -3 -2 -1
v 34.234631 -25.800001 -6.847759
v 34.315960 -25.800001 -6.879385
v 34.315960 0.000000 -6.879385
f -3 -2 -1
v 34.315960 0.000000 -6.879385
v 34.315960 -25.800001 -6.879385
v 34.398590 0.000000 -6.907434
f -3 -2 -1
v 34.315960 -25.800001 -6.879385
v 34.398590 -25.800001 -6.907434
v 34.398590 0.000000 -6.907434
f -3 -2 -1
v 34.398590 0.000000 -6.907434
v 34.398590 -25.800001 -6.907434
v 34.482365 0.000000 -6.931851
f -3 -2 -1
v 34.398590 -25.800001 -6.907434
v 34.482365 -25.800001 -6.931851
v 34.482365 0.000000 -6.931851
f -3 -2 -1
v 34.482365 0.000000 -6.931851
v 34.482365 -25.800001 -6.931851
v 34.567120 0.000000 -6.952592
f -3 -2 -1
v 34.482365 -25.800001 -6.931851
v 34.567120 -25.800001 -6.952592
v 34.567120 0.000000 -6.952592
f -3 -2 -1
v 34.567120 0.000000 -6.952592
v 34.567120 -25.800001 -6.952592
v 34.652702 0.000000 -6.969615
f -3 -2 -1
v 34.567120 -25.800001 -6.952592
v 34.652702 -25.800001 -6.969615
v 34.652702 0.000000 -6.969615
f -3 -2 -1
v 34.652702 0.000000 -6.969615
v 34.652702 -25.800001 -6.969615
v 34.738945 0.000000 -6.982890
f -3 -2 -1
v 34.652702 -25.800001 -6.969615
v 34.738945 -25.800001 -6.982890
v 34.738945 0.000000 -6.982890
f -3 -2 -1
v 34.738945 0.000000 -6.982890
v 34.738945 -25.800001 -6.982890
v 34.825691 0.000000 -6.992390
f -3 -2 -1
v 34.738945 -25.800001 -6.982890
v 34.825691 -25.800001 -6.992390
v 34.825691 0.000000 -6.992390
f -3 -2 -1
v 34.825691 0.000000 -6.992390
v 34.825691 -25.800001 -6.992390
v 34.912762 0.000000 -6.998096
f -3 -2 -1
v 34.825691 -25.800001 -6.992390
v 34.912762 -25.800001 -6.998096
v 34.912762 0.000000 -6.998096
f -3 -2 -1
v 34.912762 0.000000 -6.998096
v 34.912762 -25.800001 -6.998096
v 35.000000 0.000000 -7.000000
f -3 -2 -1
v 34.912762 -25.800001 -6.998096
v 35.000000 -25.800001 -7.000000
v 35.000000 0.000000 -7.000000
f -3 -2 -1
v 1.800000 0.000000 -40.603497
v 1.800000 -25.800001 -40.603497
v 1.800000 0.000000 -43.047668
f -3 -2 -1
v 1.800000 -25.800001 -40.603497
v 1.800000 -25.800001 -43.047668
v 1.800000 0.000000 -43.047668
f -3 -2 -1
v 1.800000 0.000000 -43.047668
v 1.800000 -25.800001 -43.047668
v 1.800000 0.000000 -43.431923
f -3 -2 -1
v 1.800000 -25.800001 -43.047668
v 1.800000 -25.800001 -43.431923
v 1.800000 0.000000 -43.431923
f -3 -2 -1
v 5.000000 0.000000 -7.000000
v 5.000000 -25.800001 -7.000000
v 5.087239 0.000000 -6.998096
f -3 -2 -1
v 5.000000 -25.800001 -7.000000
v 5.087239 -25.800001 -6.998096
v 5.087239 0.000000 -6.998096
f -3 -2 -1
v 5.087239 0.000000 -6.998096
v 5.087239 -25.800001 -6.998096
v 5.174311 0.000000 -6.992390
f -3 -2 -1
v 5.087239 -25.800001 -6.998096
v 5.174311 -25.800001 -6.992390
v 5.174311 0.000000 -6.992390
f -3 -2 -1
v 5.174311 0.000000 -6.992390
v 5.174311 -25.800001 -6.992390
v 5.261053 0.000000 -6.982890
f -3 -2 -1
v 5.174311 -25.800001 -6.992390
v 5.261053 -25.800001 -6.982890
v 5.261053 0.000000 -6.982890
f -3 -2 -1
v 5.261053 0.000000 -6.982890
v 5.261053 -25.800001 -6.982890
v 5.347296 0.000000 -6.969615
f -3 -2 -1
v 5.261053 -25.800001 -6.982890
v 5.347296 -25.800001 -6.969615
v 5.347296 0.000000 -6.969615
f -3 -2 -1
v 5.347296 0.000000 -6.969615
v 5.347296 -25.800001 -6.969615
v 5.432879 0.000000 -6.952592
f -3 -2 -1
v 5.347296 -25.800001 -6.969615
v 5.432879 -25.800001 -6.952592
v 5.432879 0.000000 -6.952592
f -3 -2 -1
v 5.432879 0.000000 -6.952592
v 5.432879 -25.800001 -6.952592
v 5.517638 0.000000 -6.931851
f -3 -2 -1
v 5.432879 -25.800001 -6.952592
v 5.517638 -25.800001 -6.931851
v 5.517638 0.000000 -6.931851
f -3 -2 -1
v 5.517638 0.000000 -6.931851
v 5.517638 -25.800001 -6.931851
v 5.601412 0.000000 -6.907434
f -3 -2 -1
v 5.517638 -25.800001 -6.931851
v 5.601412 -25.800001 -6.907434
v 5.601412 0.000000 -6.907434
f -3 -2 -1
v 5.601412 0.000000 -6.907434
v 5.601412 -25.800001 -6.907434
v 5.684041 0.000000 -6.879385
f -3 -2 -1
v 5.601412 -25.800001 -6.907434
v 5.684041 -25.800001 -6.879385
v 5.684041 0.000000 -6.879385
f -3 -2 -1
v 5.684041 0.000000 -6.879385
v 5.684041 -25.800001 -6.879385
v 5.765367 0.000000 -6.847759
f -3 -2 -1
v 5.684041 -25.800001 -6.879385
v 5.765367 -25.800001 -6.847759
v 5.765367 0.000000 -6.847759
f -3 -2 -1
v 5.765367 0.000000 -6.847759
v 5.765367 -25.800001 -6.847759
v 5.845237 0.000000 -6.812616
f -3 -2 -1
v 5.765367 -25.800001 -6.847759
v 5.845237 -25.800001 -6.812616
v 5.845237 0.000000 -6.812616
f -3 -2 -1
v 5.845237 0.000000 -6.812616
v 5.845237 -25.800001 -6.812616
v 5.923497 0.000000 -6.774022
f -3 -2 -1
v 5.845237 -25.800001 -6.812616
v 5.923497 -25.800001 -6.774022
v 5.923497 0.000000 -6.774022
f -3 -2 -1
v 5.923497 0.000000 -6.774022
v 5.923497 -25.800001 -6.774022
v 6.000000 0.000000 -6.732051
f -3 -2 -1
v 5.923497 -25.800001 -6.774022
v 6.000000 -25.800001 -6.732051
v 6.000000 0.000000 -6.732051
f -3 -2 -1
v 6.000000 0.000000 -6.732051
v 6.000000 -25.800001 -6.732051
v 6.074599 0.000000 -6.686783
f -3 -2 -1
v 6.000000 -25.800001 -6.732051
v 6.074599 -25.800001 -6.686783
v 6.074599 0.000000 -6.686783
f -3 -2 -1
v 6.074599 0.000000 -6.686783
v 6.074599 -25.800001 -6.686783
v 6.147153 0.000000 -6.638304
f -3 -2 -1
v 6.074599 -25.800001 -6.686783
v 6.147153 -25.800001 -6.638304
v 6.147153 0.000000 -6.638304
f -3 -2 -1
v 6.147153 0.000000 -6.638304
v 6.147153 -25.800001 -6.638304
v 6.217523 0.000000 -6.586707
f -3 -2 -1
v 6.147153 -25.800001 -6.638304
v 6.217523 -25.800001 -6.586707
v 6.217523 0.000000 -6.586707
f -3 -2 -1
v 6.217523 0.000000 -6.586707
v 6.217523 -25.800001 -6.586707
v 6.285575 0.000000 -6.532089
f -3 -2 -1
v 6.217523 -25.800001 -6.586707
v 6.285575 -25.800001 -6.532089
v 6.285575 0.000000 -6.532089
f -3 -2 -1
v 6.285575 0.000000 -6.532089
v 6.285575 -25.800001 -6.532089
v 6.351181 0.000000 -6.474555
f -3 -2 -1
v 6.285575 -25.800001 -6.532089
v 6.351181 -25.800001 -6.474555
v 6.351181 0.000000 -6.474555
f -3 -2 -1
v 6.351181 0.000000 -6.474555
v 6.351181 -25.800001 -6.474555
v 6.414214 0.000000 -6.414214
f -3 -2 -1
v 6.351181 -25.800001 -6.474555
v 6.414214 -25.800001 -6.414214
v 6.414214 0.000000 -6.414214
f -3 -2 -1
v 6.414214 0.000000 -6.414214
v 6.414214 -25.800001 -6.414214
v 6.474555 0.000000 -6.351181
f -3 -2 -1
v 6.414214 -25.800001 -6.414214
v 6.474555 -25.800001 -6.351181
v 6.474555 0.000000 -6.351181
f -3 -2 -1
v 6.474555 0.000000 -6.351181
v 6.474555 -25.800001 -6.351181
v 6.532089 0.000000 -6.285575
f -3 -2 -1
v 6.474555 -25.800001 -6.351181
v 6.532089 -25.800001 -6.285575
v 6.532089 0.000000 -6.285575
f -3 -2 -1
v 6.532089 0.000000 -6.285575
v 6.532089 -25.800001 -6.285575
v 6.586707 0.000000 -6.217523
f -3 -2 -1
v 6.532089 -25.800001 -6.285575
v 6.586707 -25.800001 -6.217523
v 6.586707 0.000000 -6.217523
f -3 -2 -1
v 6.586707 0.000000 -6.217523
v 6.586707 -25.800001 -6.217523
v 6.638304 0.000000 -6.147153
f -3 -2 -1
v 6.586707 -25.800001 -6.217523
v 6.638304 -25.800001 -6.147153
v 6.638304 0.000000 -6.147153
f -3 -2 -1
v 6.638304 0.000000 -6.147153
v 6.638304 -25.800001 -6.147153
v 6.686783 0.000000 -6.074599
f -3 -2 -1
v 6.638304 -25.800001 -6.147153
v 6.686783 -25.800001 -6.074599
v 6.686783 0.000000 -6.074599
f -3 -2 -1
v 6.686783 0.000000 -6.074599
v 6.686783 -25.800001 -6.074599
v 6.732051 0.000000 -6.000000
f -3 -2 -1
v 6.686783 -25.800001 -6.074599
v 6.732051 -25.800001 -6.000000
v 6.732051 0.000000 -6.000000
f -3 -2 -1
v 6.732051 0.000000 -6.000000
v 6.732051 -25.800001 -6.000000
v 6.774022 0.000000 -5.923497
f -3 -2 -1
v 6.732051 -25.800001 -6.000000
v 6.774022 -25.800001 -5.923497
v 6.774022 0.000000 -5.923497
f -3 -2 -1
v 6.774022 0.000000 -5.923497
v 6.774022 -25.800001 -5.923497
v 6.812616 0.000000 -5.845237
f -3 -2 -1
v 6.774022 -25.800001 -5.923497
v 6.812616 -25.800001 -5.845237
v 6.812616 0.000000 -5.845237
f -3 -2 -1
v 6.812616 0.000000 -5.845237
v 6.812616 -25.800001 -5.845237
v 6.847759 0.000000 -5.765367
f -3 -2 -1
v 6.812616 -25.800001 -5.845237
v 6.847759 -25.800001 -5.765367
v 6.847759 0.000000 -5.765367
f -3 -2 -1
v 6.847759 0.000000 -5.765367
v 6.847759 -25.800001 -5.765367
v 6.879385 0.000000 -5.684041
f -3 -2 -1
v 6.847759 -25.800001 -5.765367
v 6.879385 -25.800001 -5.684041
v 6.879385 0.000000 -5.684041
f -3 -2 -1
v 6.879385 0.000000 -5.684041
v 6.879385 -25.800001 -5.684041
v 6.907434 0.000000 -5.601412
f -3 -2 -1
v 6.879385 -25.800001 -5.684041
v 6.907434 -25.800001 -5.601412
v 6.907434 0.000000 -5.601412
f -3 -2 -1
v 6.907434 0.000000 -5.601412
v 6.907434 -25.800001 -5.601412
v 6.931851 0.000000 -5.517638
f -3 -2 -1
v 6.907434 -25.800001 -5.601412
v 6.931851 -25.800001 -5.517638
v 6.931851 0.000000 -5.517638
f -3 -2 -1
v 6.931851 0.000000 -5.517638
v 6.931851 -25.800001 -5.517638
v 6.952592 0.000000 -5.432879
f -3 -2 -1
v 6.931851 -25.800001 -5.517638
v 6.952592 -25.800001 -5.432879
v 6.952592 0.000000 -5.432879
f -3 -2 -1
v 6.952592 0.000000 -5.432879
v 6.952592 -25.800001 -5.432879
v 6.969615 0.000000 -5.347296
f -3 -2 -1
v 6.952592 -25.800001 -5.432879
v 6.969615 -25.800001 -5.347296
v 6.969615 0.000000 -5.347296
f -3 -2 -1
v 6.969615 0.000000 -5.347296
v 6.969615 -25.800001 -5.347296
v 6.982890 0.000000 -5.261053
f -3 -2 -1
v 6.969615 -25.800001 -5.347296
v 6.982890 -25.800001 -5.261053
v 6.982890 0.000000 -5.261053
f -3 -2 -1
v 6.982890 0.000000 -5.261053
v 6.982890 -25.800001 -5.261053
v 6.992390 0.000000 -5.174311
f -3 -2 -1
v 6.982890 -25.800001 -5.261053
v 6.992390 -25.800001 -5.174311
v 6.992390 0.000000 -5.174311
f -3 -2 -1
v 6.992390 0.000000 -5.174311
v 6.992390 -25.800001 -5.174311
v 6.998096 0.000000 -5.087239
f -3 -2 -1
v 6.992390 -25.800001 -5.174311
v 6.998096 -25.800001 -5.087239
v 6.998096 0.000000 -5.087239
f -3 -2 -1
v 6.998096 0.000000 -5.087239
v 6.998096 -25.800001 -5.087239
v 7.000000 0.000000 -5.000000
f -3 -2 -1
v 6.998096 -25.800001 -5.087239
v 7.000000 -25.800001 -5.000000
v 7.000000 0.000000 -5.000000
f -3 -2 -1
v 7.000000 0.000000 -5.000000
v 7.000000 -25.800001 -5.000000
v 6.998096 0.000000 -4.912761
f -3 -2 -1
v 7.000000 -25.800001 -5.000000
v 6.998096 -25.800001 -4.912761
v 6.998096 0.000000 -4.912761
f -3 -2 -1
v 6.998096 0.000000 -4.912761
v 6.998096 -25.800001 -4.912761
v 6.992390 0.000000 -4.825688
f -3 -2 -1
v 6.998096 -25.800001 -4.912761
v 6.992390 -25.800001 -4.825688
v 6.992390 0.000000 -4.825688
f -3 -2 -1
v 6.992390 0.000000 -4.825688
v 6.992390 -25.800001 -4.825688
v 6.982890 0.000000 -4.738948
f -3 -2 -1
v 6.992390 -25.800001 -4.825688
v 6.982890 -25.800001 -4.738948
v 6.982890 0.000000 -4.738948
f -3 -2 -1
v 6.982890 0.000000 -4.738948
v 6.982890 -25.800001 -4.738948
v 6.969615 0.000000 -4.652704
f -3 -2 -1
v 6.982890 -25.800001 -4.738948
v 6.969615 -25.800001 -4.652704
v 6.969615 0.000000 -4.652704
f -3 -2 -1
v 6.969615 0.000000 -4.652704
v 6.969615 -25.800001 -4.652704
v 6.952592 0.000000 -4.567121
f -3 -2 -1
v 6.969615 -25.800001 -4.652704
v 6.952592 -25.800001 -4.567121
v 6.952592 0.000000 -4.567121
f -3 -2 -1
v 6.952592 0.000000 -4.567121
v 6.952592 -25.800001 -4.567121
v 6.931851 0.000000 -4.482362
f -3 -2 -1
v 6.952592 -25.800001 -4.567121
v 6.931851 -25.800001 -4.482362
v 6.931851 0.000000 -4.482362
f -3 -2 -1
v 6.931851 0.000000 -4.482362
v 6.931851 -25.800001 -4.482362
v 6.907434 0.000000 -4.398589
f -3 -2 -1
v 6.931851 -25.800001 -4.482362
v 6.907434 -25.800001 -4.398589
v 6.907434 0.000000 -4.398589
f -3 -2 -1
v 6.907434 0.000000 -4.398589
v 6.907434 -25.800001 -4.398589
v 6.879385 0.000000 -4.315960
f -3 -2 -1
v 6.907434 -25.800001 -4.398589
v 6.879385 -25.800001 -4.315960
v 6.879385 0.000000 -4.315960
f -3 -2 -1
v 6.879385 0.000000 -4.315960
v 6.879385 -25.800001 -4.315960
v 6.847759 0.000000 -4.234633
f -3 -2 -1
v 6.879385 -25.800001 -4.315960
v 6.847759 -25.800001 -4.234633
v 6.847759 0.000000 -4.234633
f -3 -2 -1
v 6.847759 0.000000 -4.234633
v 6.847759 -25.800001 -4.234633
v 6.812616 0.000000 -4.154764
f -3 -2 -1
v 6.847759 -25.800001 -4.234633
v 6.812616 -25.800001 -4.154764
v 6.812616 0.000000 -4.154764
f -3 -2 -1
v 6.812616 0.000000 -4.154764
v 6.812616 -25.800001 -4.154764
v 6.774022 0.000000 -4.076503
f -3 -2 -1
v 6.812616 -25.800001 -4.154764
v 6.774022 -25.800001 -4.076503
v 6.774022 0.000000 -4.076503
f -3 -2 -1
v 6.774022 0.000000 -4.076503
v 6.774022 -25.800001 -4.076503
v 6.732051 0.000000 -4.000000
f -3 -2 -1
v 6.774022 -25.800001 -4.076503
v 6.732051 -25.800001 -4.000000
v 6.732051 0.000000 -4.000000
f -3 -2 -1
v 6.732051 0.000000 -4.000000
v 6.732051 -25.800001 -4.000000
v 6.686783 0.000000 -3.925401
f -3 -2 -1
v 6.732051 -25.800001 -4.000000
v 6.686783 -25.800001 -3.925401
v 6.686783 0.000000 -3.925401
f -3 -2 -1
v 6.686783 0.000000 -3.925401
v 6.686783 -25.800001 -3.925401
v 6.638304 0.000000 -3.852847
f -3 -2 -1
v 6.686783 -25.800001 -3.925401
v 6.638304 -25.800001 -3.852847
v 6.638304 0.000000 -3.852847
f -3 -2 -1
v 6.638304 0.000000 -3.852847
v 6.638304 -25.800001 -3.852847
v 6.586707 0.000000 -3.782477
f -3 -2 -1
v 6.638304 -25.800001 -3.852847
v 6.586707 -25.800001 -3.782477
v 6.586707 0.000000 -3.782477
f -3 -2 -1
v 6.586707 0.000000 -3.782477
v 6.586707 -25.800001 -3.782477
v 6.532089 0.000000 -3.714425
f -3 -2 -1
v 6.586707 -25.800001 -3.782477
v 6.532089 -25.800001 -3.714425
v 6.532089 0.000000 -3.714425
f -3 -2 -1
v 6.532089 0.000000 -3.714425
v 6.532089 -25.800001 -3.714425
v 6.474555 0.000000 -3.648820
f -3 -2 -1
v 6.532089 -25.800001 -3.714425
v 6.474555 -25.800001 -3.648820
v 6.474555 0.000000 -3.648820
f -3 -2 -1
v 6.474555 0.000000 -3.648820
v 6.474555 -25.800001 -3.648820
v 6.414214 0.000000 -3.585786
f -3 -2 -1
v 6.474555 -25.800001 -3.648820
v 6.414214 -25.800001 -3.585786
v 6.414214 0.000000 -3.585786
f -3 -2 -1
v 6.414214 0.000000 -3.585786
v 6.414214 -25.800001 -3.585786
v 6.351181 0.000000 -3.525445
f -3 -2 -1
v 6.414214 -25.800001 -3.585786
v 6.351181 -25.800001 -3.525445
v 6.351181 0.000000 -3.525445
f -3 -2 -1
v 6.351181 0.000000 -3.525445
v 6.351181 -25.800001 -3.525445
v 6.285575 0.000000 -3.467911
f -3 -2 -1
v 6.351181 -25.800001 -3.525445
v 6.285575 -25.800001 -3.467911
v 6.285575 0.000000 -3.467911
f -3 -2 -1
v 6.285575 0.000000 -3.467911
v 6.285575 -25.800001 -3.467911
v 6.217523 0.000000 -3.413293
f -3 -2 -1
v 6.285575 -25.800001 -3.467911
v 6.217523 -25.800001 -3.413293
v 6.217523 0.000000 -3.413293
f -3 -2 -1
v 6.217523 0.000000 -3.413293
v 6.217523 -25.800001 -3.413293
v 6.147153 0.000000 -3.361696
f -3 -2 -1
v 6.217523 -25.800001 -3.413293
v 6.147153 -25.800001 -3.361696
v 6.147153 0.000000 -3.361696
f -3 -2 -1
v 6.147153 0.000000 -3.361696
v 6.147153 -25.800001 -3.361696
v 6.074599 0.000000 -3.313217
f -3 -2 -1
v 6.147153 -25.800001 -3.361696
v 6.074599 -25.800001 -3.313217
v 6.074599 0.000000 -3.313217
f -3 -2 -1
v 6.074599 0.000000 -3.313217
v 6.074599 -25.800001 -3.313217
v 6.000000 0.000000 -3.267949
f -3 -2 -1
v 6.074599 -25.800001 -3.313217
v 6.000000 -25.800001 -3.267949
v 6.000000 0.000000 -3.267949
f -3 -2 -1
v 6.000000 0.000000 -3.267949
v 6.000000 -25.800001 -3.267949
v 5.923497 0.000000 -3.225978
f -3 -2 -1
v 6.000000 -25.800001 -3.267949
v 5.923497 -25.800001 -3.225978
v 5.923497 0.000000 -3.225978
f -3 -2 -1
v 5.923497 0.000000 -3.225978
v 5.923497 -25.800001 -3.225978
v 5.845237 0.000000 -3.187384
f -3 -2 -1
v 5.923497 -25.800001 -3.225978
v 5.845237 -25.800001 -3.187384
v 5.845237 0.000000 -3.187384
f -3 -2 -1
v 5.845237 0.000000 -3.187384
v 5.845237 -25.800001 -3.187384
v 5.765367 0.000000 -3.152241
f -3 -2 -1
v 5.845237 -25.800001 -3.187384
v 5.765367 -25.800001 -3.152241
v 5.765367 0.000000 -3.152241
f -3 -2 -1
v 5.765367 0.000000 -3.152241
v 5.765367 -25.800001 -3.152241
v 5.684041 0.000000 -3.120615
f -3 -2 -1
v 5.765367 -25.800001 -3.152241
v 5.684041 -25.800001 -3.120615
v 5.684041 0.000000 -3.120615
f -3 -2 -1
v 5.684041 0.000000 -3.120615
v 5.684041 -25.800001 -3.120615
v 5.601412 0.000000 -3.092566
f -3 -2 -1
v 5.684041 -25.800001 -3.120615
v 5.601412 -25.800001 -3.092566
v 5.601412 0.000000 -3.092566
f -3 -2 -1
v 5.601412 0.000000 -3.092566
v 5.601412 -25.800001 -3.092566
v 5.517638 0.000000 -3.068148
f -3 -2 -1
v 5.601412 -25.800001 -3.092566
v 5.517638 -25.800001 -3.068148
v 5.517638 0.000000 -3.068148
f -3 -2 -1
v 5.517638 0.000000 -3.068148
v 5.517638 -25.800001 -3.068148
v 5.432879 0.000000 -3.047408
f -3 -2 -1
v 5.517638 -25.800001 -3.068148
v 5.432879 -25.800001 -3.047408
v 5.432879 0.000000 -3.047408
f -3 -2 -1
v 5.432879 0.000000 -3.047408
v 5.432879 -25.800001 -3.047408
v 5.347296 0.000000 -3.030385
f -3 -2 -1
v 5.432879 -25.800001 -3.047408
v 5.347296 -25.800001 -3.030385
v 5.347296 0.000000 -3.030385
f -3 -2 -1
v 5.347296 0.000000 -3.030385
v 5.347296 -25.800001 -3.030385
v 5.261053 0.000000 -3.017110
f -3 -2 -1
v 5.347296 -25.800001 -3.030385
v 5.261053 -25.800001 -3.017110
v 5.261053 0.000000 -3.017110
f -3 -2 -1
v 5.261053 0.000000 -3.017110
v 5.261053 -25.800001 -3.017110
v 5.174311 0.000000 -3.007611
f -3 -2 -1
v 5.261053 -25.800001 -3.017110
v 5.174311 -25.800001 -3.007611
v 5.174311 0.000000 -3.007611
f -3 -2 -1
v 5.174311 0.000000 -3.007611
v 5.174311 -25.800001 -3.007611
v 5.087239 0.000000 -3.001904
f -3 -2 -1
v 5.174311 -25.800001 -3.007611
v 5.087239 -25.800001 -3.001904
v 5.087239 0.000000 -3.001904
f -3 -2 -1
v 5.087239 0.000000 -3.001904
v 5.087239 -25.800001 -3.001904
v 5.000000 0.000000 -3.000000
f -3 -2 -1
v 5.087239 -25.800001 -3.001904
v 5.000000 -25.800001 -3.000000
v 5.000000 0.000000 -3.000000
f -3 -2 -1
v 5.000000 0.000000 -3.000000
v 5.000000 -25.800001 -3.000000
v 4.912761 0.000000 -3.001904
f -3 -2 -1
v 5.000000 -25.800001 -3.000000
v 4.912761 -25.800001 -3.001904
v 4.912761 0.000000 -3.001904
f -3 -2 -1
v 4.912761 0.000000 -3.001904
v 4.912761 -25.800001 -3.001904
v 4.825688 0.000000 -3.007611
f -3 -2 -1
v 4.912761 -25.800001 -3.001904
v 4.825688 -25.800001 -3.007611
v 4.825688 0.000000 -3.007611
f -3 -2 -1
v 4.825688 0.000000 -3.007611
v 4.825688 -25.800001 -3.007611
v 4.738948 0.000000 -3.017110
f -3 -2 -1
v 4.825688 -25.800001 -3.007611
v 4.738948 -25.800001 -3.017110
v 4.738948 0.000000 -3.017110
f -3 -2 -1
v 4.738948 0.000000 -3.017110
v 4.738948 -25.800001 -3.017110
v 4.652704 0.000000 -3.030385
f -3 -2 -1
v 4.738948 -25.800001 -3.017110
v 4.652704 -25.800001 -3.030385
v 4.652704 0.000000 -3.030385
f -3 -2 -1
v 4.652704 0.000000 -3.030385
v 4.652704 -25.800001 -3.030385
v 4.567121 0.000000 -3.047408
f -3 -2 -1
v 4.652704 -25.800001 -3.030385
v 4.567121 -25.800001 -3.047408
v 4.567121 0.000000 -3.047408
f -3 -2 -1
v 4.567121 0.000000 -3.047408
v 4.567121 -25.800001 -3.047408
v 4.482362 0.000000 -3.068148
f -3 -2 -1
v 4.567121 -25.800001 -3.047408
v 4.482362 -25.800001 -3.068148
v 4.482362 0.000000 -3.068148
f -3 -2 -1
v 4.482362 0.000000 -3.068148
v 4.482362 -25.800001 -3.068148
v 4.398589 0.000000 -3.092566
f -3 -2 -1
v 4.482362 -25.800001 -3.068148
v 4.398589 -25.800001 -3.092566
v 4.398589 0.000000 -3.092566
f -3 -2 -1
v 4.398589 0.000000 -3.092566
v 4.398589 -25.800001 -3.092566
v 4.315960 0.000000 -3.120615
f -3 -2 -1
v 4.398589 -25.800001 -3.092566
v 4.315960 -25.800001 -3.120615
v 4.315960 0.000000 -3.120615
f -3 -2 -1
v 4.315960 0.000000 -3.120615
v 4.315960 -25.800001 -3.120615
v 4.234633 0.000000 -3.152241
f -3 -2 -1
v 4.315960 -25.800001 -3.120615
v 4.234633 -25.800001 -3.152241
v 4.234633 0.000000 -3.152241
f -3 -2 -1
v 4.234633 0.000000 -3.152241
v 4.234633 -25.800001 -3.152241
v 4.154764 0.000000 -3.187384
f -3 -2 -1
v 4.234633 -25.800001 -3.152241
v 4.154764 -25.800001 -3.187384
v 4.154764 0.000000 -3.187384
f -3 -2 -1
v 4.154764 0.000000 -3.187384
v 4.154764 -25.800001 -3.187384
v 4.076503 0.000000 -3.225978
f -3 -2 -1
v 4.154764 -25.800001 -3.187384
v 4.076503 -25.800001 -3.225978
v 4.076503 0.000000 -3.225978
f -3 -2 -1
v 4.076503 0.000000 -3.225978
v 4.076503 -25.800001 -3.225978
v 4.000000 0.000000 -3.267949
f -3 -2 -1
v 4.076503 -25.800001 -3.225978
v 4.000000 -25.800001 -3.267949
v 4.000000 0.000000 -3.267949
f -3 -2 -1
v 4.000000 0.000000 -3.267949
v 4.000000 -25.800001 -3.267949
v 3.925401 0.000000 -3.313217
f -3 -2 -1
v 4.000000 -25.800001 -3.267949
v 3.925401 -25.800001 -3.313217
v 3.925401 0.000000 -3.313217
f -3 -2 -1
v 3.925401 0.000000 -3.313217
v 3.925401 -25.800001 -3.313217
v 3.852847 0.000000 -3.361696
f -3 -2 -1
v 3.925401 -25.800001 -3.313217
v 3.852847 -25.800001 -3.361696
v 3.852847 0.000000 -3.361696
f -3 -2 -1
v 3.852847 0.000000 -3.361696
v 3.852847 -25.800001 -3.361696
v 3.782477 0.000000 -3.413293
f -3 -2 -1
v 3.852847 -25.800001 -3.361696
v 3.782477 -25.800001 -3.413293
v 3.782477 0.000000 -3.413293
f -3 -2 -1
v 3.782477 0.000000 -3.413293
v 3.782477 -25.800001 -3.413293
v 3.714425 0.000000 -3.467911
f -3 -2 -1
v 3.782477 -25.800001 -3.413293
v 3.714425 -25.800001 -3.467911
v 3.714425 0.000000 -3.467911
f -3 -2 -1
v 3.714425 0.000000 -3.467911
v 3.714425 -25.800001 -3.467911
v 3.648820 0.000000 -3.525445
f -3 -2 -1
v 3.714425 -25.800001 -3.467911
v 3.648820 -25.800001 -3.525445
v 3.648820 0.000000 -3.525445
f -3 -2 -1
v 3.648820 0.000000 -3.525445
v 3.648820 -25.800001 -3.525445
v 3.585786 0.000000 -3.585786
f -3 -2 -1
v 3.648820 -25.800001 -3.525445
v 3.585786 -25.800001 -3.585786
v 3.585786 0.000000 -3.585786
f -3 -2 -1
v 3.585786 0.000000 -3.585786
v 3.585786 -25.800001 -3.585786
v 3.525445 0.000000 -3.648820
f -3 -2 -1
v 3.585786 -25.800001 -3.585786
v 3.525445 -25.800001 -3.648820
v 3.525445 0.000000 -3.648820
f -3 -2 -1
v 3.525445 0.000000 -3.648820
v 3.525445 -25.800001 -3.648820
v 3.467911 0.000000 -3.714425
f -3 -2 -1
v 3.525445 -25.800001 -3.648820
v 3.467911 -25.800001 -3.714425
v 3.467911 0.000000 -3.714425
f -3 -2 -1
v 3.467911 0.000000 -3.714425
v 3.467911 -25.800001 -3.714425
v 3.413293 0.000000 -3.782477
f -3 -2 -1
v 3.467911 -25.800001 -3.714425
v 3.413293 -25.800001 -3.782477
v 3.413293 0.000000 -3.782477
f -3 -2 -1
v 3.413293 0.000000 -3.782477
v 3.413293 -25.800001 -3.782477
v 3.361696 0.000000 -3.852847
f -3 -2 -1
v 3.413293 -25.800001 -3.782477
v 3.361696 -25.800001 -3.852847
v 3.361696 0.000000 -3.852847
f -3 -2 -1
v 3.361696 0.000000 -3.852847
v 3.361696 -25.800001 -3.852847
v 3.313217 0.000000 -3.925401
f -3 -2 -1
v 3.361696 -25.800001 -3.852847
v 3.313217 -25.800001 -3.925401
v 3.313217 0.000000 -3.925401
f -3 -2 -1
v 3.313217 0.000000 -3.925401
v 3.313217 -25.800001 -3.925401
v 3.267949 0.000000 -4.000000
f -3 -2 -1
v 3.313217 -25.800001 -3.925401
v 3.267949 -25.800001 -4.000000
v 3.267949 0.000000 -4.000000
f -3 -2 -1
v 3.267949 0.000000 -4.000000
v 3.267949 -25.800001 -4.000000
v 3.225978 0.000000 -4.076503
f -3 -2 -1
v 3.267949 -25.800001 -4.000000
v 3.225978 -25.800001 -4.076503
v 3.225978 0.000000 -4.076503
f -3 -2 -1
v 3.225978 0.000000 -4.076503
v 3.225978 -25.800001 -4.076503
v 3.187384 0.000000 -4.154764
f -3 -2 -1
v 3.225978 -25.800001 -4.076503
v 3.187384 -25.800001 -4.154764
v 3.187384 0.000000 -4.154764
f -3 -2 -1
v 3.187384 0.000000 -4.154764
v 3.187384 -25.800001 -4.154764
v 3.152241 0.000000 -4.234633
f -3 -2 -1
v 3.187384 -25.800001 -4.154764
v 3.152241 -25.800001 -4.234633
v 3.152241 0.000000 -4.234633
f -3 -2 -1
v 3.152241 0.000000 -4.234633
v 3.152241 -25.800001 -4.234633
v 3.120615 0.000000 -4.315960
f -3 -2 -1
v 3.152241 -25.800001 -4.234633
v 3.120615 -25.800001 -4.315960
v 3.120615 0.000000 -4.315960
f -3 -2 -1
v 3.120615 0.000000 -4.315960
v 3.120615 -25.800001 -4.315960
v 3.092566 0.000000 -4.398589
f -3 -2 -1
v 3.120615 -25.800001 -4.315960
v 3.092566 -25.800001 -4.398589
v 3.092566 0.000000 -4.398589
f -3 -2 -1
v 3.092566 0.000000 -4.398589
v 3.092566 -25.800001 -4.398589
v 3.068148 0.000000 -4.482362
f -3 -2 -1
v 3.092566 -25.800001 -4.398589
v 3.068148 -25.800001 -4.482362
v 3.068148 0.000000 -4.482362
f -3 -2 -1
v 3.068148 0.000000 -4.482362
v 3.068148 -25.800001 -4.482362
v 3.047408 0.000000 -4.567121
f -3 -2 -1
v 3.068148 -25.800001 -4.482362
v 3.047408 -25.800001 -4.567121
v 3.047408 0.000000 -4.567121
f -3 -2 -1
v 3.047408 0.000000 -4.567121
v 3.047408 -25.800001 -4.567121
v 3.030385 0.000000 -4.652704
f -3 -2 -1
v 3.047408 -25.800001 -4.567121
v 3.030385 -25.800001 -4.652704
v 3.030385 0.000000 -4.652704
f -3 -2 -1
v 3.030385 0.000000 -4.652704
v 3.030385 -25.800001 -4.652704
v 3.017110 0.000000 -4.738948
f -3 -2 -1
v 3.030385 -25.800001 -4.652704
v 3.017110 -25.800001 -4.738948
v 3.017110 0.000000 -4.738948
f -3 -2 -1
v 3.017110 0.000000 -4.738948
v 3.017110 -25.800001 -4.738948
v 3.007611 0.000000 -4.825688
f -3 -2 -1
v 3.017110 -25.800001 -4.738948
v 3.007611 -25.800001 -4.825688
v 3.007611 0.000000 -4.825688
f -3 -2 -1
v 3.007611 0.000000 -4.825688
v 3.007611 -25.800001 -4.825688
v 3.001904 0.000000 -4.912761
f -3 -2 -1
v 3.007611 -25.800001 -4.825688
v 3.001904 -25.800001 -4.912761
v 3.001904 0.000000 -4.912761
f -3 -2 -1
v 3.001904 0.000000 -4.912761
v 3.001904 -25.800001 -4.912761
v 3.000000 0.000000 -5.000000
f -3 -2 -1
v 3.001904 -25.800001 -4.912761
v 3.000000 -25.800001 -5.000000
v 3.000000 0.000000 -5.000000
f -3 -2 -1
v 3.000000 0.000000 -5.000000
v 3.000000 -25.800001 -5.000000
v 3.001904 0.000000 -5.087239
f -3 -2 -1
v 3.000000 -25.800001 -5.000000
v 3.001904 -25.800001 -5.087239
v 3.001904 0.000000 -5.087239
f -3 -2 -1
v 3.001904 0.000000 -5.087239
v 3.001904 -25.800001 -5.087239
v 3.007611 0.000000 -5.174311
f -3 -2 -1
v 3.001904 -25.800001 -5.087239
v 3.007611 -25.800001 -5.174311
v 3.007611 0.000000 -5.174311
f -3 -2 -1
v 3.007611 0.000000 -5.174311
v 3.007611 -25.800001 -5.174311
v 3.017110 0.000000 -5.261053
f -3 -2 -1
v 3.007611 -25.800001 -5.174311
v 3.017110 -25.800001 -5.261053
v 3.017110 0.000000 -5.261053
f -3 -2 -1
v 3.017110 0.000000 -5.261053
v 3.017110 -25.800001 -5.261053
v 3.030385 0.000000 -5.347296
f -3 -2 -1
v 3.017110 -25.800001 -5.261053
v 3.030385 -25.800001 -5.347296
v 3.030385 0.000000 -5.347296
f -3 -2 -1
v 3.030385 0.000000 -5.347296
v 3.030385 -25.800001 -5.347296
v 3.047408 0.000000 -5.432879
f -3 -2 -1
v 3.030385 -25.800001 -5.347296
v 3.047408 -25.800001 -5.432879
v 3.047408 0.000000 -5.432879
f -3 -2 -1
v 3.047408 0.000000 -5.432879
v 3.047408 -25.800001 -5.432879
v 3.068148 0.000000 -5.517638
f -3 -2 -1
v 3.047408 -25.800001 -5.432879
v 3.068148 -25.800001 -5.517638
v 3.068148 0.000000 -5.517638
f -3 -2 -1
v 3.068148 0.000000 -5.517638
v 3.068148 -25.800001 -5.517638
v 3.092566 0.000000 -5.601412
f -3 -2 -1
v 3.068148 -25.800001 -5.517638
v 3.092566 -25.800001 -5.601412
v 3.092566 0.000000 -5.601412
f -3 -2 -1
v 3.092566 0.000000 -5.601412
v 3.092566 -25.800001 -5.601412
v 3.120615 0.000000 -5.684041
f -3 -2 -1
v 3.092566 -25.800001 -5.601412
v 3.120615 -25.800001 -5.684041
v 3.120615 0.000000 -5.684041
f -3 -2 -1
v 3.120615 0.000000 -5.684041
v 3.120615 -25.800001 -5.684041
v 3.152241 0.000000 -5.765367
f -3 -2 -1
v 3.120615 -25.800001 -5.684041
v 3.152241 -25.800001 -5.765367
v 3.152241 0.000000 -5.765367
f -3 -2 -1
v 3.152241 0.000000 -5.765367
v 3.152241 -25.800001 -5.765367
v 3.187384 0.000000 -5.845237
f -3 -2 -1
v 3.152241 -25.800001 -5.765367
v 3.187384 -25.800001 -5.845237
v 3.187384 0.000000 -5.845237
f -3 -2 -1
v 3.187384 0.000000 -5.845237
v 3.187384 -25.800001 -5.845237
v 3.225978 0.000000 -5.923497
f -3 -2 -1
v 3.187384 -25.800001 -5.845237
v 3.225978 -25.800001 -5.923497
v 3.225978 0.000000 -5.923497
f -3 -2 -1
v 3.225978 0.000000 -5.923497
v 3.225978 -25.800001 -5.923497
v 3.267949 0.000000 -6.000000
f -3 -2 -1
v 3.225978 -25.800001 -5.923497
v 3.267949 -25.800001 -6.000000
v 3.267949 0.000000 -6.000000
f -3 -2 -1
v 3.267949 0.000000 -6.000000
v 3.267949 -25.800001 -6.000000
v 3.313217 0.000000 -6.074599
f -3 -2 -1
v 3.267949 -25.800001 -6.000000
v 3.313217 -25.800001 -6.074599
v 3.313217 0.000000 -6.074599
f -3 -2 -1
v 3.313217 0.000000 -6.074599
v 3.313217 -25.800001 -6.074599
v 3.361696 0.000000 -6.147153
f -3 -2 -1
v 3.313217 -25.800001 -6.074599
v 3.361696 -25.800001 -6.147153
v 3.361696 0.000000 -6.147153
f -3 -2 -1
v 3.361696 0.000000 -6.147153
v 3.361696 -25.800001 -6.147153
v 3.413293 0.000000 -6.217523
f -3 -2 -1
v 3.361696 -25.800001 -6.147153
v 3.413293 -25.800001 -6.217523
v 3.413293 0.000000 -6.217523
f -3 -2 -1
v 3.413293 0.000000 -6.217523
v 3.413293 -25.800001 -6.217523
v 3.467911 0.000000 -6.285575
f -3 -2 -1
v 3.413293 -25.800001 -6.217523
v 3.467911 -25.800001 -6.285575
v 3.467911 0.000000 -6.285575
f -3 -2 -1
v 3.467911 0.000000 -6.285575
v 3.467911 -25.800001 -6.285575
v 3.525445 0.000000 -6.351181
f -3 -2 -1
v 3.467911 -25.800001 -6.285575
v 3.525445 -25.800001 -6.351181
v 3.525445 0.000000 -6.351181
f -3 -2 -1
v 3.525445 0.000000 -6.351181
v 3.525445 -25.800001 -6.351181
v 3.585786 0.000000 -6.414214
f -3 -2 -1
v 3.525445 -25.800001 -6.351181
v 3.585786 -25.800001 -6.414214
v 3.585786 0.000000 -6.414214
f -3 -2 -1
v 3.585786 0.000000 -6.414214
v 3.585786 -25.800001 -6.414214
v 3.648820 0.000000 -6.474555
f -3 -2 -1
v 3.585786 -25.800001 -6.414214
v 3.648820 -25.800001 -6.474555
v 3.648820 0.000000 -6.474555
f -3 -2 -1
v 3.648820 0.000000 -6.474555
v 3.648820 -25.800001 -6.474555
v 3.714425 0.000000 -6.532089
f -3 -2 -1
v 3.648820 -25.800001 -6.474555
v 3.714425 -25.800001 -6.532089
v 3.714425 0.000000 -6.532089
f -3 -2 -1
v 3.714425 0.000000 -6.532089
v 3.714425 -25.800001 -6.532089
v 3.782477 0.000000 -6.586707
f -3 -2 -1
v 3.714425 -25.800001 -6.532089
v 3.782477 -25.800001 -6.586707
v 3.782477 0.000000 -6.586707
f -3 -2 -1
v 3.782477 0.000000 -6.586707
v 3.782477 -25.800001 -6.586707
v 3.852847 0.000000 -6.638304
f -3 -2 -1
v 3.782477 -25.800001 -6.586707
v 3.852847 -25.800001 -6.638304
v 3.852847 0.000000 -6.638304
f -3 -2 -1
v 3.852847 0.000000 -6.638304
v 3.852847 -25.800001 -6.638304
v 3.925401 0.000000 -6.686783
f -3 -2 -1
v 3.852847 -25.800001 -6.638304
v 3.925401 -25.800001 -6.686783
v 3.925401 0.000000 -6.686783
f -3 -2 -1
v 3.925401 0.000000 -6.686783
v 3.925401 -25.800001 -6.686783
v 4.000000 0.000000 -6.732051
f -3 -2 -1
v 3.925401 -25.800001 -6.686783
v 4.000000 -25.800001 -6.732051
v 4.000000 0.000000 -6.732051
f -3 -2 -1
v 4.000000 0.000000 -6.732051
v 4.000000 -25.800001 -6.732051
v 4.076503 0.000000 -6.774022
f -3 -2 -1
v 4.000000 -25.800001 -6.732051
v 4.076503 -25.800001 -6.774022
v 4.076503 0.000000 -6.774022
f -3 -2 -1
v 4.076503 0.000000 -6.774022
v 4.076503 -25.800001 -6.774022
v 4.154764 0.000000 -6.812616
f -3 -2 -1
v 4.076503 -25.800001 -6.774022
v 4.154764 -25.800001 -6.812616
v 4.154764 0.000000 -6.812616
f -3 -2 -1
v 4.154764 0.000000 -6.812616
v 4.154764 -25.800001 -6.812616
v 4.234633 0.000000 -6.847759
f -3 -2 -1
v 4.154764 -25.800001 -6.812616
v 4.234633 -25.800001 -6.847759
v 4.234633 0.000000 -6.847759
f -3 -2 -1
v 4.234633 0.000000 -6.847759
v 4.234633 -25.800001 -6.847759
v 4.315960 0.000000 -6.879385
f -3 -2 -1
v 4.234633 -25.800001 -6.847759
v 4.315960 -25.800001 -6.879385
v 4.315960 0.000000 -6.879385
f -3 -2 -1
v 4.315960 0.000000 -6.879385
v 4.315960 -25.800001 -6.879385
v 4.398589 0.000000 -6.907434
f -3 -2 -1
v 4.315960 -25.800001 -6.879385
v 4.398589 -25.800001 -6.907434
v 4.398589 0.000000 -6.907434
f -3 -2 -1
v 4.398589 0.000000 -6.907434
v 4.398589 -25.800001 -6.907434
v 4.482362 0.000000 -6.931851
f -3 -2 -1
v 4.398589 -25.800001 -6.907434
v 4.482362 -25.800001 -6.931851
v 4.482362 0.000000 -6.931851
f -3 -2 -1
v 4.482362 0.000000 -6.931851
v 4.482362 -25.800001 -6.931851
v 4.567121 0.000000 -6.952592
f -3 -2 -1
v 4.482362 -25.800001 -6.931851
v 4.567121 -25.800001 -6.952592
v 4.567121 0.000000 -6.952592
f -3 -2 -1
v 4.567121 0.000000 -6.952592
v 4.567121 -25.800001 -6.952592
v 4.652704 0.000000 -6.969615
f -3 -2 -1
v 4.567121 -25.800001 -6.952592
v 4.652704 -25.800001 -6.969615
v 4.652704 0.000000 -6.969615
f -3 -2 -1
v 4.652704 0.000000 -6.969615
v 4.652704 -25.800001 -6.969615
v 4.738948 0.000000 -6.982890
f -3 -2 -1
v 4.652704 -25.800001 -6.969615
v 4.738948 -25.800001 -6.982890
v 4.738948 0.000000 -6.982890
f -3 -2 -1
v 4.738948 0.000000 -6.982890
v 4.738948 -25.800001 -6.982890
v 4.825688 0.000000 -6.992390
f -3 -2 -1
v 4.738948 -25.800001 -6.982890
v 4.825688 -25.800001 -6.992390
v 4.825688 0.000000 -6.992390
f -3 -2 -1
v 4.825688 0.000000 -6.992390
v 4.825688 -25.800001 -6.992390
v 4.912761 0.000000 -6.998096
f -3 -2 -1
v 4.825688 -25.800001 -6.992390
v 4.912761 -25.800001 -6.998096
v 4.912761 0.000000 -6.998096
f -3 -2 -1
v 4.912761 0.000000 -6.998096
v 4.912761 -25.800001 -6.998096
v 5.000000 0.000000 -7.000000
f -3 -2 -1
v 4.912761 -25.800001 -6.998096
v 5.000000 -25.800001 -7.000000
v 5.000000 0.000000 -7.000000
f -3 -2 -1
v 1.800000 -25.800001 -45.741302
v 1.800000 -25.800001 -48.936722
v 1.800000 0.000000 -45.741302
f -3 -2 -1
v 1.800000 -25.800001 -48.936722
v 1.800000 0.000000 -48.936722
v 1.800000 0.000000 -45.741302
f -3 -2 -1
v 22.974243 0.000000 -65.792961
v 22.974243 -25.800001 -65.792961
v 1.800000 0.000000 -51.357292
f -3 -2 -1
v 22.974243 -25.800001 -65.792961
v 1.800000 -25.800001 -51.357292
v 1.800000 0.000000 -51.357292
f -3 -2 -1
